request_id,media_id,split,event_label,sample_role,scenario_id,group_id,image_sha256,predicted_status,predicted_binary_alert,evidence,response_nonempty,thinking_present,http_ok,json_ok,schema_ok,canonical_ok,attempt_count,latency_seconds,done,done_reason,eval_count,is_correct,error_type,real_person,support_surface,torso_pelvis_state,active_nonlying_support,nonlying_posture_type,direct_status,direct_alert,rule_status,rule_alert,direct_is_correct,rule_is_correct,structured_conflict,conflict_reason,rule_canonical_ok,decision_variant,variant_source_stream
P3_SCREEN_S1_STRUCTURED_20260827_114003_001,IMG_003702,DEV,0,hard_negative,pf_v2_aigc_h01-sitting-on-floor,pf_v2_aigc_h01-sitting-on-floor,5f82ee8030a64dfae05bb4583c289b09c8ebc33280dc2f6e4a53a10bbb60b2fc,positive,true,"A real person is lying horizontally on the industrial floor without active support, forming a prone body state on an abnormal non-rest surface.",true,false,true,true,true,true,1,9.210637,true,stop,106,false,,yes,abnormal_non_rest_surface,lying,no,none,positive,true,positive,true,false,false,false,,true,S1_DIRECT,S1_STRUCTURED
P3_SCREEN_S1_STRUCTURED_20260827_114003_002,IMG_003703,DEV,0,hard_negative,pf_v2_aigc_h01-sitting-on-floor,pf_v2_aigc_h01-sitting-on-floor,5e18806b0d663d3a7b16e0bf3564749c245323f6fc828cd80add4c68d279c87f,negative,false,"A real person is sitting upright on a floor with legs bent and hands resting on knees, maintaining a stable non-lying posture.",true,false,true,true,true,true,1,2.357488,true,stop,109,true,,yes,abnormal_non_rest_surface,nonlying,yes,seated,negative,false,negative,false,true,true,false,,true,S1_DIRECT,S1_STRUCTURED
P3_SCREEN_S1_STRUCTURED_20260827_114003_003,IMG_003704,DEV,0,hard_negative,pf_v2_aigc_h01-sitting-on-floor,pf_v2_aigc_h01-sitting-on-floor,27d688b997b3048bf57efd35520fa34bd3adccda66575f1ddb0bcc298629ce4b,negative,false,"A real person is sitting on the floor in a squatting/crouching posture, supported by their buttocks and legs, which is a stable non-lying posture.",true,false,true,true,true,true,1,2.632348,true,stop,122,true,,yes,abnormal_non_rest_surface,nonlying,yes,squatting_or_crouching,negative,false,negative,false,true,true,false,,true,S1_DIRECT,S1_STRUCTURED
P3_SCREEN_S1_STRUCTURED_20260827_114003_004,IMG_003705,DEV,0,hard_negative,pf_v2_aigc_h01-sitting-on-floor,pf_v2_aigc_h01-sitting-on-floor,4bca926036b8d0324b411c6828586467b408df92eb1db27af3b8dd25bf443e17,positive,true,"A real person is lying horizontally on a hospital corridor floor, supported only by their back against the wall with no active non-lying support.",true,false,true,true,true,true,1,2.024353,true,stop,108,false,,yes,abnormal_non_rest_surface,lying,no,none,positive,true,positive,true,false,false,false,,true,S1_DIRECT,S1_STRUCTURED
P3_SCREEN_S1_STRUCTURED_20260827_114003_005,IMG_003706,DEV,0,hard_negative,pf_v2_aigc_h01-sitting-on-floor,pf_v2_aigc_h01-sitting-on-floor,2b6115e018583759cfe5df4bd1fcd315bb592af2d089c3a701da59fbbbf0e6e0,positive,true,A real person is lying horizontally on a corridor floor (abnormal non-rest surface) with no active support structure maintaining a non-lying posture.,true,false,true,true,true,true,1,2.256151,true,stop,109,false,,yes,abnormal_non_rest_surface,lying,no,none,positive,true,positive,true,false,false,false,,true,S1_DIRECT,S1_STRUCTURED
P3_SCREEN_S1_STRUCTURED_20260827_114003_006,IMG_003707,DEV,0,hard_negative,pf_v2_aigc_h01-sitting-on-floor,pf_v2_aigc_h01-sitting-on-floor,73bc09ee9ef0fd6bbb582bbe0db98cd4469f12a8834626f5fa2cc0b71ba6acbd,negative,false,"A real person is sitting upright on the floor with buttocks and legs supporting their weight, which is a stable non-lying posture.",true,false,true,true,true,true,1,2.133112,true,stop,110,true,,yes,abnormal_non_rest_surface,nonlying,yes,seated,negative,false,negative,false,true,true,false,,true,S1_DIRECT,S1_STRUCTURED
P3_SCREEN_S1_STRUCTURED_20260827_114003_007,IMG_003708,DEV,0,hard_negative,pf_v2_aigc_h01-sitting-on-floor,pf_v2_aigc_h01-sitting-on-floor,aebf6050b3fb73755b48cad44728ca0f55ae95c078047887335bcfcc57776c47,positive,true,A real person is lying horizontally on the floor (abnormal non-rest surface) with no active support structure maintaining a non-lying posture.,true,false,true,true,true,true,1,2.244823,true,stop,108,false,,yes,abnormal_non_rest_surface,lying,no,none,positive,true,positive,true,false,false,false,,true,S1_DIRECT,S1_STRUCTURED
P3_SCREEN_S1_STRUCTURED_20260827_114003_008,IMG_003709,DEV,0,hard_negative,pf_v2_aigc_h01-sitting-on-floor,pf_v2_aigc_h01-sitting-on-floor,d9f51b8ff2d02493d7ecd7d16b28d4480d32456bbd87bf21b040cc6b3d4eeb33,positive,true,A real person is lying horizontally on the floor (abnormal non-rest surface) with no active support structure visible.,true,false,true,true,true,true,1,2.146101,true,stop,103,false,,yes,abnormal_non_rest_surface,lying,no,none,positive,true,positive,true,false,false,false,,true,S1_DIRECT,S1_STRUCTURED
P3_SCREEN_S1_STRUCTURED_20260827_114003_009,IMG_003710,DEV,0,hard_negative,pf_v2_aigc_h01-sitting-on-floor,pf_v2_aigc_h01-sitting-on-floor,b18857cefb35aee71924a5cca2bd68a70cb29e28e5ec82e53e447f3301f1da13,negative,false,"A real person is sitting upright on a road surface, supported by their buttocks and hands, which constitutes a stable non-lying posture.",true,false,true,true,true,true,1,2.230735,true,stop,111,true,,yes,abnormal_non_rest_surface,nonlying,yes,seated,negative,false,negative,false,true,true,false,,true,S1_DIRECT,S1_STRUCTURED
P3_SCREEN_S1_STRUCTURED_20260827_114003_010,IMG_003711,DEV,0,hard_negative,pf_v2_aigc_h01-sitting-on-floor,pf_v2_aigc_h01-sitting-on-floor,5785e793610f7f7677b6c4d9b947c828a4e56e2d327d06adba47f377dfb5dc43,negative,false,"A real person is sitting on the floor with legs extended, actively supporting a non-lying posture, which is a stable non-lying state.",true,false,true,true,true,true,1,2.380548,true,stop,112,true,,yes,abnormal_non_rest_surface,nonlying,yes,seated,negative,false,negative,false,true,true,false,,true,S1_DIRECT,S1_STRUCTURED
P3_SCREEN_S1_STRUCTURED_20260827_114003_011,IMG_003752,DEV,0,hard_negative,pf_v2_aigc_h06-squatting,pf_v2_aigc_h06-squatting,9d51842db456f20284d6d821eea6fc180cf491666bb736d8adecd47b93d88344,negative,false,"A real person is squatting/crouching on an industrial floor, supported by knees and feet, in a stable non-lying posture.",true,false,true,true,true,true,1,2.297725,true,stop,116,true,,yes,abnormal_non_rest_surface,nonlying,yes,squatting_or_crouching,negative,false,negative,false,true,true,false,,true,S1_DIRECT,S1_STRUCTURED
P3_SCREEN_S1_STRUCTURED_20260827_114003_012,IMG_003753,DEV,0,hard_negative,pf_v2_aigc_h06-squatting,pf_v2_aigc_h06-squatting,21e39b5f62d3e42f57b1f4a6eb3d6e2de4b48a193a7508edd3dc2914c62b7452,negative,false,"A real person is squatting/crouching on an industrial floor, actively supported by knees and feet, maintaining a stable non-lying posture.",true,false,true,true,true,true,1,17.026398,true,stop,117,true,,yes,abnormal_non_rest_surface,nonlying,yes,squatting_or_crouching,negative,false,negative,false,true,true,false,,true,S1_DIRECT,S1_STRUCTURED
P3_SCREEN_S1_STRUCTURED_20260827_114003_013,IMG_003754,DEV,0,hard_negative,pf_v2_aigc_h06-squatting,pf_v2_aigc_h06-squatting,4db498f7d89028b884b3ad72b466542296ceea8b6434cec90c51d30a21bdcd22,negative,false,"A person is squatting/crouching on the floor, maintaining a stable non-lying posture with active support from their legs and hands.",true,false,true,true,true,true,1,21.831893,true,stop,116,true,,yes,abnormal_non_rest_surface,nonlying,yes,squatting_or_crouching,negative,false,negative,false,true,true,false,,true,S1_DIRECT,S1_STRUCTURED
P3_SCREEN_S1_STRUCTURED_20260827_114003_014,IMG_003755,DEV,0,hard_negative,pf_v2_aigc_h06-squatting,pf_v2_aigc_h06-squatting,5f443d6393dbe2f28eb5fa6a524207ee05b4d6e0649b8ef7fb3096a7391d9ee3,negative,false,"A real person is squatting/crouching on a corridor floor, actively supporting their body with hands and knees, which is a stable non-lying posture.",true,false,true,true,true,true,1,17.022090,true,stop,120,true,,yes,abnormal_non_rest_surface,nonlying,yes,squatting_or_crouching,negative,false,negative,false,true,true,false,,true,S1_DIRECT,S1_STRUCTURED
P3_SCREEN_S1_STRUCTURED_20260827_114003_015,IMG_003756,DEV,0,hard_negative,pf_v2_aigc_h06-squatting,pf_v2_aigc_h06-squatting,0677f623922ae8c0833c4608b442c97f115863391363ec031746984b2a1f7bcc,negative,false,"A real person is squatting/crouching on a corridor floor, actively supported by knees and feet, not lying.",true,false,true,true,true,true,1,2.272235,true,stop,112,true,,yes,abnormal_non_rest_surface,nonlying,yes,squatting_or_crouching,negative,false,negative,false,true,true,false,,true,S1_DIRECT,S1_STRUCTURED
P3_SCREEN_S1_STRUCTURED_20260827_114003_016,IMG_003757,DEV,0,hard_negative,pf_v2_aigc_h06-squatting,pf_v2_aigc_h06-squatting,0701ddbdd49380437869cac2251251f3aa0b305fca47da6de7c2fa171e582854,negative,false,"A real person is squatting/crouching on the floor, supported by their legs and hands, maintaining a stable non-lying posture.",true,false,true,true,true,true,1,2.326360,true,stop,116,true,,yes,abnormal_non_rest_surface,nonlying,yes,squatting_or_crouching,negative,false,negative,false,true,true,false,,true,S1_DIRECT,S1_STRUCTURED
P3_SCREEN_S1_STRUCTURED_20260827_114003_017,IMG_003758,DEV,0,hard_negative,pf_v2_aigc_h06-squatting,pf_v2_aigc_h06-squatting,02d0518049b36e6c2705a4571f7092c9c48fd6f79e4979e7771788eb9107f992,negative,false,"A real person is squatting/crouching on an industrial floor, supported by knees and feet, maintaining a stable non-lying posture.",true,false,true,true,true,true,1,2.244090,true,stop,116,true,,yes,abnormal_non_rest_surface,nonlying,yes,squatting_or_crouching,negative,false,negative,false,true,true,false,,true,S1_DIRECT,S1_STRUCTURED
P3_SCREEN_S1_STRUCTURED_20260827_114003_018,IMG_003759,DEV,0,hard_negative,pf_v2_aigc_h06-squatting,pf_v2_aigc_h06-squatting,30bae33ef6a87738d1ee9d7d6ce2d42944cd954b3f4062fd6de26355e168188b,negative,false,"A person is squatting/crouching on the floor, actively supporting their body with hands and legs, not lying down.",true,false,true,true,true,true,1,18.707253,true,stop,113,true,,yes,abnormal_non_rest_surface,nonlying,yes,squatting_or_crouching,negative,false,negative,false,true,true,false,,true,S1_DIRECT,S1_STRUCTURED
P3_SCREEN_S1_STRUCTURED_20260827_114003_019,IMG_003760,DEV,0,hard_negative,pf_v2_aigc_h06-squatting,pf_v2_aigc_h06-squatting,549d55d23c0e591fd1d4500c7b2ead5eb5f4f6657d9d5bad963feac31c5a9b2f,negative,false,"A real person is squatting/crouching on a concrete floor, actively supporting their body with knees and hands, not lying.",true,false,true,true,true,true,1,22.183683,true,stop,114,true,,yes,abnormal_non_rest_surface,nonlying,yes,squatting_or_crouching,negative,false,negative,false,true,true,false,,true,S1_DIRECT,S1_STRUCTURED
P3_SCREEN_S1_STRUCTURED_20260827_114003_020,IMG_003761,DEV,0,hard_negative,pf_v2_aigc_h06-squatting,pf_v2_aigc_h06-squatting,e94ff2a0fe9a16ac49da733e32db3d60fa436f385d1fcb0188577a76ff65c6ac,negative,false,"A real person is squatting/crouching on the floor, actively supporting their body with legs and hands, not lying.",true,false,true,true,true,true,1,18.387256,true,stop,113,true,,yes,abnormal_non_rest_surface,nonlying,yes,squatting_or_crouching,negative,false,negative,false,true,true,false,,true,S1_DIRECT,S1_STRUCTURED
P3_SCREEN_S1_STRUCTURED_20260827_114003_021,IMG_003792,DEV,0,hard_negative,pf_v2_aigc_h10-exercise-push-up-plank,pf_v2_aigc_h10-exercise-push-up-plank,89f0c6b751a3fc4538d934f18cbf75abc3b6719bcade4b0b531c203e44d721c3,positive,true,"A real person is lying prone on an industrial floor, supported only by their hands and feet, with no active non-lying support structure.",true,false,true,true,true,true,1,2.373280,true,stop,108,false,,yes,abnormal_non_rest_surface,lying,no,none,positive,true,positive,true,false,false,false,,true,S1_DIRECT,S1_STRUCTURED
P3_SCREEN_S1_STRUCTURED_20260827_114003_022,IMG_003793,DEV,0,hard_negative,pf_v2_aigc_h10-exercise-push-up-plank,pf_v2_aigc_h10-exercise-push-up-plank,3e4d7e5fe90a8a30bf63a219aa6473320f0776546f99aee49410053e6c32e758,positive,true,"A real person is lying prone on an industrial floor, supported only by hands and forearms in a plank position, which constitutes a lying body state on an abnormal non-rest surface.",true,false,true,true,true,true,1,2.495780,true,stop,116,false,,yes,abnormal_non_rest_surface,lying,no,none,positive,true,positive,true,false,false,false,,true,S1_DIRECT,S1_STRUCTURED
P3_SCREEN_S1_STRUCTURED_20260827_114003_023,IMG_003794,DEV,0,hard_negative,pf_v2_aigc_h10-exercise-push-up-plank,pf_v2_aigc_h10-exercise-push-up-plank,5fde9a687c2d7bab3e19ccc3071680f7ba5a21eaa665cb144f86ab38ab1ab627,positive,true,"A real person is lying prone on a carpeted floor in a corridor, supported only by hands and feet in a plank-like exercise posture.",true,false,true,true,true,true,1,2.220458,true,stop,108,false,,yes,abnormal_non_rest_surface,lying,no,none,positive,true,positive,true,false,false,false,,true,S1_DIRECT,S1_STRUCTURED
P3_SCREEN_S1_STRUCTURED_20260827_114003_024,IMG_003795,DEV,0,hard_negative,pf_v2_aigc_h10-exercise-push-up-plank,pf_v2_aigc_h10-exercise-push-up-plank,703e735086d99182053612c80c9c6ea191cce537dfeb1d2c61626e6efb394b1b,positive,true,"A real person is lying prone on a yoga mat placed on a corridor floor, which is an abnormal non-rest surface.",true,false,true,true,true,true,1,2.262672,true,stop,104,false,,yes,abnormal_non_rest_surface,lying,no,none,positive,true,positive,true,false,false,false,,true,S1_DIRECT,S1_STRUCTURED
P3_SCREEN_S1_STRUCTURED_20260827_114003_025,IMG_003796,DEV,0,hard_negative,pf_v2_aigc_h10-exercise-push-up-plank,pf_v2_aigc_h10-exercise-push-up-plank,57174e902bab4a4d1477fdb6ec7ffa0c7a7458cf89db796153745afe4ffbb19c,positive,true,"A real person is lying prone on a corridor floor, which is an abnormal non-rest surface, with no active support structure maintaining a non-lying posture.",true,false,true,true,true,true,1,2.122421,true,stop,111,false,,yes,abnormal_non_rest_surface,lying,no,none,positive,true,positive,true,false,false,false,,true,S1_DIRECT,S1_STRUCTURED
P3_SCREEN_S1_STRUCTURED_20260827_114003_026,IMG_003797,DEV,0,hard_negative,pf_v2_aigc_h10-exercise-push-up-plank,pf_v2_aigc_h10-exercise-push-up-plank,b9a1657ef4ebf2367368ce7885465511ce790a08431195cf4714d84018599f74,positive,true,"A real person is lying prone on a corridor floor, supported only by hands and feet in a plank position, which constitutes a lying body state on an abnormal non-rest surface.",true,false,true,true,true,true,1,2.266407,true,stop,115,false,,yes,abnormal_non_rest_surface,lying,no,none,positive,true,positive,true,false,false,false,,true,S1_DIRECT,S1_STRUCTURED
P3_SCREEN_S1_STRUCTURED_20260827_114003_027,IMG_003798,DEV,0,hard_negative,pf_v2_aigc_h10-exercise-push-up-plank,pf_v2_aigc_h10-exercise-push-up-plank,fd83f0b1328d4a65b2fd7492af0781dcc050a19361b41e7a19d46a9630fff142,positive,true,"A real person is lying prone on a grey mat on the industrial floor, with no active support structure maintaining a non-lying posture.",true,false,true,true,true,true,1,2.308336,true,stop,107,false,,yes,abnormal_non_rest_surface,lying,no,none,positive,true,positive,true,false,false,false,,true,S1_DIRECT,S1_STRUCTURED
P3_SCREEN_S1_STRUCTURED_20260827_114003_028,IMG_003799,DEV,0,hard_negative,pf_v2_aigc_h10-exercise-push-up-plank,pf_v2_aigc_h10-exercise-push-up-plank,1c9d75f4a8dfc096708c8977808fe92a4f8a9cca8ef2b3b140770ba7d4b5c60f,positive,true,"A real person is lying prone on a concrete floor in a parking garage, which is an abnormal non-rest surface.",true,false,true,true,true,true,1,2.152489,true,stop,103,false,,yes,abnormal_non_rest_surface,lying,no,none,positive,true,positive,true,false,false,false,,true,S1_DIRECT,S1_STRUCTURED
P3_SCREEN_S1_STRUCTURED_20260827_114003_029,IMG_003800,DEV,0,hard_negative,pf_v2_aigc_h10-exercise-push-up-plank,pf_v2_aigc_h10-exercise-push-up-plank,d687192e8099815b736d2f895e63bfa75411bb0b7585600eaa1dc22edd2978d4,negative,false,"A real person is performing a push-up exercise on a concrete floor, supported by hands and feet in a stable non-lying posture.",true,false,true,true,true,true,1,2.135388,true,stop,110,true,,yes,abnormal_non_rest_surface,nonlying,yes,exercise_supported,negative,false,negative,false,true,true,false,,true,S1_DIRECT,S1_STRUCTURED
P3_SCREEN_S1_STRUCTURED_20260827_114003_030,IMG_003801,DEV,0,hard_negative,pf_v2_aigc_h10-exercise-push-up-plank,pf_v2_aigc_h10-exercise-push-up-plank,4d7aa71171de2ca38a44896049251c1dbf4395c8907cb6e4cd169e9356424456,positive,true,"A real person is lying prone on a blue mat on the floor, which is an abnormal non-rest surface.",true,false,true,true,true,true,1,2.006199,true,stop,102,false,,yes,abnormal_non_rest_surface,lying,no,none,positive,true,positive,true,false,false,false,,true,S1_DIRECT,S1_STRUCTURED
P3_SCREEN_S1_STRUCTURED_20260827_114003_031,IMG_003802,DEV,0,hard_negative,pf_v2_aigc_h11-crawling-under-equipment-inspection,pf_v2_aigc_h11-crawling-under-equipment-inspection,cac451940fc64ddced44b15628f08b7618922521d8da412d5deaedadf876a3a2,negative,false,"A real person is kneeling on an industrial floor, supported by hands and knees, maintaining a stable non-lying posture.",true,false,true,true,true,true,1,2.232210,true,stop,108,true,,yes,abnormal_non_rest_surface,nonlying,yes,kneeling,negative,false,negative,false,true,true,false,,true,S1_DIRECT,S1_STRUCTURED
P3_SCREEN_S1_STRUCTURED_20260827_114003_032,IMG_003803,DEV,0,hard_negative,pf_v2_aigc_h11-crawling-under-equipment-inspection,pf_v2_aigc_h11-crawling-under-equipment-inspection,ef729088133e5ad62aad99296acd23ad386b3cdcfb2531a05fd42e3761149ea0,positive,true,"A real person is lying prone on a concrete industrial floor, supported only by their hands and knees, with torso and pelvis in a collapsed horizontal state.",true,false,true,true,true,true,1,2.241007,true,stop,111,false,,yes,abnormal_non_rest_surface,lying,no,none,positive,true,positive,true,false,false,false,,true,S1_DIRECT,S1_STRUCTURED
P3_SCREEN_S1_STRUCTURED_20260827_114003_033,IMG_003804,DEV,0,hard_negative,pf_v2_aigc_h11-crawling-under-equipment-inspection,pf_v2_aigc_h11-crawling-under-equipment-inspection,1db53aef77ba24f7d2cd4f78fe254555ec844ac3258796d8cd88825b7d1b0f1d,positive,true,"A real person is lying prone on a carpeted floor in a corridor, supported only by their hands and feet, with no active non-lying support structure.",true,false,true,true,true,true,1,2.170537,true,stop,112,false,,yes,abnormal_non_rest_surface,lying,no,none,positive,true,positive,true,false,false,false,,true,S1_DIRECT,S1_STRUCTURED
P3_SCREEN_S1_STRUCTURED_20260827_114003_034,IMG_003805,DEV,0,hard_negative,pf_v2_aigc_h11-crawling-under-equipment-inspection,pf_v2_aigc_h11-crawling-under-equipment-inspection,4abbcee850e7c6b0ed6e043cae4a10892e5502f0705fd8bf2bce014ee8ad9c27,negative,false,"A real person is kneeling on a hospital corridor floor, supported by hands and knees, which is a stable non-lying posture.",true,false,true,true,true,true,1,2.159236,true,stop,110,true,,yes,abnormal_non_rest_surface,nonlying,yes,kneeling,negative,false,negative,false,true,true,false,,true,S1_DIRECT,S1_STRUCTURED
P3_SCREEN_S1_STRUCTURED_20260827_114003_035,IMG_003806,DEV,0,hard_negative,pf_v2_aigc_h11-crawling-under-equipment-inspection,pf_v2_aigc_h11-crawling-under-equipment-inspection,8820768b55dd9b07c8d0589459ca0a8e5ee5404ee710ad1930f0084083825031,positive,true,"A real person is lying prone on the floor with hands supporting the torso, forming a horizontal body state on an abnormal non-rest surface.",true,false,true,true,true,true,1,2.330703,true,stop,107,false,,yes,abnormal_non_rest_surface,lying,no,none,positive,true,positive,true,false,false,false,,true,S1_DIRECT,S1_STRUCTURED
P3_SCREEN_S1_STRUCTURED_20260827_114003_036,IMG_003807,DEV,0,hard_negative,pf_v2_aigc_h11-crawling-under-equipment-inspection,pf_v2_aigc_h11-crawling-under-equipment-inspection,4e023daecd3b5953c668f2e9da36cc495d266016b85340172fac47ecd98715b1,negative,false,"A real person is kneeling on a corridor floor, supported by hands and knees, which is a stable non-lying posture.",true,false,true,true,true,true,1,2.172783,true,stop,109,true,,yes,abnormal_non_rest_surface,nonlying,yes,kneeling,negative,false,negative,false,true,true,false,,true,S1_DIRECT,S1_STRUCTURED
P3_SCREEN_S1_STRUCTURED_20260827_114003_037,IMG_003808,DEV,0,hard_negative,pf_v2_aigc_h11-crawling-under-equipment-inspection,pf_v2_aigc_h11-crawling-under-equipment-inspection,209808e39feff002661292876bd8f31539dcefb64653374cb63e4ede8437cf9e,positive,true,A real person is lying prone on the floor in a laboratory corridor.,true,false,true,true,true,true,1,2.107724,true,stop,94,false,,yes,abnormal_non_rest_surface,lying,no,none,positive,true,positive,true,false,false,false,,true,S1_DIRECT,S1_STRUCTURED
P3_SCREEN_S1_STRUCTURED_20260827_114003_038,IMG_003809,DEV,0,hard_negative,pf_v2_aigc_h11-crawling-under-equipment-inspection,pf_v2_aigc_h11-crawling-under-equipment-inspection,06415ce063427d056e000e1530439daae92a6f45181f587e1672d2585c20ad55,positive,true,A real person is lying prone on a concrete floor surface without active support.,true,false,true,true,true,true,1,2.213201,true,stop,95,false,,yes,abnormal_non_rest_surface,lying,no,none,positive,true,positive,true,false,false,false,,true,S1_DIRECT,S1_STRUCTURED
P3_SCREEN_S1_STRUCTURED_20260827_114003_039,IMG_003810,DEV,0,hard_negative,pf_v2_aigc_h11-crawling-under-equipment-inspection,pf_v2_aigc_h11-crawling-under-equipment-inspection,9bdccc82d49745c8bbacebf0606e6b4383e9e62829d105a7d8a6a4128f79ebaf,positive,true,A real person is lying prone on the ground (abnormal non-rest surface) with no active support structure maintaining a non-lying posture.,true,false,true,true,true,true,1,2.263722,true,stop,108,false,,yes,abnormal_non_rest_surface,lying,no,none,positive,true,positive,true,false,false,false,,true,S1_DIRECT,S1_STRUCTURED
P3_SCREEN_S1_STRUCTURED_20260827_114003_040,IMG_003811,DEV,0,hard_negative,pf_v2_aigc_h11-crawling-under-equipment-inspection,pf_v2_aigc_h11-crawling-under-equipment-inspection,d32e9013a0df3097fd0c3d9613f5fa347bbbea3c542225f88ff571cb61a42c38,negative,false,"A real person is kneeling on the floor with hands and knees supporting an upright posture, not lying.",true,false,true,true,true,true,1,2.193482,true,stop,104,true,,yes,abnormal_non_rest_surface,nonlying,yes,kneeling,negative,false,negative,false,true,true,false,,true,S1_DIRECT,S1_STRUCTURED
P3_SCREEN_S1_STRUCTURED_20260827_114003_041,IMG_003892,DEV,0,negative,pf_v2_aigc_n02-normal-walking,pf_v2_aigc_n02-normal-walking,84620ef986b653f83fe4161a06054c03b14bfde35ca3588d66b6dcdfeb104929,negative,false,"A real person is walking upright on an industrial floor, maintaining a stable non-lying posture with active support from legs and feet.",true,false,true,true,true,true,1,2.340329,true,stop,112,true,,yes,abnormal_non_rest_surface,nonlying,yes,upright_or_walking,negative,false,negative,false,true,true,false,,true,S1_DIRECT,S1_STRUCTURED
P3_SCREEN_S1_STRUCTURED_20260827_114003_042,IMG_003893,DEV,0,negative,pf_v2_aigc_n02-normal-walking,pf_v2_aigc_n02-normal-walking,2a5c2d55fe21dcfb62d6193ee70d56c16a38f892c0ca6991f871e9220a1e4114,negative,false,Two real people are walking upright on an industrial floor corridor; no one is lying down.,true,false,true,true,true,true,1,2.253226,true,stop,104,true,,yes,abnormal_non_rest_surface,nonlying,yes,upright_or_walking,negative,false,negative,false,true,true,false,,true,S1_DIRECT,S1_STRUCTURED
P3_SCREEN_S1_STRUCTURED_20260827_114003_043,IMG_003894,DEV,0,negative,pf_v2_aigc_n02-normal-walking,pf_v2_aigc_n02-normal-walking,df7262d5f0764ffcdeac7c699684178eace0c41aa85f58c6b96a19726c2938a5,negative,false,"Two people are walking upright on a corridor floor, maintaining stable non-lying postures.",true,false,true,true,true,true,1,2.302426,true,stop,104,true,,yes,abnormal_non_rest_surface,nonlying,yes,upright_or_walking,negative,false,negative,false,true,true,false,,true,S1_DIRECT,S1_STRUCTURED
P3_SCREEN_S1_STRUCTURED_20260827_114003_044,IMG_003895,DEV,0,negative,pf_v2_aigc_n02-normal-walking,pf_v2_aigc_n02-normal-walking,fc149aaea8829ea06f3ed12651debf67d1b41ee5405a8479d2855176ad1207f8,negative,false,Two real people are walking upright on a corridor floor; neither is lying down.,true,false,true,true,true,true,1,2.265908,true,stop,102,true,,yes,abnormal_non_rest_surface,nonlying,yes,upright_or_walking,negative,false,negative,false,true,true,false,,true,S1_DIRECT,S1_STRUCTURED
P3_SCREEN_S1_STRUCTURED_20260827_114003_045,IMG_003896,DEV,0,negative,pf_v2_aigc_n02-normal-walking,pf_v2_aigc_n02-normal-walking,3ea5da470a7ca94ea0f92d87746573becb0e70b5d600f444a579417cca00be40,negative,false,"A real person is walking upright on a corridor floor, maintaining a stable non-lying posture with active support.",true,false,true,true,true,true,1,2.152337,true,stop,108,true,,yes,abnormal_non_rest_surface,nonlying,yes,upright_or_walking,negative,false,negative,false,true,true,false,,true,S1_DIRECT,S1_STRUCTURED
P3_SCREEN_S1_STRUCTURED_20260827_114003_046,IMG_003897,DEV,0,negative,pf_v2_aigc_n02-normal-walking,pf_v2_aigc_n02-normal-walking,5236377d0e960a946da10b1df70dee4dedb6b1ee8dfab55782303b948b178395,negative,false,"A real person is walking upright on a corridor floor, maintaining a stable non-lying posture with active support.",true,false,true,true,true,true,1,2.190575,true,stop,108,true,,yes,abnormal_non_rest_surface,nonlying,yes,upright_or_walking,negative,false,negative,false,true,true,false,,true,S1_DIRECT,S1_STRUCTURED
P3_SCREEN_S1_STRUCTURED_20260827_114003_047,IMG_003898,DEV,0,negative,pf_v2_aigc_n02-normal-walking,pf_v2_aigc_n02-normal-walking,832f2687a61e8d82e1f5571fe27fb39531c55823e664a34cf284c8af48b2a9d0,negative,false,"A real person is walking upright on a corridor floor, maintaining a stable non-lying posture with active support.",true,false,true,true,true,true,1,2.114188,true,stop,108,true,,yes,abnormal_non_rest_surface,nonlying,yes,upright_or_walking,negative,false,negative,false,true,true,false,,true,S1_DIRECT,S1_STRUCTURED
P3_SCREEN_S1_STRUCTURED_20260827_114003_048,IMG_003899,DEV,0,negative,pf_v2_aigc_n02-normal-walking,pf_v2_aigc_n02-normal-walking,e5272b7ba0585b8642824a52f893afc42fc446c0ea9e9b7b11ed2b6eb4615835,negative,false,"A real person is walking upright on a parking garage floor, maintaining a stable non-lying posture with active support.",true,false,true,true,true,true,1,2.160632,true,stop,109,true,,yes,abnormal_non_rest_surface,nonlying,yes,upright_or_walking,negative,false,negative,false,true,true,false,,true,S1_DIRECT,S1_STRUCTURED
P3_SCREEN_S1_STRUCTURED_20260827_114003_049,IMG_003900,DEV,0,negative,pf_v2_aigc_n02-normal-walking,pf_v2_aigc_n02-normal-walking,e12aa00ebca5ce986b5df9f5e39d562be46c2c28dec4a2f9fe6d3e9c9554a048,negative,false,"Two people are walking upright on a paved path, maintaining stable non-lying postures.",true,false,true,true,true,true,1,2.088276,true,stop,104,true,,yes,abnormal_non_rest_surface,nonlying,yes,upright_or_walking,negative,false,negative,false,true,true,false,,true,S1_DIRECT,S1_STRUCTURED
P3_SCREEN_S1_STRUCTURED_20260827_114003_050,IMG_003901,DEV,0,negative,pf_v2_aigc_n02-normal-walking,pf_v2_aigc_n02-normal-walking,350be842f28a57c01d24f1ba08b664e57ee67df4d22eb4d566fb272af8819347,negative,false,"A real person is clearly visible walking upright on a floor, maintaining a stable non-lying posture with active support from legs and feet.",true,false,true,true,true,true,1,2.293482,true,stop,113,true,,yes,abnormal_non_rest_surface,nonlying,yes,upright_or_walking,negative,false,negative,false,true,true,false,,true,S1_DIRECT,S1_STRUCTURED
P3_SCREEN_S1_STRUCTURED_20260827_114003_051,IMG_003902,DEV,0,negative,pf_v2_aigc_n03-normal-seated-on-chair-stool,pf_v2_aigc_n03-normal-seated-on-chair-stool,134dfe24ba4a545900acbfdb83b4a62b70449aaadd890b1c75651779c8f2e888,negative,false,"A real person is clearly seated on a stool, maintaining an upright posture with active support from the chair, not lying on the floor.",true,false,true,true,true,true,1,2.293310,true,stop,108,true,,yes,normal_rest_surface,nonlying,yes,seated,negative,false,negative,false,true,true,false,,true,S1_DIRECT,S1_STRUCTURED
P3_SCREEN_S1_STRUCTURED_20260827_114003_052,IMG_003903,DEV,0,negative,pf_v2_aigc_n03-normal-seated-on-chair-stool,pf_v2_aigc_n03-normal-seated-on-chair-stool,965a36ac17f63bff6182aea6c810412c18e5e0b5a8edd978ef54aa65f471699a,negative,false,"A real person is sitting upright on a stool in a warehouse, maintaining a stable non-lying posture on a normal rest surface.",true,false,true,true,true,true,1,2.193628,true,stop,109,true,,yes,abnormal_non_rest_surface,nonlying,yes,seated,negative,false,negative,false,true,true,false,,true,S1_DIRECT,S1_STRUCTURED
P3_SCREEN_S1_STRUCTURED_20260827_114003_053,IMG_003904,DEV,0,negative,pf_v2_aigc_n03-normal-seated-on-chair-stool,pf_v2_aigc_n03-normal-seated-on-chair-stool,b0def42df09f987a7c46fd51ecb0ffb1a9d3017e809f2dcb08e60c5ec55a7c0f,negative,false,"A real person is clearly seated on a chair in a normal rest posture, not lying on the floor.",true,false,true,true,true,true,1,2.134072,true,stop,102,true,,yes,normal_rest_surface,nonlying,yes,seated,negative,false,negative,false,true,true,false,,true,S1_DIRECT,S1_STRUCTURED
P3_SCREEN_S1_STRUCTURED_20260827_114003_054,IMG_003905,DEV,0,negative,pf_v2_aigc_n03-normal-seated-on-chair-stool,pf_v2_aigc_n03-normal-seated-on-chair-stool,aca00613e4666301061ddffe9cd1b2f87f0ac0326ec85e74625925198bfd7117,negative,false,"A real person is sitting upright on a chair in a corridor, supported by a normal rest surface, with a stable non-lying posture.",true,false,true,true,true,true,1,2.484749,true,stop,109,true,,yes,normal_rest_surface,nonlying,yes,seated,negative,false,negative,false,true,true,false,,true,S1_DIRECT,S1_STRUCTURED
P3_SCREEN_S1_STRUCTURED_20260827_114003_055,IMG_003906,DEV,0,negative,pf_v2_aigc_n03-normal-seated-on-chair-stool,pf_v2_aigc_n03-normal-seated-on-chair-stool,decbb91e43f7888ab015c46a93a6681e9ed58d0513898f92b2566cf9f62b736b,negative,false,"A real person is clearly seated on a chair in a corridor, maintaining an upright posture with active support from the chair, not lying on the floor.",true,false,true,true,true,true,1,2.169599,true,stop,111,true,,yes,normal_rest_surface,nonlying,yes,seated,negative,false,negative,false,true,true,false,,true,S1_DIRECT,S1_STRUCTURED
P3_SCREEN_S1_STRUCTURED_20260827_114003_056,IMG_003907,DEV,0,negative,pf_v2_aigc_n03-normal-seated-on-chair-stool,pf_v2_aigc_n03-normal-seated-on-chair-stool,918bcd9792f6b32b77c3d03234683d235158ee718233c5e8848c6c07f9d3136f,negative,false,"A real person is sitting upright on a wooden chair, which is a normal rest surface, maintaining a stable non-lying posture.",true,false,true,true,true,true,1,2.111385,true,stop,107,true,,yes,normal_rest_surface,nonlying,yes,seated,negative,false,negative,false,true,true,false,,true,S1_DIRECT,S1_STRUCTURED
P3_SCREEN_S1_STRUCTURED_20260827_114003_057,IMG_003908,DEV,0,negative,pf_v2_aigc_n03-normal-seated-on-chair-stool,pf_v2_aigc_n03-normal-seated-on-chair-stool,70840adc6065155f16f6ee3bea719f65bf73e3ef9ae255e1e6150dba45ac2f84,negative,false,"A real person is clearly seated on a stool in a laboratory, maintaining an upright posture on a normal rest surface.",true,false,true,true,true,true,1,2.134373,true,stop,104,true,,yes,normal_rest_surface,nonlying,yes,seated,negative,false,negative,false,true,true,false,,true,S1_DIRECT,S1_STRUCTURED
P3_SCREEN_S1_STRUCTURED_20260827_114003_058,IMG_003909,DEV,0,negative,pf_v2_aigc_n03-normal-seated-on-chair-stool,pf_v2_aigc_n03-normal-seated-on-chair-stool,d54811000d65c588d8507882501b378d11f35a8e4bd81d24bdf06c37b63a7c9f,negative,false,"A real person is visibly seated upright on a chair, supported by a normal rest surface, with a non-lying posture.",true,false,true,true,true,true,1,2.073272,true,stop,106,true,,yes,normal_rest_surface,nonlying,yes,seated,negative,false,negative,false,true,true,false,,true,S1_DIRECT,S1_STRUCTURED
P3_SCREEN_S1_STRUCTURED_20260827_114003_059,IMG_003910,DEV,0,negative,pf_v2_aigc_n03-normal-seated-on-chair-stool,pf_v2_aigc_n03-normal-seated-on-chair-stool,321f3a35a48e0a9f07f6f244168a419b8af6fa0e74498afebb4b61b11e640241,negative,false,"A real person is sitting upright on a chair on the ground, supported by the chair, not lying.",true,false,true,true,true,true,1,2.049367,true,stop,104,true,,yes,abnormal_non_rest_surface,nonlying,yes,seated,negative,false,negative,false,true,true,false,,true,S1_DIRECT,S1_STRUCTURED
P3_SCREEN_S1_STRUCTURED_20260827_114003_060,IMG_003911,DEV,0,negative,pf_v2_aigc_n03-normal-seated-on-chair-stool,pf_v2_aigc_n03-normal-seated-on-chair-stool,d2415691cfd3ce59b490d558f1a3b1d4609756643ae69e8afac57b35b82a93d7,negative,false,"A real person is clearly visible sitting upright on a sofa, which is a normal rest surface, maintaining a stable seated posture.",true,false,true,true,true,true,1,2.152485,true,stop,106,true,,yes,normal_rest_surface,nonlying,yes,seated,negative,false,negative,false,true,true,false,,true,S1_DIRECT,S1_STRUCTURED
P3_SCREEN_S1_STRUCTURED_20260827_114003_061,IMG_003982,DEV,1,positive,pf_v2_aigc_p01-supine-on-floor,pf_v2_aigc_p01-supine-on-floor,3f8831314ec9403dafb006291009877fe8a2d85b9930710f92a6048b23d50c70,positive,true,A real person is lying prone on an industrial floor with no active support.,true,false,true,true,true,true,1,2.069856,true,stop,95,true,,yes,abnormal_non_rest_surface,lying,no,none,positive,true,positive,true,true,true,false,,true,S1_DIRECT,S1_STRUCTURED
P3_SCREEN_S1_STRUCTURED_20260827_114003_062,IMG_003983,DEV,1,positive,pf_v2_aigc_p01-supine-on-floor,pf_v2_aigc_p01-supine-on-floor,0efbb9f5706f84c5382a0ba30bec46d35ed7b875072c5dbea115139e58a47d8a,positive,true,A real person is lying prone on an industrial floor with no active support.,true,false,true,true,true,true,1,1.997685,true,stop,95,true,,yes,abnormal_non_rest_surface,lying,no,none,positive,true,positive,true,true,true,false,,true,S1_DIRECT,S1_STRUCTURED
P3_SCREEN_S1_STRUCTURED_20260827_114003_063,IMG_003984,DEV,1,positive,pf_v2_aigc_p01-supine-on-floor,pf_v2_aigc_p01-supine-on-floor,00226efe88ae972b085592e830ecd461400e627e3f30514aa0bc5174fefc707d,positive,true,A real person is lying prone on a carpeted corridor floor with no active support.,true,false,true,true,true,true,1,2.039957,true,stop,97,true,,yes,abnormal_non_rest_surface,lying,no,none,positive,true,positive,true,true,true,false,,true,S1_DIRECT,S1_STRUCTURED
P3_SCREEN_S1_STRUCTURED_20260827_114003_064,IMG_003985,DEV,1,positive,pf_v2_aigc_p01-supine-on-floor,pf_v2_aigc_p01-supine-on-floor,b2c04a5ef00e87142592beb2ab5dade093473c24353132baa4f9fa651be1a6a4,positive,true,"A real person is lying flat on their back on a hospital corridor floor, which is an abnormal non-rest surface, with no active support from hands or knees.",true,false,true,true,true,true,1,2.226252,true,stop,112,true,,yes,abnormal_non_rest_surface,lying,no,none,positive,true,positive,true,true,true,false,,true,S1_DIRECT,S1_STRUCTURED
P3_SCREEN_S1_STRUCTURED_20260827_114003_065,IMG_003986,DEV,1,positive,pf_v2_aigc_p01-supine-on-floor,pf_v2_aigc_p01-supine-on-floor,5c47f738bf7bbfe499cb85f5b8ab7601c3229c4405845c536d6e814c64dc6c79,positive,true,A real person is lying supine on a corridor floor with no active support.,true,false,true,true,true,true,1,2.035823,true,stop,96,true,,yes,abnormal_non_rest_surface,lying,no,none,positive,true,positive,true,true,true,false,,true,S1_DIRECT,S1_STRUCTURED
P3_SCREEN_S1_STRUCTURED_20260827_114003_066,IMG_003987,DEV,1,positive,pf_v2_aigc_p01-supine-on-floor,pf_v2_aigc_p01-supine-on-floor,9dc8c1e15e4e31d1c22d5a868a207d56530752c6902fa9c678d824ba7a6e8bb6,positive,true,"A real person is lying supine on a corridor floor with arms and legs extended, showing no active support structure.",true,false,true,true,true,true,1,2.083961,true,stop,103,true,,yes,abnormal_non_rest_surface,lying,no,none,positive,true,positive,true,true,true,false,,true,S1_DIRECT,S1_STRUCTURED
P3_SCREEN_S1_STRUCTURED_20260827_114003_067,IMG_003988,DEV,1,positive,pf_v2_aigc_p01-supine-on-floor,pf_v2_aigc_p01-supine-on-floor,2d18f5d7a8e1fb5d146ba1167c7a02d08ea63e72f6c3dacfcce8997cd19695b2,positive,true,"A real person is lying supine on a laboratory floor with arms and legs extended, showing no active support structure.",true,false,true,true,true,true,1,2.166916,true,stop,103,true,,yes,abnormal_non_rest_surface,lying,no,none,positive,true,positive,true,true,true,false,,true,S1_DIRECT,S1_STRUCTURED
P3_SCREEN_S1_STRUCTURED_20260827_114003_068,IMG_003989,DEV,1,positive,pf_v2_aigc_p01-supine-on-floor,pf_v2_aigc_p01-supine-on-floor,abc8eeef34ef97fc9ac4511ae695e911ec950c384ff3a959cf1a05e24955588e,positive,true,A real person is lying supine on a concrete parking floor with no active support.,true,false,true,true,true,true,1,2.016896,true,stop,97,true,,yes,abnormal_non_rest_surface,lying,no,none,positive,true,positive,true,true,true,false,,true,S1_DIRECT,S1_STRUCTURED
P3_SCREEN_S1_STRUCTURED_20260827_114003_069,IMG_003990,DEV,1,positive,pf_v2_aigc_p01-supine-on-floor,pf_v2_aigc_p01-supine-on-floor,4791a565447bec69f60b175570fb4bdb5efc1dde5d2474f50073b03398cd012e,positive,true,A real person is lying prone on a paved road surface with no active support.,true,false,true,true,true,true,1,2.047398,true,stop,96,true,,yes,abnormal_non_rest_surface,lying,no,none,positive,true,positive,true,true,true,false,,true,S1_DIRECT,S1_STRUCTURED
P3_SCREEN_S1_STRUCTURED_20260827_114003_070,IMG_003991,DEV,1,positive,pf_v2_aigc_p01-supine-on-floor,pf_v2_aigc_p01-supine-on-floor,38ce6cfd624925a391aacf8d6c267d8413b097d6ec4ded21c7df9f4bff2cfeff,positive,true,A real person is lying supine on a concrete floor with no active support.,true,false,true,true,true,true,1,2.079509,true,stop,96,true,,yes,abnormal_non_rest_surface,lying,no,none,positive,true,positive,true,true,true,false,,true,S1_DIRECT,S1_STRUCTURED
P3_SCREEN_S1_STRUCTURED_20260827_114003_071,IMG_003992,DEV,1,positive,pf_v2_aigc_p02-supine-on-floor,pf_v2_aigc_p02-supine-on-floor,b4de656feff104baf2db6ddaddd657dbf850a940b31683a66e179b52e650ffba,positive,true,A real person is lying prone on an industrial floor with no active support.,true,false,true,true,true,true,1,1.980748,true,stop,95,true,,yes,abnormal_non_rest_surface,lying,no,none,positive,true,positive,true,true,true,false,,true,S1_DIRECT,S1_STRUCTURED
P3_SCREEN_S1_STRUCTURED_20260827_114003_072,IMG_003993,DEV,1,positive,pf_v2_aigc_p02-supine-on-floor,pf_v2_aigc_p02-supine-on-floor,9bf58dce8362de316637a40ce17ef8cf5a4a65455b6bb9bdc22a40bb860abee4,positive,true,A real person is lying prone on an industrial floor with no active support.,true,false,true,true,true,true,1,2.055302,true,stop,95,true,,yes,abnormal_non_rest_surface,lying,no,none,positive,true,positive,true,true,true,false,,true,S1_DIRECT,S1_STRUCTURED
P3_SCREEN_S1_STRUCTURED_20260827_114003_073,IMG_003994,DEV,1,positive,pf_v2_aigc_p02-supine-on-floor,pf_v2_aigc_p02-supine-on-floor,560f13e4a70db0d94d90f60f41b9d100fbae87b7b0cd3a69bd00a4515b4dfb52,positive,true,"A real person is lying prone on a carpeted office corridor floor with arms and legs extended, showing no active support structure.",true,false,true,true,true,true,1,2.147115,true,stop,105,true,,yes,abnormal_non_rest_surface,lying,no,none,positive,true,positive,true,true,true,false,,true,S1_DIRECT,S1_STRUCTURED
P3_SCREEN_S1_STRUCTURED_20260827_114003_074,IMG_003995,DEV,1,positive,pf_v2_aigc_p02-supine-on-floor,pf_v2_aigc_p02-supine-on-floor,5d32e551633bc5f3cbccce2413e955e88ff6bb590eb8acf1a89ec25d9e39aa59,positive,true,A real person is lying supine on a hospital corridor floor with no active support.,true,false,true,true,true,true,1,2.047079,true,stop,97,true,,yes,abnormal_non_rest_surface,lying,no,none,positive,true,positive,true,true,true,false,,true,S1_DIRECT,S1_STRUCTURED
P3_SCREEN_S1_STRUCTURED_20260827_114003_075,IMG_003996,DEV,1,positive,pf_v2_aigc_p02-supine-on-floor,pf_v2_aigc_p02-supine-on-floor,72e402106d3615e66ed2debf52639aef09664d5d70fdb8cc36336a6dee349d22,positive,true,A real person is lying supine on a concrete corridor floor with no active support.,true,false,true,true,true,true,1,2.057723,true,stop,97,true,,yes,abnormal_non_rest_surface,lying,no,none,positive,true,positive,true,true,true,false,,true,S1_DIRECT,S1_STRUCTURED
P3_SCREEN_S1_STRUCTURED_20260827_114003_076,IMG_003997,DEV,1,positive,pf_v2_aigc_p02-supine-on-floor,pf_v2_aigc_p02-supine-on-floor,2e9ea4788510caf75d1b8e17db7a510b0a68ad2f97d75835a51c421dc1865380,positive,true,"A real person is lying prone on a corridor floor, which is an abnormal non-rest surface, with no active support maintaining a non-lying posture.",true,false,true,true,true,true,1,2.121761,true,stop,110,true,,yes,abnormal_non_rest_surface,lying,no,none,positive,true,positive,true,true,true,false,,true,S1_DIRECT,S1_STRUCTURED
P3_SCREEN_S1_STRUCTURED_20260827_114003_077,IMG_003998,DEV,1,positive,pf_v2_aigc_p02-supine-on-floor,pf_v2_aigc_p02-supine-on-floor,03f04df8719f4f00db8f20614cc8b2dac09a6f1fdd4e26ec246375a43cce72f9,positive,true,"A real person is lying supine on a concrete floor, which is an abnormal non-rest surface, with no active support maintaining a non-lying posture.",true,false,true,true,true,true,1,2.095847,true,stop,111,true,,yes,abnormal_non_rest_surface,lying,no,none,positive,true,positive,true,true,true,false,,true,S1_DIRECT,S1_STRUCTURED
P3_SCREEN_S1_STRUCTURED_20260827_114003_078,IMG_003999,DEV,1,positive,pf_v2_aigc_p02-supine-on-floor,pf_v2_aigc_p02-supine-on-floor,6881ae0e92af78ee265a345ee5b2601e4ce3545a239f37f0fc65e19cdbce3046,positive,true,"A real person is lying prone on a concrete parking floor, which is an abnormal non-rest surface, with no active support maintaining a non-lying posture.",true,false,true,true,true,true,1,2.151893,true,stop,111,true,,yes,abnormal_non_rest_surface,lying,no,none,positive,true,positive,true,true,true,false,,true,S1_DIRECT,S1_STRUCTURED
P3_SCREEN_S1_STRUCTURED_20260827_114003_079,IMG_004000,DEV,1,positive,pf_v2_aigc_p02-supine-on-floor,pf_v2_aigc_p02-supine-on-floor,b874a600936c52aeddb2d3a93719f0fe02937076b115354fa5d3417153f9027f,positive,true,A real person is lying supine on a concrete road surface with no active support.,true,false,true,true,true,true,1,2.058432,true,stop,97,true,,yes,abnormal_non_rest_surface,lying,no,none,positive,true,positive,true,true,true,false,,true,S1_DIRECT,S1_STRUCTURED
P3_SCREEN_S1_STRUCTURED_20260827_114003_080,IMG_004001,DEV,1,positive,pf_v2_aigc_p02-supine-on-floor,pf_v2_aigc_p02-supine-on-floor,5bac427ba05af7d58237cbf9d1d3606a4615caa7c3c7a8e01d301442ce4c7f63,positive,true,"A real person is lying supine on a concrete floor, which is an abnormal non-rest surface, with no active support maintaining a non-lying posture.",true,false,true,true,true,true,1,2.153939,true,stop,111,true,,yes,abnormal_non_rest_surface,lying,no,none,positive,true,positive,true,true,true,false,,true,S1_DIRECT,S1_STRUCTURED
P3_SCREEN_S1_STRUCTURED_20260827_114003_081,IMG_004012,DEV,1,positive,pf_v2_aigc_p04-prone-on-floor,pf_v2_aigc_p04-prone-on-floor,b0bc6b665f847380a62540bd0387a6356f273185253e134cc9d731120aee9ba7,positive,true,A real person is lying prone on an industrial floor with no active support structure.,true,false,true,true,true,true,1,2.042113,true,stop,96,true,,yes,abnormal_non_rest_surface,lying,no,none,positive,true,positive,true,true,true,false,,true,S1_DIRECT,S1_STRUCTURED
P3_SCREEN_S1_STRUCTURED_20260827_114003_082,IMG_004013,DEV,1,positive,pf_v2_aigc_p04-prone-on-floor,pf_v2_aigc_p04-prone-on-floor,ebdcd19a6884c77a2a854aad2cc33d145633833b0ef739e0c6b5fd302bf87dee,positive,true,A real person is lying prone on an industrial floor with no active support structure.,true,false,true,true,true,true,1,1.954749,true,stop,96,true,,yes,abnormal_non_rest_surface,lying,no,none,positive,true,positive,true,true,true,false,,true,S1_DIRECT,S1_STRUCTURED
P3_SCREEN_S1_STRUCTURED_20260827_114003_083,IMG_004014,DEV,1,positive,pf_v2_aigc_p04-prone-on-floor,pf_v2_aigc_p04-prone-on-floor,a0e0ec4f94be40b43c9f805fbffbb25dc69995126cf2caaf25bdc16b8b8b5d98,positive,true,A real person is lying prone on a carpeted office floor with no active support.,true,false,true,true,true,true,1,1.962289,true,stop,97,true,,yes,abnormal_non_rest_surface,lying,no,none,positive,true,positive,true,true,true,false,,true,S1_DIRECT,S1_STRUCTURED
P3_SCREEN_S1_STRUCTURED_20260827_114003_084,IMG_004015,DEV,1,positive,pf_v2_aigc_p04-prone-on-floor,pf_v2_aigc_p04-prone-on-floor,6e170627385d2e2dbdeeb95c19602073232c77b509190eb778642409cf8c0a43,positive,true,A real person is lying prone on a hospital corridor floor with no active support.,true,false,true,true,true,true,1,2.009060,true,stop,96,true,,yes,abnormal_non_rest_surface,lying,no,none,positive,true,positive,true,true,true,false,,true,S1_DIRECT,S1_STRUCTURED
P3_SCREEN_S1_STRUCTURED_20260827_114003_085,IMG_004016,DEV,1,positive,pf_v2_aigc_p04-prone-on-floor,pf_v2_aigc_p04-prone-on-floor,f8e866b52682ef59c44ca191aded4a9fd7248b59937cf0db5cb460fb729f06d1,positive,true,A real person is lying prone on a corridor floor with no active support.,true,false,true,true,true,true,1,2.038005,true,stop,95,true,,yes,abnormal_non_rest_surface,lying,no,none,positive,true,positive,true,true,true,false,,true,S1_DIRECT,S1_STRUCTURED
P3_SCREEN_S1_STRUCTURED_20260827_114003_086,IMG_004017,DEV,1,positive,pf_v2_aigc_p04-prone-on-floor,pf_v2_aigc_p04-prone-on-floor,f1b5913e989719018e6e4aaa961deeb9ff74526f6a8e219894b2361843fb3f7d,positive,true,"A real person is lying prone on a corridor floor with arms and legs extended, forming a stable non-lying posture without active support.",true,false,true,true,true,true,1,2.098516,true,stop,107,true,,yes,abnormal_non_rest_surface,lying,no,none,positive,true,positive,true,true,true,false,,true,S1_DIRECT,S1_STRUCTURED
P3_SCREEN_S1_STRUCTURED_20260827_114003_087,IMG_004018,DEV,1,positive,pf_v2_aigc_p04-prone-on-floor,pf_v2_aigc_p04-prone-on-floor,0e1ff5321d28285e1d16e15fa827f563e8337975bbab243c95ab0921a4a035d0,positive,true,"A real person is lying prone on a smooth industrial floor, which is an abnormal non-rest surface, with no active support structure maintaining a non-lying posture.",true,false,true,true,true,true,1,2.196751,true,stop,112,true,,yes,abnormal_non_rest_surface,lying,no,none,positive,true,positive,true,true,true,false,,true,S1_DIRECT,S1_STRUCTURED
P3_SCREEN_S1_STRUCTURED_20260827_114003_088,IMG_004019,DEV,1,positive,pf_v2_aigc_p04-prone-on-floor,pf_v2_aigc_p04-prone-on-floor,0b287efdfc3024b27a31b7ea34b57c0bb430c8ec44d51c7e3d7ba4d1866d5a88,positive,true,"A real person is lying prone on a concrete parking floor, which is an abnormal non-rest surface, with no active support from hands or knees.",true,false,true,true,true,true,1,2.077952,true,stop,109,true,,yes,abnormal_non_rest_surface,lying,no,none,positive,true,positive,true,true,true,false,,true,S1_DIRECT,S1_STRUCTURED
P3_SCREEN_S1_STRUCTURED_20260827_114003_089,IMG_004020,DEV,1,positive,pf_v2_aigc_p04-prone-on-floor,pf_v2_aigc_p04-prone-on-floor,d773a98449579e05400caa96f3404a34bee9c963473ba701f36540506ec3c914,positive,true,A real person is lying prone on a paved road surface with no active support.,true,false,true,true,true,true,1,1.995088,true,stop,96,true,,yes,abnormal_non_rest_surface,lying,no,none,positive,true,positive,true,true,true,false,,true,S1_DIRECT,S1_STRUCTURED
P3_SCREEN_S1_STRUCTURED_20260827_114003_090,IMG_004021,DEV,1,positive,pf_v2_aigc_p04-prone-on-floor,pf_v2_aigc_p04-prone-on-floor,38d1d21b30b887accd43d41597b0a96be07060130854671098423feb919a1d43,positive,true,"A real person is lying prone on a concrete floor with arms extended, showing no active support structure.",true,false,true,true,true,true,1,2.018415,true,stop,100,true,,yes,abnormal_non_rest_surface,lying,no,none,positive,true,positive,true,true,true,false,,true,S1_DIRECT,S1_STRUCTURED
P3_SCREEN_S1_STRUCTURED_20260827_114003_091,IMG_004072,DEV,1,positive,pf_v2_aigc_p10-partially-occluded-fallen-person,pf_v2_aigc_p10-partially-occluded-fallen-person,663731c7d5fa6323b5b1a136d1cef8a31364fd4e96752a4af1949592156d9a4a,positive,true,A real person is lying prone on the floor with no active support.,true,false,true,true,true,true,1,1.881100,true,stop,94,true,,yes,abnormal_non_rest_surface,lying,no,none,positive,true,positive,true,true,true,false,,true,S1_DIRECT,S1_STRUCTURED
P3_SCREEN_S1_STRUCTURED_20260827_114003_092,IMG_004073,DEV,1,positive,pf_v2_aigc_p10-partially-occluded-fallen-person,pf_v2_aigc_p10-partially-occluded-fallen-person,7f85564bcb6fd735166050f0605b6719600ab691613a1115ca3fe423ad1fbf60,positive,true,A real person is lying prone on an industrial floor with no active support structure.,true,false,true,true,true,true,1,1.985652,true,stop,96,true,,yes,abnormal_non_rest_surface,lying,no,none,positive,true,positive,true,true,true,false,,true,S1_DIRECT,S1_STRUCTURED
P3_SCREEN_S1_STRUCTURED_20260827_114003_093,IMG_004074,DEV,1,positive,pf_v2_aigc_p10-partially-occluded-fallen-person,pf_v2_aigc_p10-partially-occluded-fallen-person,967ed34a039e4037156c3a5aa25cb2a872e79cc7ad8cf5e588d2d12924e1d7d5,positive,true,A real person is lying prone on the industrial floor with no active support structure.,true,false,true,true,true,true,1,1.897771,true,stop,96,true,,yes,abnormal_non_rest_surface,lying,no,none,positive,true,positive,true,true,true,false,,true,S1_DIRECT,S1_STRUCTURED
P3_SCREEN_S1_STRUCTURED_20260827_114003_094,IMG_004075,DEV,1,positive,pf_v2_aigc_p10-partially-occluded-fallen-person,pf_v2_aigc_p10-partially-occluded-fallen-person,4749ea15173ecae9b6e8419327d00422c0250884826afc7d0b550f3d1508a8ff,positive,true,A real person is lying prone on a carpeted corridor floor with no active support.,true,false,true,true,true,true,1,2.089029,true,stop,97,true,,yes,abnormal_non_rest_surface,lying,no,none,positive,true,positive,true,true,true,false,,true,S1_DIRECT,S1_STRUCTURED
P3_SCREEN_S1_STRUCTURED_20260827_114003_095,IMG_004076,DEV,1,positive,pf_v2_aigc_p10-partially-occluded-fallen-person,pf_v2_aigc_p10-partially-occluded-fallen-person,2593e27c2a3553c972ec437b1d44c2ce43fb21de8b8a1465da02e70ccd9fb748,positive,true,A real person is lying prone on a hospital corridor floor with no active support.,true,false,true,true,true,true,1,1.929830,true,stop,96,true,,yes,abnormal_non_rest_surface,lying,no,none,positive,true,positive,true,true,true,false,,true,S1_DIRECT,S1_STRUCTURED
P3_SCREEN_S1_STRUCTURED_20260827_114003_096,IMG_004077,DEV,1,positive,pf_v2_aigc_p10-partially-occluded-fallen-person,pf_v2_aigc_p10-partially-occluded-fallen-person,b6f296d8a7aa82b277c369a2b321956993c64ad3e6f4b3c7328294c2719d315e,positive,true,A real person is lying prone on a corridor floor with no active support structure.,true,false,true,true,true,true,1,1.896462,true,stop,96,true,,yes,abnormal_non_rest_surface,lying,no,none,positive,true,positive,true,true,true,false,,true,S1_DIRECT,S1_STRUCTURED
P3_SCREEN_S1_STRUCTURED_20260827_114003_097,IMG_004078,DEV,1,positive,pf_v2_aigc_p10-partially-occluded-fallen-person,pf_v2_aigc_p10-partially-occluded-fallen-person,bb6ced4cdb8a21b8e00a65a3918e247e8f0fd101a11fdbf5d207a3b33a48cc57,positive,true,A real person is lying prone on a corridor floor with no active support structure.,true,false,true,true,true,true,1,1.882646,true,stop,96,true,,yes,abnormal_non_rest_surface,lying,no,none,positive,true,positive,true,true,true,false,,true,S1_DIRECT,S1_STRUCTURED
P3_SCREEN_S1_STRUCTURED_20260827_114003_098,IMG_004079,DEV,1,positive,pf_v2_aigc_p10-partially-occluded-fallen-person,pf_v2_aigc_p10-partially-occluded-fallen-person,44636d1b9c57594ac54a1a4912e5cf63178ed66566510bbbf7fb5b1b1e874b88,positive,true,A real person is lying flat on their back on a speckled industrial floor with no active support.,true,false,true,true,true,true,1,2.065917,true,stop,101,true,,yes,abnormal_non_rest_surface,lying,no,none,positive,true,positive,true,true,true,false,,true,S1_DIRECT,S1_STRUCTURED
P3_SCREEN_S1_STRUCTURED_20260827_114003_099,IMG_004080,DEV,1,positive,pf_v2_aigc_p10-partially-occluded-fallen-person,pf_v2_aigc_p10-partially-occluded-fallen-person,ef5432742429ff4aa120057740cd5954ed171776f8c2317dbe744fcf296252d7,positive,true,A real person is clearly lying prone on the concrete floor of a parking garage.,true,false,true,true,true,true,1,1.904281,true,stop,96,true,,yes,abnormal_non_rest_surface,lying,no,none,positive,true,positive,true,true,true,false,,true,S1_DIRECT,S1_STRUCTURED
P3_SCREEN_S1_STRUCTURED_20260827_114003_100,IMG_004081,DEV,1,positive,pf_v2_aigc_p10-partially-occluded-fallen-person,pf_v2_aigc_p10-partially-occluded-fallen-person,c1986b13f838a910c7e2958d9851f9d61140c6f9ef8011a98ce6454153f1c5e1,positive,true,A real person is lying prone on a concrete corridor floor with no active support structure.,true,false,true,true,true,true,1,1.987619,true,stop,97,true,,yes,abnormal_non_rest_surface,lying,no,none,positive,true,positive,true,true,true,false,,true,S1_DIRECT,S1_STRUCTURED
P3_SCREEN_S1_STRUCTURED_20260827_114003_101,IMG_004082,DEV,1,positive,pf_v2_aigc_p11-small-target-far-distance,pf_v2_aigc_p11-small-target-far-distance,f327b0dcb961def4c67f39a4c460daae976157cf6017b79d643f3fc3d55af1e6,positive,true,A real person is lying flat on their back on an industrial floor with no active support.,true,false,true,true,true,true,1,2.057452,true,stop,98,true,,yes,abnormal_non_rest_surface,lying,no,none,positive,true,positive,true,true,true,false,,true,S1_DIRECT,S1_STRUCTURED
P3_SCREEN_S1_STRUCTURED_20260827_114003_102,IMG_004083,DEV,1,positive,pf_v2_aigc_p11-small-target-far-distance,pf_v2_aigc_p11-small-target-far-distance,7dd82c1193905c39dd7f736b62b0940445267a7d522c490745e1974ef0adc9a3,positive,true,"A real person is lying prone on an industrial floor with arms and legs extended, showing no active support structure.",true,false,true,true,true,true,1,2.094948,true,stop,102,true,,yes,abnormal_non_rest_surface,lying,no,none,positive,true,positive,true,true,true,false,,true,S1_DIRECT,S1_STRUCTURED
P3_SCREEN_S1_STRUCTURED_20260827_114003_103,IMG_004084,DEV,1,positive,pf_v2_aigc_p11-small-target-far-distance,pf_v2_aigc_p11-small-target-far-distance,ec6a6a7279346eb6b1a4a3163a99c66b8b405ccf20e3a0e3cf33d5bfb6930720,positive,true,A real person is lying prone on the carpeted office floor with no active support.,true,false,true,true,true,true,1,2.172502,true,stop,97,true,,yes,abnormal_non_rest_surface,lying,no,none,positive,true,positive,true,true,true,false,,true,S1_DIRECT,S1_STRUCTURED
P3_SCREEN_S1_STRUCTURED_20260827_114003_104,IMG_004085,DEV,1,positive,pf_v2_aigc_p11-small-target-far-distance,pf_v2_aigc_p11-small-target-far-distance,f26f261140525e10c003f8427e3e0bb8d614b6aa4e14ff6856dd039b13a1137d,positive,true,A real person is lying prone on a hospital corridor floor with no active support.,true,false,true,true,true,true,1,2.137128,true,stop,96,true,,yes,abnormal_non_rest_surface,lying,no,none,positive,true,positive,true,true,true,false,,true,S1_DIRECT,S1_STRUCTURED
P3_SCREEN_S1_STRUCTURED_20260827_114003_105,IMG_004086,DEV,1,positive,pf_v2_aigc_p11-small-target-far-distance,pf_v2_aigc_p11-small-target-far-distance,52728e6db03a58114bd6d0faed5cba15585186d757237594ab5c2912ca4ce2ca,positive,true,A real person is clearly lying prone on the corridor floor with no active support.,true,false,true,true,true,true,1,2.042461,true,stop,96,true,,yes,abnormal_non_rest_surface,lying,no,none,positive,true,positive,true,true,true,false,,true,S1_DIRECT,S1_STRUCTURED
P3_SCREEN_S1_STRUCTURED_20260827_114003_106,IMG_004087,DEV,1,positive,pf_v2_aigc_p11-small-target-far-distance,pf_v2_aigc_p11-small-target-far-distance,70f969de8c82a8dc3fda0e7f36862d19da8c5cfc5d9340a33050a3da6e68b349,positive,true,"A real person is lying prone on a corridor floor, which is an abnormal non-rest surface, with no active support visible.",true,false,true,true,true,true,1,2.098514,true,stop,105,true,,yes,abnormal_non_rest_surface,lying,no,none,positive,true,positive,true,true,true,false,,true,S1_DIRECT,S1_STRUCTURED
P3_SCREEN_S1_STRUCTURED_20260827_114003_107,IMG_004088,DEV,1,positive,pf_v2_aigc_p11-small-target-far-distance,pf_v2_aigc_p11-small-target-far-distance,d8f59162f45467f3e783a0ce414dafcbbd077df657c422332b88dea4213aded4,positive,true,A real person is lying prone on the industrial floor with no active support.,true,false,true,true,true,true,1,1.917995,true,stop,95,true,,yes,abnormal_non_rest_surface,lying,no,none,positive,true,positive,true,true,true,false,,true,S1_DIRECT,S1_STRUCTURED
P3_SCREEN_S1_STRUCTURED_20260827_114003_108,IMG_004089,DEV,1,positive,pf_v2_aigc_p11-small-target-far-distance,pf_v2_aigc_p11-small-target-far-distance,f35b1ba98530a2038160a370e963a0890fd4bbc846f3a97330e2a8f0b2300ef6,positive,true,"A real person is lying prone on the concrete floor of a parking garage, with no active support structure visible.",true,false,true,true,true,true,1,2.107083,true,stop,102,true,,yes,abnormal_non_rest_surface,lying,no,none,positive,true,positive,true,true,true,false,,true,S1_DIRECT,S1_STRUCTURED
P3_SCREEN_S1_STRUCTURED_20260827_114003_109,IMG_004090,DEV,1,positive,pf_v2_aigc_p11-small-target-far-distance,pf_v2_aigc_p11-small-target-far-distance,a845ea4ea68b331dc883ec7e9b81d613a0d71b5a12f0ff22ea26078d325592a8,positive,true,A real person is lying prone on a paved public walkway (abnormal non-rest surface) with no active support.,true,false,true,true,true,true,1,2.196990,true,stop,104,true,,yes,abnormal_non_rest_surface,lying,no,none,positive,true,positive,true,true,true,false,,true,S1_DIRECT,S1_STRUCTURED
P3_SCREEN_S1_STRUCTURED_20260827_114003_110,IMG_004091,DEV,1,positive,pf_v2_aigc_p11-small-target-far-distance,pf_v2_aigc_p11-small-target-far-distance,efe45d0ff9a1ad063fa930140a73f54bdf564c3a9b239ebedef1217d31366066,positive,true,"A real person is lying prone on the floor, which is an abnormal non-rest surface, with no active support visible.",true,false,true,true,true,true,1,2.082556,true,stop,104,true,,yes,abnormal_non_rest_surface,lying,no,none,positive,true,positive,true,true,true,false,,true,S1_DIRECT,S1_STRUCTURED
P3_SCREEN_S1_STRUCTURED_20260827_114003_111,IMG_004192,DEV,uncertain,uncertain,pf_v2_aigc_u02-unclear-support-surface-partial-body,pf_v2_aigc_u02-unclear-support-surface-partial-body,6c3308d03bfb85ef13872b4a2e7f112a79234e20a9d59946f69409fd506295cf,positive,true,"A person is lying horizontally on the industrial floor with legs extended, supported only by the ground.",true,false,true,true,true,true,1,2.070430,true,stop,99,,,yes,abnormal_non_rest_surface,lying,no,none,positive,true,positive,true,,,false,,true,S1_DIRECT,S1_STRUCTURED
P3_SCREEN_S1_STRUCTURED_20260827_114003_112,IMG_004193,DEV,uncertain,uncertain,pf_v2_aigc_u02-unclear-support-surface-partial-body,pf_v2_aigc_u02-unclear-support-surface-partial-body,ad5ccfebaccf856f079af18e0be494bdcbf9eeca99fd7deb224d08cedb4ca03b,positive,true,"A real person is lying horizontally on an industrial floor, which is an abnormal non-rest surface.",true,false,true,true,true,true,1,2.081983,true,stop,99,,,yes,abnormal_non_rest_surface,lying,no,none,positive,true,positive,true,,,false,,true,S1_DIRECT,S1_STRUCTURED
P3_SCREEN_S1_STRUCTURED_20260827_114003_113,IMG_004194,DEV,uncertain,uncertain,pf_v2_aigc_u02-unclear-support-surface-partial-body,pf_v2_aigc_u02-unclear-support-surface-partial-body,2be33ac4a9f2bbdabf6fe5f2346839997a0d26aac19d1445af42bf4d6ba16448,positive,true,A real person is lying horizontally on the floor (abnormal non-rest surface) with no visible active support structure maintaining a non-lying posture.,true,false,true,true,true,true,1,2.176966,true,stop,109,,,yes,abnormal_non_rest_surface,lying,no,none,positive,true,positive,true,,,false,,true,S1_DIRECT,S1_STRUCTURED
P3_SCREEN_S1_STRUCTURED_20260827_114003_114,IMG_004195,DEV,uncertain,uncertain,pf_v2_aigc_u02-unclear-support-surface-partial-body,pf_v2_aigc_u02-unclear-support-surface-partial-body,7751027a80e172832764bd0b04fd0e8a453f101fb85b0fefdf0a8d7335f4a4dc,positive,true,A person is lying prone on a hard floor surface with no active support.,true,false,true,true,true,true,1,1.987989,true,stop,95,,,yes,abnormal_non_rest_surface,lying,no,none,positive,true,positive,true,,,false,,true,S1_DIRECT,S1_STRUCTURED
P3_SCREEN_S1_STRUCTURED_20260827_114003_115,IMG_004196,DEV,uncertain,uncertain,pf_v2_aigc_u02-unclear-support-surface-partial-body,pf_v2_aigc_u02-unclear-support-surface-partial-body,dfab34c5d36c51359e3f79cfa0d9e8c2d76f6d91044c49af74b67388bbd09c84,positive,true,"A real person is clearly visible lying prone on the floor of a corridor, which is an abnormal non-rest surface.",true,false,true,true,true,true,1,2.171833,true,stop,103,,,yes,abnormal_non_rest_surface,lying,no,none,positive,true,positive,true,,,false,,true,S1_DIRECT,S1_STRUCTURED
P3_SCREEN_S1_STRUCTURED_20260827_114003_116,IMG_004197,DEV,uncertain,uncertain,pf_v2_aigc_u02-unclear-support-surface-partial-body,pf_v2_aigc_u02-unclear-support-surface-partial-body,1bd363ac273eef3c3db4f9289e57c2526f110d0cdcb28c1447fd78025e427bf8,positive,true,A real person is lying horizontally on the corridor floor without active support.,true,false,true,true,true,true,1,2.033485,true,stop,94,,,yes,abnormal_non_rest_surface,lying,no,none,positive,true,positive,true,,,false,,true,S1_DIRECT,S1_STRUCTURED
P3_SCREEN_S1_STRUCTURED_20260827_114003_117,IMG_004198,DEV,uncertain,uncertain,pf_v2_aigc_u02-unclear-support-surface-partial-body,pf_v2_aigc_u02-unclear-support-surface-partial-body,90a111dc0af4c91f31a1da651a1334fde32399b9c9752d6fe2f056c105406782,negative,false,No real person is visible in the image; the floor contains only equipment and a cart.,true,false,true,true,true,true,1,2.098919,true,stop,98,,,no,abnormal_non_rest_surface,lying,no,none,negative,false,negative,false,,,false,,true,S1_DIRECT,S1_STRUCTURED
P3_SCREEN_S1_STRUCTURED_20260827_114003_118,IMG_004199,DEV,uncertain,uncertain,pf_v2_aigc_u02-unclear-support-surface-partial-body,pf_v2_aigc_u02-unclear-support-surface-partial-body,4ec2bd96bf61c94c874b8f0039c30fd90a0b66ed0c223eedc09294be71c1cce6,positive,true,A person is lying prone on the concrete floor of the parking garage.,true,false,true,true,true,true,1,2.133783,true,stop,94,,,yes,abnormal_non_rest_surface,lying,no,none,positive,true,positive,true,,,false,,true,S1_DIRECT,S1_STRUCTURED
P3_SCREEN_S1_STRUCTURED_20260827_114003_119,IMG_004200,DEV,uncertain,uncertain,pf_v2_aigc_u02-unclear-support-surface-partial-body,pf_v2_aigc_u02-unclear-support-surface-partial-body,de6e0304d704194197e83db7b5f6b1c3cb1eedbe7ef008c3e5f5ec9e718bd090,positive,true,A person is lying prone on a tiled corridor floor.,true,false,true,true,true,true,1,2.021237,true,stop,91,,,yes,abnormal_non_rest_surface,lying,no,none,positive,true,positive,true,,,false,,true,S1_DIRECT,S1_STRUCTURED
P3_SCREEN_S1_STRUCTURED_20260827_114003_120,IMG_004201,DEV,uncertain,uncertain,pf_v2_aigc_u02-unclear-support-surface-partial-body,pf_v2_aigc_u02-unclear-support-surface-partial-body,ac6398bbca6c770708577ac616f17c5d08fa679bf6bf21e17cf6f101d9b8cb21,positive,true,"A real person is lying prone on the floor, which is an abnormal non-rest surface, with no active support structure visible.",true,false,true,true,true,true,1,2.138804,true,stop,105,,,yes,abnormal_non_rest_surface,lying,no,none,positive,true,positive,true,,,false,,true,S1_DIRECT,S1_STRUCTURED
