media_id,split,request_start_utc,request_end_utc,latency_seconds,attempt_count,first_attempt_success,http_ok,status_code,error_type
IMG_003982,DEV,,,6.675069093704224,1,True,True,200,json_parse_failure: Expecting value: line 1 column 1 (char 0)
IMG_003983,DEV,,,1.5263400077819824,1,True,True,200,json_parse_failure: Expecting value: line 1 column 1 (char 0)
IMG_003984,DEV,,,1.4668207168579102,1,True,True,200,json_parse_failure: Expecting value: line 1 column 1 (char 0)
IMG_003985,DEV,,,1.5241544246673584,1,True,True,200,json_parse_failure: Expecting value: line 1 column 1 (char 0)
IMG_003986,DEV,,,1.5436890125274658,1,True,True,200,json_parse_failure: Expecting value: line 1 column 1 (char 0)
IMG_003987,DEV,,,1.5566790103912354,1,True,True,200,json_parse_failure: Expecting value: line 1 column 1 (char 0)
IMG_003988,DEV,,,1.5137591361999512,1,True,True,200,json_parse_failure: Expecting value: line 1 column 1 (char 0)
IMG_003989,DEV,,,1.5552523136138916,1,True,True,200,json_parse_failure: Expecting value: line 1 column 1 (char 0)
IMG_003990,DEV,,,1.509223222732544,1,True,True,200,json_parse_failure: Expecting value: line 1 column 1 (char 0)
IMG_004072,DEV,,,1.625709056854248,1,True,True,200,json_parse_failure: Expecting value: line 1 column 1 (char 0)
IMG_004082,DEV,,,1.5601139068603516,1,True,True,200,json_parse_failure: Expecting value: line 1 column 1 (char 0)
IMG_004083,DEV,,,1.5765936374664307,1,True,True,200,json_parse_failure: Expecting value: line 1 column 1 (char 0)
IMG_004084,DEV,,,1.5195074081420898,1,True,True,200,json_parse_failure: Expecting value: line 1 column 1 (char 0)
IMG_004085,DEV,,,1.5463964939117432,1,True,True,200,json_parse_failure: Expecting value: line 1 column 1 (char 0)
IMG_004086,DEV,,,1.6161372661590576,1,True,True,200,json_parse_failure: Expecting value: line 1 column 1 (char 0)
IMG_004087,DEV,,,1.5337717533111572,1,True,True,200,json_parse_failure: Expecting value: line 1 column 1 (char 0)
IMG_004088,DEV,,,1.5388624668121338,1,True,True,200,json_parse_failure: Expecting value: line 1 column 1 (char 0)
IMG_004089,DEV,,,1.4932353496551514,1,True,True,200,json_parse_failure: Expecting value: line 1 column 1 (char 0)
IMG_004090,DEV,,,1.6924822330474854,1,True,True,200,json_parse_failure: Expecting value: line 1 column 1 (char 0)
IMG_003991,DEV,,,1.5483450889587402,1,True,True,200,json_parse_failure: Expecting value: line 1 column 1 (char 0)
IMG_004091,DEV,,,1.4659514427185059,1,True,True,200,json_parse_failure: Expecting value: line 1 column 1 (char 0)
IMG_004092,DEV,,,1.5094082355499268,1,True,True,200,json_parse_failure: Expecting value: line 1 column 1 (char 0)
IMG_004093,DEV,,,1.5031874179840088,1,True,True,200,json_parse_failure: Expecting value: line 1 column 1 (char 0)
IMG_004094,DEV,,,1.4864585399627686,1,True,True,200,json_parse_failure: Expecting value: line 1 column 1 (char 0)
IMG_004095,DEV,,,1.5350315570831299,1,True,True,200,json_parse_failure: Expecting value: line 1 column 1 (char 0)
IMG_004096,DEV,,,1.5377240180969238,1,True,True,200,json_parse_failure: Expecting value: line 1 column 1 (char 0)
IMG_004097,DEV,,,1.6393957138061523,1,True,True,200,json_parse_failure: Expecting value: line 1 column 1 (char 0)
IMG_004098,DEV,,,1.5825762748718262,1,True,True,200,json_parse_failure: Expecting value: line 1 column 1 (char 0)
IMG_004099,DEV,,,1.5436062812805176,1,True,True,200,json_parse_failure: Expecting value: line 1 column 1 (char 0)
IMG_004100,DEV,,,1.5308506488800049,1,True,True,200,json_parse_failure: Expecting value: line 1 column 1 (char 0)
IMG_003992,DEV,,,1.4837369918823242,1,True,True,200,json_parse_failure: Expecting value: line 1 column 1 (char 0)
IMG_004101,DEV,,,1.4608516693115234,1,True,True,200,json_parse_failure: Expecting value: line 1 column 1 (char 0)
IMG_004102,VAL,,,1.502854347229004,1,True,True,200,json_parse_failure: Expecting value: line 1 column 1 (char 0)
IMG_004103,VAL,,,1.6343793869018555,1,True,True,200,json_parse_failure: Expecting value: line 1 column 1 (char 0)
IMG_004104,VAL,,,1.5340609550476074,1,True,True,200,json_parse_failure: Expecting value: line 1 column 1 (char 0)
IMG_004105,VAL,,,1.452749490737915,1,True,True,200,json_parse_failure: Expecting value: line 1 column 1 (char 0)
IMG_004106,VAL,,,1.5437753200531006,1,True,True,200,json_parse_failure: Expecting value: line 1 column 1 (char 0)
IMG_004107,VAL,,,1.627462387084961,1,True,True,200,json_parse_failure: Expecting value: line 1 column 1 (char 0)
IMG_004108,VAL,,,1.6080591678619385,1,True,True,200,json_parse_failure: Expecting value: line 1 column 1 (char 0)
IMG_004109,VAL,,,1.575873613357544,1,True,True,200,json_parse_failure: Expecting value: line 1 column 1 (char 0)
IMG_004110,VAL,,,1.5663514137268066,1,True,True,200,json_parse_failure: Expecting value: line 1 column 1 (char 0)
IMG_003993,DEV,,,1.4818787574768066,1,True,True,200,json_parse_failure: Expecting value: line 1 column 1 (char 0)
IMG_004111,VAL,,,1.4877591133117676,1,True,True,200,json_parse_failure: Expecting value: line 1 column 1 (char 0)
IMG_004112,VAL,,,1.5789799690246582,1,True,True,200,json_parse_failure: Expecting value: line 1 column 1 (char 0)
IMG_004113,VAL,,,1.4889509677886963,1,True,True,200,json_parse_failure: Expecting value: line 1 column 1 (char 0)
IMG_004114,VAL,,,1.588501214981079,1,True,True,200,json_parse_failure: Expecting value: line 1 column 1 (char 0)
IMG_004115,VAL,,,1.4955470561981201,1,True,True,200,json_parse_failure: Expecting value: line 1 column 1 (char 0)
IMG_004116,VAL,,,1.6384539604187012,1,True,True,200,json_parse_failure: Expecting value: line 1 column 1 (char 0)
IMG_004117,VAL,,,1.552778720855713,1,True,True,200,json_parse_failure: Expecting value: line 1 column 1 (char 0)
IMG_004118,VAL,,,1.5441596508026123,1,True,True,200,json_parse_failure: Expecting value: line 1 column 1 (char 0)
IMG_004119,VAL,,,1.6007859706878662,1,True,True,200,json_parse_failure: Expecting value: line 1 column 1 (char 0)
IMG_004120,VAL,,,1.6036903858184814,1,True,True,200,json_parse_failure: Expecting value: line 1 column 1 (char 0)
IMG_003994,DEV,,,1.619734764099121,1,True,True,200,json_parse_failure: Expecting value: line 1 column 1 (char 0)
IMG_004121,VAL,,,1.5871598720550537,1,True,True,200,json_parse_failure: Expecting value: line 1 column 1 (char 0)
IMG_004122,VAL,,,1.5212891101837158,1,True,True,200,json_parse_failure: Expecting value: line 1 column 1 (char 0)
IMG_004123,VAL,,,1.5224461555480957,1,True,True,200,json_parse_failure: Expecting value: line 1 column 1 (char 0)
IMG_004124,VAL,,,1.5430021286010742,1,True,True,200,json_parse_failure: Expecting value: line 1 column 1 (char 0)
IMG_004125,VAL,,,1.6273751258850098,1,True,True,200,json_parse_failure: Expecting value: line 1 column 1 (char 0)
IMG_004126,VAL,,,1.5665292739868164,1,True,True,200,json_parse_failure: Expecting value: line 1 column 1 (char 0)
IMG_004127,VAL,,,1.4941434860229492,1,True,True,200,json_parse_failure: Expecting value: line 1 column 1 (char 0)
IMG_004128,VAL,,,1.4762446880340576,1,True,True,200,json_parse_failure: Expecting value: line 1 column 1 (char 0)
IMG_004129,VAL,,,1.5738205909729004,1,True,True,200,json_parse_failure: Expecting value: line 1 column 1 (char 0)
IMG_004130,VAL,,,1.573509931564331,1,True,True,200,json_parse_failure: Expecting value: line 1 column 1 (char 0)
IMG_003995,DEV,,,1.5000457763671875,1,True,True,200,json_parse_failure: Expecting value: line 1 column 1 (char 0)
IMG_004131,VAL,,,1.5219321250915527,1,True,True,200,json_parse_failure: Expecting value: line 1 column 1 (char 0)
IMG_004132,VAL,,,1.5303232669830322,1,True,True,200,json_parse_failure: Expecting value: line 1 column 1 (char 0)
IMG_004133,VAL,,,1.5953302383422852,1,True,True,200,json_parse_failure: Expecting value: line 1 column 1 (char 0)
IMG_004134,VAL,,,1.4711477756500244,1,True,True,200,json_parse_failure: Expecting value: line 1 column 1 (char 0)
IMG_004135,VAL,,,1.6510310173034668,1,True,True,200,json_parse_failure: Expecting value: line 1 column 1 (char 0)
IMG_004136,VAL,,,1.5593745708465576,1,True,True,200,json_parse_failure: Expecting value: line 1 column 1 (char 0)
IMG_004137,VAL,,,1.4137225151062012,1,True,True,200,json_parse_failure: Expecting value: line 1 column 1 (char 0)
IMG_004138,VAL,,,1.6203198432922363,1,True,True,200,json_parse_failure: Expecting value: line 1 column 1 (char 0)
IMG_004139,VAL,,,1.5500755310058594,1,True,True,200,json_parse_failure: Expecting value: line 1 column 1 (char 0)
IMG_004140,VAL,,,1.5723028182983398,1,True,True,200,json_parse_failure: Expecting value: line 1 column 1 (char 0)
IMG_003996,DEV,,,1.626939058303833,1,True,True,200,json_parse_failure: Expecting value: line 1 column 1 (char 0)
IMG_004141,VAL,,,1.545438289642334,1,True,True,200,json_parse_failure: Expecting value: line 1 column 1 (char 0)
IMG_003997,DEV,,,1.6144826412200928,1,True,True,200,json_parse_failure: Expecting value: line 1 column 1 (char 0)
IMG_003998,DEV,,,1.6453919410705566,1,True,True,200,json_parse_failure: Expecting value: line 1 column 1 (char 0)
IMG_003999,DEV,,,1.5536797046661377,1,True,True,200,json_parse_failure: Expecting value: line 1 column 1 (char 0)
IMG_004000,DEV,,,1.3946895599365234,1,True,True,200,json_parse_failure: Expecting value: line 1 column 1 (char 0)
IMG_003882,DEV,,,1.5465705394744873,1,True,True,200,json_parse_failure: Expecting value: line 1 column 1 (char 0)
IMG_003883,DEV,,,2.029428243637085,1,True,True,200,json_parse_failure: Expecting value: line 1 column 1 (char 0)
IMG_003884,DEV,,,1.5122113227844238,1,True,True,200,json_parse_failure: Expecting value: line 1 column 1 (char 0)
IMG_003885,DEV,,,1.5172514915466309,1,True,True,200,json_parse_failure: Expecting value: line 1 column 1 (char 0)
IMG_003886,DEV,,,1.6670494079589844,1,True,True,200,json_parse_failure: Expecting value: line 1 column 1 (char 0)
IMG_003887,DEV,,,1.7401854991912842,1,True,True,200,json_parse_failure: Expecting value: line 1 column 1 (char 0)
IMG_003888,DEV,,,1.7123403549194336,1,True,True,200,json_parse_failure: Expecting value: line 1 column 1 (char 0)
IMG_003889,DEV,,,1.5025627613067627,1,True,True,200,json_parse_failure: Expecting value: line 1 column 1 (char 0)
IMG_003890,DEV,,,1.4756100177764893,1,True,True,200,json_parse_failure: Expecting value: line 1 column 1 (char 0)
IMG_004001,DEV,,,1.5353915691375732,1,True,True,200,json_parse_failure: Expecting value: line 1 column 1 (char 0)
IMG_003891,DEV,,,1.8626654148101807,1,True,True,200,json_parse_failure: Expecting value: line 1 column 1 (char 0)
IMG_003892,DEV,,,1.7124321460723877,1,True,True,200,json_parse_failure: Expecting value: line 1 column 1 (char 0)
IMG_003893,DEV,,,1.5574867725372314,1,True,True,200,json_parse_failure: Expecting value: line 1 column 1 (char 0)
IMG_003894,DEV,,,1.5813591480255127,1,True,True,200,json_parse_failure: Expecting value: line 1 column 1 (char 0)
IMG_003895,DEV,,,1.5973412990570068,1,True,True,200,json_parse_failure: Expecting value: line 1 column 1 (char 0)
IMG_003896,DEV,,,1.5750579833984375,1,True,True,200,json_parse_failure: Expecting value: line 1 column 1 (char 0)
IMG_003897,DEV,,,1.6143994331359863,1,True,True,200,json_parse_failure: Expecting value: line 1 column 1 (char 0)
IMG_003898,DEV,,,1.5333671569824219,1,True,True,200,json_parse_failure: Expecting value: line 1 column 1 (char 0)
IMG_003899,DEV,,,1.4769115447998047,1,True,True,200,json_parse_failure: Expecting value: line 1 column 1 (char 0)
IMG_003900,DEV,,,1.4471156597137451,1,True,True,200,json_parse_failure: Expecting value: line 1 column 1 (char 0)
IMG_004002,DEV,,,1.5038557052612305,1,True,True,200,json_parse_failure: Expecting value: line 1 column 1 (char 0)
IMG_003901,DEV,,,1.8839306831359863,1,True,True,200,json_parse_failure: Expecting value: line 1 column 1 (char 0)
IMG_003902,DEV,,,1.4659695625305176,1,True,True,200,json_parse_failure: Expecting value: line 1 column 1 (char 0)
IMG_003903,DEV,,,1.5201404094696045,1,True,True,200,json_parse_failure: Expecting value: line 1 column 1 (char 0)
IMG_003904,DEV,,,1.4588911533355713,1,True,True,200,json_parse_failure: Expecting value: line 1 column 1 (char 0)
IMG_003905,DEV,,,1.4714584350585938,1,True,True,200,json_parse_failure: Expecting value: line 1 column 1 (char 0)
IMG_003906,DEV,,,1.4887630939483643,1,True,True,200,json_parse_failure: Expecting value: line 1 column 1 (char 0)
IMG_003907,DEV,,,1.5056254863739014,1,True,True,200,json_parse_failure: Expecting value: line 1 column 1 (char 0)
IMG_003908,DEV,,,1.673738718032837,1,True,True,200,json_parse_failure: Expecting value: line 1 column 1 (char 0)
IMG_003909,DEV,,,1.4991741180419922,1,True,True,200,json_parse_failure: Expecting value: line 1 column 1 (char 0)
IMG_003910,DEV,,,1.6649184226989746,1,True,True,200,json_parse_failure: Expecting value: line 1 column 1 (char 0)
IMG_004003,DEV,,,1.5632283687591553,1,True,True,200,json_parse_failure: Expecting value: line 1 column 1 (char 0)
IMG_003911,DEV,,,1.476837158203125,1,True,True,200,json_parse_failure: Expecting value: line 1 column 1 (char 0)
IMG_003912,DEV,,,1.6663322448730469,1,True,True,200,json_parse_failure: Expecting value: line 1 column 1 (char 0)
IMG_003913,DEV,,,1.6249511241912842,1,True,True,200,json_parse_failure: Expecting value: line 1 column 1 (char 0)
IMG_003914,DEV,,,1.5495452880859375,1,True,True,200,json_parse_failure: Expecting value: line 1 column 1 (char 0)
IMG_003915,DEV,,,1.670128583908081,1,True,True,200,json_parse_failure: Expecting value: line 1 column 1 (char 0)
IMG_003916,DEV,,,1.561452865600586,1,True,True,200,json_parse_failure: Expecting value: line 1 column 1 (char 0)
IMG_003917,DEV,,,1.4872570037841797,1,True,True,200,json_parse_failure: Expecting value: line 1 column 1 (char 0)
IMG_003918,DEV,,,1.5044715404510498,1,True,True,200,json_parse_failure: Expecting value: line 1 column 1 (char 0)
IMG_003919,DEV,,,1.7020142078399658,1,True,True,200,json_parse_failure: Expecting value: line 1 column 1 (char 0)
IMG_003920,DEV,,,1.5658245086669922,1,True,True,200,json_parse_failure: Expecting value: line 1 column 1 (char 0)
IMG_004004,DEV,,,1.540400505065918,1,True,True,200,json_parse_failure: Expecting value: line 1 column 1 (char 0)
IMG_003921,DEV,,,1.521939754486084,1,True,True,200,json_parse_failure: Expecting value: line 1 column 1 (char 0)
IMG_003922,DEV,,,1.5623056888580322,1,True,True,200,json_parse_failure: Expecting value: line 1 column 1 (char 0)
IMG_003923,DEV,,,1.622828722000122,1,True,True,200,json_parse_failure: Expecting value: line 1 column 1 (char 0)
IMG_003924,DEV,,,1.5734429359436035,1,True,True,200,json_parse_failure: Expecting value: line 1 column 1 (char 0)
IMG_003925,DEV,,,1.6084964275360107,1,True,True,200,json_parse_failure: Expecting value: line 1 column 1 (char 0)
IMG_003926,DEV,,,1.6883995532989502,1,True,True,200,json_parse_failure: Expecting value: line 1 column 1 (char 0)
IMG_003927,DEV,,,1.5819926261901855,1,True,True,200,json_parse_failure: Expecting value: line 1 column 1 (char 0)
IMG_003928,DEV,,,1.7456417083740234,1,True,True,200,json_parse_failure: Expecting value: line 1 column 1 (char 0)
IMG_003929,DEV,,,1.4391131401062012,1,True,True,200,json_parse_failure: Expecting value: line 1 column 1 (char 0)
IMG_003930,DEV,,,1.5339751243591309,1,True,True,200,json_parse_failure: Expecting value: line 1 column 1 (char 0)
IMG_004005,DEV,,,1.5725128650665283,1,True,True,200,json_parse_failure: Expecting value: line 1 column 1 (char 0)
IMG_003931,DEV,,,1.537522792816162,1,True,True,200,json_parse_failure: Expecting value: line 1 column 1 (char 0)
IMG_003932,DEV,,,1.491976261138916,1,True,True,200,json_parse_failure: Expecting value: line 1 column 1 (char 0)
IMG_003933,DEV,,,1.7221081256866455,1,True,True,200,json_parse_failure: Expecting value: line 1 column 1 (char 0)
IMG_003934,DEV,,,1.4259850978851318,1,True,True,200,json_parse_failure: Expecting value: line 1 column 1 (char 0)
IMG_003935,DEV,,,1.5490472316741943,1,True,True,200,json_parse_failure: Expecting value: line 1 column 1 (char 0)
IMG_003936,DEV,,,1.7948276996612549,1,True,True,200,json_parse_failure: Expecting value: line 1 column 1 (char 0)
IMG_003937,DEV,,,1.6875345706939697,1,True,True,200,json_parse_failure: Expecting value: line 1 column 1 (char 0)
IMG_003938,DEV,,,1.441420316696167,1,True,True,200,json_parse_failure: Expecting value: line 1 column 1 (char 0)
IMG_003939,DEV,,,1.5468225479125977,1,True,True,200,json_parse_failure: Expecting value: line 1 column 1 (char 0)
IMG_003940,DEV,,,1.4948415756225586,1,True,True,200,json_parse_failure: Expecting value: line 1 column 1 (char 0)
IMG_004006,DEV,,,1.5793867111206055,1,True,True,200,json_parse_failure: Expecting value: line 1 column 1 (char 0)
IMG_003941,DEV,,,1.5797197818756104,1,True,True,200,json_parse_failure: Expecting value: line 1 column 1 (char 0)
IMG_003942,VAL,,,1.5917487144470215,1,True,True,200,json_parse_failure: Expecting value: line 1 column 1 (char 0)
IMG_003943,VAL,,,1.5103118419647217,1,True,True,200,json_parse_failure: Expecting value: line 1 column 1 (char 0)
IMG_003944,VAL,,,1.5286281108856201,1,True,True,200,json_parse_failure: Expecting value: line 1 column 1 (char 0)
IMG_003945,VAL,,,1.9154415130615234,1,True,True,200,json_parse_failure: Expecting value: line 1 column 1 (char 0)
IMG_003946,VAL,,,1.5586051940917969,1,True,True,200,json_parse_failure: Expecting value: line 1 column 1 (char 0)
IMG_003947,VAL,,,1.6221323013305664,1,True,True,200,json_parse_failure: Expecting value: line 1 column 1 (char 0)
IMG_003948,VAL,,,1.6987450122833252,1,True,True,200,json_parse_failure: Expecting value: line 1 column 1 (char 0)
IMG_003949,VAL,,,1.4462699890136719,1,True,True,200,json_parse_failure: Expecting value: line 1 column 1 (char 0)
IMG_003950,VAL,,,1.6861553192138672,1,True,True,200,json_parse_failure: Expecting value: line 1 column 1 (char 0)
IMG_004007,DEV,,,1.503950595855713,1,True,True,200,json_parse_failure: Expecting value: line 1 column 1 (char 0)
IMG_003951,VAL,,,1.4204187393188477,1,True,True,200,json_parse_failure: Expecting value: line 1 column 1 (char 0)
IMG_003952,VAL,,,1.5044398307800293,1,True,True,200,json_parse_failure: Expecting value: line 1 column 1 (char 0)
IMG_003953,VAL,,,1.6035375595092773,1,True,True,200,json_parse_failure: Expecting value: line 1 column 1 (char 0)
IMG_003954,VAL,,,1.47125244140625,1,True,True,200,json_parse_failure: Expecting value: line 1 column 1 (char 0)
IMG_003955,VAL,,,1.5653936862945557,1,True,True,200,json_parse_failure: Expecting value: line 1 column 1 (char 0)
IMG_003956,VAL,,,1.5015361309051514,1,True,True,200,json_parse_failure: Expecting value: line 1 column 1 (char 0)
IMG_003957,VAL,,,1.524174451828003,1,True,True,200,json_parse_failure: Expecting value: line 1 column 1 (char 0)
IMG_003958,VAL,,,1.6080806255340576,1,True,True,200,json_parse_failure: Expecting value: line 1 column 1 (char 0)
IMG_003959,VAL,,,1.4347004890441895,1,True,True,200,json_parse_failure: Expecting value: line 1 column 1 (char 0)
IMG_003960,VAL,,,1.4953410625457764,1,True,True,200,json_parse_failure: Expecting value: line 1 column 1 (char 0)
IMG_004008,DEV,,,1.4472556114196777,1,True,True,200,json_parse_failure: Expecting value: line 1 column 1 (char 0)
IMG_003961,VAL,,,1.3942711353302002,1,True,True,200,json_parse_failure: Expecting value: line 1 column 1 (char 0)
IMG_004009,DEV,,,1.4952762126922607,1,True,True,200,json_parse_failure: Expecting value: line 1 column 1 (char 0)
IMG_004010,DEV,,,1.4370131492614746,1,True,True,200,json_parse_failure: Expecting value: line 1 column 1 (char 0)
IMG_003702,DEV,,,1.5421617031097412,1,True,True,200,json_parse_failure: Expecting value: line 1 column 1 (char 0)
IMG_003703,DEV,,,1.6228694915771484,1,True,True,200,json_parse_failure: Expecting value: line 1 column 1 (char 0)
IMG_003704,DEV,,,1.6079349517822266,1,True,True,200,json_parse_failure: Expecting value: line 1 column 1 (char 0)
IMG_003705,DEV,,,1.713064432144165,1,True,True,200,json_parse_failure: Expecting value: line 1 column 1 (char 0)
IMG_003706,DEV,,,1.4361193180084229,1,True,True,200,json_parse_failure: Expecting value: line 1 column 1 (char 0)
IMG_003707,DEV,,,1.5383656024932861,1,True,True,200,json_parse_failure: Expecting value: line 1 column 1 (char 0)
IMG_003708,DEV,,,1.660003423690796,1,True,True,200,json_parse_failure: Expecting value: line 1 column 1 (char 0)
IMG_003709,DEV,,,1.6665127277374268,1,True,True,200,json_parse_failure: Expecting value: line 1 column 1 (char 0)
IMG_003710,DEV,,,1.678877830505371,1,True,True,200,json_parse_failure: Expecting value: line 1 column 1 (char 0)
IMG_004011,DEV,,,1.4558908939361572,1,True,True,200,json_parse_failure: Expecting value: line 1 column 1 (char 0)
IMG_003711,DEV,,,1.5633816719055176,1,True,True,200,json_parse_failure: Expecting value: line 1 column 1 (char 0)
IMG_003712,DEV,,,1.4774062633514404,1,True,True,200,json_parse_failure: Expecting value: line 1 column 1 (char 0)
IMG_003713,DEV,,,1.5401463508605957,1,True,True,200,json_parse_failure: Expecting value: line 1 column 1 (char 0)
IMG_003714,DEV,,,1.6773114204406738,1,True,True,200,json_parse_failure: Expecting value: line 1 column 1 (char 0)
IMG_003715,DEV,,,1.5345633029937744,1,True,True,200,json_parse_failure: Expecting value: line 1 column 1 (char 0)
IMG_003716,DEV,,,1.6679801940917969,1,True,True,200,json_parse_failure: Expecting value: line 1 column 1 (char 0)
IMG_003717,DEV,,,1.4528741836547852,1,True,True,200,json_parse_failure: Expecting value: line 1 column 1 (char 0)
IMG_003718,DEV,,,1.8154845237731934,1,True,True,200,json_parse_failure: Expecting value: line 1 column 1 (char 0)
IMG_003719,DEV,,,1.4973087310791016,1,True,True,200,json_parse_failure: Expecting value: line 1 column 1 (char 0)
IMG_003720,DEV,,,1.4927489757537842,1,True,True,200,json_parse_failure: Expecting value: line 1 column 1 (char 0)
IMG_004012,DEV,,,1.556704044342041,1,True,True,200,json_parse_failure: Expecting value: line 1 column 1 (char 0)
IMG_003721,DEV,,,1.5817341804504395,1,True,True,200,json_parse_failure: Expecting value: line 1 column 1 (char 0)
IMG_003722,DEV,,,1.479778528213501,1,True,True,200,json_parse_failure: Expecting value: line 1 column 1 (char 0)
IMG_003723,DEV,,,2.066457748413086,1,True,True,200,json_parse_failure: Expecting value: line 1 column 1 (char 0)
IMG_003724,DEV,,,1.496182918548584,1,True,True,200,json_parse_failure: Expecting value: line 1 column 1 (char 0)
IMG_003725,DEV,,,1.643256664276123,1,True,True,200,json_parse_failure: Expecting value: line 1 column 1 (char 0)
IMG_003726,DEV,,,1.5280885696411133,1,True,True,200,json_parse_failure: Expecting value: line 1 column 1 (char 0)
IMG_003727,DEV,,,1.6339168548583984,1,True,True,200,json_parse_failure: Expecting value: line 1 column 1 (char 0)
IMG_003728,DEV,,,1.3956904411315918,1,True,True,200,json_parse_failure: Expecting value: line 1 column 1 (char 0)
IMG_003729,DEV,,,1.468141794204712,1,True,True,200,json_parse_failure: Expecting value: line 1 column 1 (char 0)
IMG_003730,DEV,,,1.6888697147369385,1,True,True,200,json_parse_failure: Expecting value: line 1 column 1 (char 0)
IMG_004013,DEV,,,1.5311262607574463,1,True,True,200,json_parse_failure: Expecting value: line 1 column 1 (char 0)
IMG_003731,DEV,,,1.669081211090088,1,True,True,200,json_parse_failure: Expecting value: line 1 column 1 (char 0)
IMG_003732,DEV,,,1.4576542377471924,1,True,True,200,json_parse_failure: Expecting value: line 1 column 1 (char 0)
IMG_003733,DEV,,,1.4483273029327393,1,True,True,200,json_parse_failure: Expecting value: line 1 column 1 (char 0)
IMG_003734,DEV,,,1.7689149379730225,1,True,True,200,json_parse_failure: Expecting value: line 1 column 1 (char 0)
IMG_003735,DEV,,,1.5424284934997559,1,True,True,200,json_parse_failure: Expecting value: line 1 column 1 (char 0)
IMG_003736,DEV,,,2.0431931018829346,1,True,True,200,json_parse_failure: Expecting value: line 1 column 1 (char 0)
IMG_003737,DEV,,,1.7397427558898926,1,True,True,200,json_parse_failure: Expecting value: line 1 column 1 (char 0)
IMG_003738,DEV,,,1.6844961643218994,1,True,True,200,json_parse_failure: Expecting value: line 1 column 1 (char 0)
IMG_003739,DEV,,,1.4830400943756104,1,True,True,200,json_parse_failure: Expecting value: line 1 column 1 (char 0)
IMG_003740,DEV,,,1.763312578201294,1,True,True,200,json_parse_failure: Expecting value: line 1 column 1 (char 0)
IMG_004014,DEV,,,1.518496036529541,1,True,True,200,json_parse_failure: Expecting value: line 1 column 1 (char 0)
IMG_003741,DEV,,,1.3918933868408203,1,True,True,200,json_parse_failure: Expecting value: line 1 column 1 (char 0)
IMG_003742,DEV,,,1.423363208770752,1,True,True,200,json_parse_failure: Expecting value: line 1 column 1 (char 0)
IMG_003743,DEV,,,1.4508018493652344,1,True,True,200,json_parse_failure: Expecting value: line 1 column 1 (char 0)
IMG_003744,DEV,,,1.9142072200775146,1,True,True,200,json_parse_failure: Expecting value: line 1 column 1 (char 0)
IMG_003745,DEV,,,1.530472755432129,1,True,True,200,json_parse_failure: Expecting value: line 1 column 1 (char 0)
IMG_003746,DEV,,,1.5175371170043945,1,True,True,200,json_parse_failure: Expecting value: line 1 column 1 (char 0)
IMG_003747,DEV,,,1.4702298641204834,1,True,True,200,json_parse_failure: Expecting value: line 1 column 1 (char 0)
IMG_003748,DEV,,,1.4623956680297852,1,True,True,200,json_parse_failure: Expecting value: line 1 column 1 (char 0)
IMG_003749,DEV,,,1.5415868759155273,1,True,True,200,json_parse_failure: Expecting value: line 1 column 1 (char 0)
IMG_003750,DEV,,,1.4517269134521484,1,True,True,200,json_parse_failure: Expecting value: line 1 column 1 (char 0)
IMG_004015,DEV,,,1.5570495128631592,1,True,True,200,json_parse_failure: Expecting value: line 1 column 1 (char 0)
IMG_003751,DEV,,,1.7156040668487549,1,True,True,200,json_parse_failure: Expecting value: line 1 column 1 (char 0)
IMG_003752,DEV,,,1.8997042179107666,1,True,True,200,json_parse_failure: Expecting value: line 1 column 1 (char 0)
IMG_003753,DEV,,,1.5712549686431885,1,True,True,200,json_parse_failure: Expecting value: line 1 column 1 (char 0)
IMG_003754,DEV,,,1.8668663501739502,1,True,True,200,json_parse_failure: Expecting value: line 1 column 1 (char 0)
IMG_003755,DEV,,,1.7761189937591553,1,True,True,200,json_parse_failure: Expecting value: line 1 column 1 (char 0)
IMG_003756,DEV,,,1.72465181350708,1,True,True,200,json_parse_failure: Expecting value: line 1 column 1 (char 0)
IMG_003757,DEV,,,1.4760894775390625,1,True,True,200,json_parse_failure: Expecting value: line 1 column 1 (char 0)
IMG_003758,DEV,,,1.4417636394500732,1,True,True,200,json_parse_failure: Expecting value: line 1 column 1 (char 0)
IMG_003759,DEV,,,1.5435726642608643,1,True,True,200,json_parse_failure: Expecting value: line 1 column 1 (char 0)
IMG_003760,DEV,,,1.5996801853179932,1,True,True,200,json_parse_failure: Expecting value: line 1 column 1 (char 0)
IMG_004016,DEV,,,1.4636518955230713,1,True,True,200,json_parse_failure: Expecting value: line 1 column 1 (char 0)
IMG_003761,DEV,,,1.7808496952056885,1,True,True,200,json_parse_failure: Expecting value: line 1 column 1 (char 0)
IMG_003762,DEV,,,1.4975254535675049,1,True,True,200,json_parse_failure: Expecting value: line 1 column 1 (char 0)
IMG_003763,DEV,,,1.6161677837371826,1,True,True,200,json_parse_failure: Expecting value: line 1 column 1 (char 0)
IMG_003764,DEV,,,1.792548656463623,1,True,True,200,json_parse_failure: Expecting value: line 1 column 1 (char 0)
IMG_003765,DEV,,,1.6391446590423584,1,True,True,200,json_parse_failure: Expecting value: line 1 column 1 (char 0)
IMG_003766,DEV,,,1.7429873943328857,1,True,True,200,json_parse_failure: Expecting value: line 1 column 1 (char 0)
IMG_003767,DEV,,,1.8733882904052734,1,True,True,200,json_parse_failure: Expecting value: line 1 column 1 (char 0)
IMG_003768,DEV,,,1.5930962562561035,1,True,True,200,json_parse_failure: Expecting value: line 1 column 1 (char 0)
IMG_003769,DEV,,,1.7047343254089355,1,True,True,200,json_parse_failure: Expecting value: line 1 column 1 (char 0)
IMG_003770,DEV,,,1.677109718322754,1,True,True,200,json_parse_failure: Expecting value: line 1 column 1 (char 0)
IMG_004017,DEV,,,1.5033669471740723,1,True,True,200,json_parse_failure: Expecting value: line 1 column 1 (char 0)
IMG_003771,DEV,,,1.800555944442749,1,True,True,200,json_parse_failure: Expecting value: line 1 column 1 (char 0)
IMG_003772,DEV,,,1.7813479900360107,1,True,True,200,json_parse_failure: Expecting value: line 1 column 1 (char 0)
IMG_003773,DEV,,,1.6453018188476562,1,True,True,200,json_parse_failure: Expecting value: line 1 column 1 (char 0)
IMG_003774,DEV,,,1.5914514064788818,1,True,True,200,json_parse_failure: Expecting value: line 1 column 1 (char 0)
IMG_003775,DEV,,,1.7463867664337158,1,True,True,200,json_parse_failure: Expecting value: line 1 column 1 (char 0)
IMG_003776,DEV,,,1.8501014709472656,1,True,True,200,json_parse_failure: Expecting value: line 1 column 1 (char 0)
IMG_003777,DEV,,,1.867762804031372,1,True,True,200,json_parse_failure: Expecting value: line 1 column 1 (char 0)
IMG_003778,DEV,,,1.5609543323516846,1,True,True,200,json_parse_failure: Expecting value: line 1 column 1 (char 0)
IMG_003779,DEV,,,1.594663143157959,1,True,True,200,json_parse_failure: Expecting value: line 1 column 1 (char 0)
IMG_003780,DEV,,,1.6944482326507568,1,True,True,200,json_parse_failure: Expecting value: line 1 column 1 (char 0)
IMG_004018,DEV,,,1.4718208312988281,1,True,True,200,json_parse_failure: Expecting value: line 1 column 1 (char 0)
IMG_003781,DEV,,,1.702789306640625,1,True,True,200,json_parse_failure: Expecting value: line 1 column 1 (char 0)
IMG_003782,DEV,,,1.590407371520996,1,True,True,200,json_parse_failure: Expecting value: line 1 column 1 (char 0)
IMG_003783,DEV,,,1.6306278705596924,1,True,True,200,json_parse_failure: Expecting value: line 1 column 1 (char 0)
IMG_003784,DEV,,,1.609769344329834,1,True,True,200,json_parse_failure: Expecting value: line 1 column 1 (char 0)
IMG_003785,DEV,,,1.6609039306640625,1,True,True,200,json_parse_failure: Expecting value: line 1 column 1 (char 0)
IMG_003786,DEV,,,1.7148971557617188,1,True,True,200,json_parse_failure: Expecting value: line 1 column 1 (char 0)
IMG_003787,DEV,,,1.57047700881958,1,True,True,200,json_parse_failure: Expecting value: line 1 column 1 (char 0)
IMG_003788,DEV,,,1.6485531330108643,1,True,True,200,json_parse_failure: Expecting value: line 1 column 1 (char 0)
IMG_003789,DEV,,,1.5895562171936035,1,True,True,200,json_parse_failure: Expecting value: line 1 column 1 (char 0)
IMG_003790,DEV,,,1.526582956314087,1,True,True,200,json_parse_failure: Expecting value: line 1 column 1 (char 0)
IMG_004019,DEV,,,1.492218255996704,1,True,True,200,json_parse_failure: Expecting value: line 1 column 1 (char 0)
IMG_003791,DEV,,,1.617455005645752,1,True,True,200,json_parse_failure: Expecting value: line 1 column 1 (char 0)
IMG_003792,DEV,,,1.6017570495605469,1,True,True,200,json_parse_failure: Expecting value: line 1 column 1 (char 0)
IMG_003793,DEV,,,1.6648402214050293,1,True,True,200,json_parse_failure: Expecting value: line 1 column 1 (char 0)
IMG_003794,DEV,,,1.67258620262146,1,True,True,200,json_parse_failure: Expecting value: line 1 column 1 (char 0)
IMG_003795,DEV,,,1.4879045486450195,1,True,True,200,json_parse_failure: Expecting value: line 1 column 1 (char 0)
IMG_003796,DEV,,,1.6255695819854736,1,True,True,200,json_parse_failure: Expecting value: line 1 column 1 (char 0)
IMG_003797,DEV,,,1.5423192977905273,1,True,True,200,json_parse_failure: Expecting value: line 1 column 1 (char 0)
IMG_003798,DEV,,,1.5004398822784424,1,True,True,200,json_parse_failure: Expecting value: line 1 column 1 (char 0)
IMG_003799,DEV,,,1.7598602771759033,1,True,True,200,json_parse_failure: Expecting value: line 1 column 1 (char 0)
IMG_003800,DEV,,,1.4887292385101318,1,True,True,200,json_parse_failure: Expecting value: line 1 column 1 (char 0)
IMG_004020,DEV,,,1.4708192348480225,1,True,True,200,json_parse_failure: Expecting value: line 1 column 1 (char 0)
IMG_003801,DEV,,,1.5593726634979248,1,True,True,200,json_parse_failure: Expecting value: line 1 column 1 (char 0)
IMG_003802,DEV,,,1.3986515998840332,1,True,True,200,json_parse_failure: Expecting value: line 1 column 1 (char 0)
IMG_003803,DEV,,,1.6648674011230469,1,True,True,200,json_parse_failure: Expecting value: line 1 column 1 (char 0)
IMG_003804,DEV,,,1.59507417678833,1,True,True,200,json_parse_failure: Expecting value: line 1 column 1 (char 0)
IMG_003805,DEV,,,1.4770238399505615,1,True,True,200,json_parse_failure: Expecting value: line 1 column 1 (char 0)
IMG_003806,DEV,,,1.530949592590332,1,True,True,200,json_parse_failure: Expecting value: line 1 column 1 (char 0)
IMG_003807,DEV,,,1.8935189247131348,1,True,True,200,json_parse_failure: Expecting value: line 1 column 1 (char 0)
IMG_003808,DEV,,,1.5125782489776611,1,True,True,200,json_parse_failure: Expecting value: line 1 column 1 (char 0)
IMG_003809,DEV,,,1.5234801769256592,1,True,True,200,json_parse_failure: Expecting value: line 1 column 1 (char 0)
IMG_003810,DEV,,,1.558722972869873,1,True,True,200,json_parse_failure: Expecting value: line 1 column 1 (char 0)
IMG_004021,DEV,,,1.5052034854888916,1,True,True,200,json_parse_failure: Expecting value: line 1 column 1 (char 0)
IMG_003811,DEV,,,1.5165445804595947,1,True,True,200,json_parse_failure: Expecting value: line 1 column 1 (char 0)
IMG_003812,VAL,,,2.057692766189575,1,True,True,200,json_parse_failure: Expecting value: line 1 column 1 (char 0)
IMG_003813,VAL,,,1.7679407596588135,1,True,True,200,json_parse_failure: Expecting value: line 1 column 1 (char 0)
IMG_003814,VAL,,,1.4883477687835693,1,True,True,200,json_parse_failure: Expecting value: line 1 column 1 (char 0)
IMG_003815,VAL,,,1.6686480045318604,1,True,True,200,json_parse_failure: Expecting value: line 1 column 1 (char 0)
IMG_003816,VAL,,,1.4038660526275635,1,True,True,200,json_parse_failure: Expecting value: line 1 column 1 (char 0)
IMG_003817,VAL,,,1.558344841003418,1,True,True,200,json_parse_failure: Expecting value: line 1 column 1 (char 0)
IMG_003818,VAL,,,1.7410452365875244,1,True,True,200,json_parse_failure: Expecting value: line 1 column 1 (char 0)
IMG_003819,VAL,,,1.5214197635650635,1,True,True,200,json_parse_failure: Expecting value: line 1 column 1 (char 0)
IMG_003820,VAL,,,1.7417912483215332,1,True,True,200,json_parse_failure: Expecting value: line 1 column 1 (char 0)
IMG_004022,DEV,,,1.576383352279663,1,True,True,200,json_parse_failure: Expecting value: line 1 column 1 (char 0)
IMG_003821,VAL,,,1.4563627243041992,1,True,True,200,json_parse_failure: Expecting value: line 1 column 1 (char 0)
IMG_003822,VAL,,,1.638533592224121,1,True,True,200,json_parse_failure: Expecting value: line 1 column 1 (char 0)
IMG_003823,VAL,,,1.4913713932037354,1,True,True,200,json_parse_failure: Expecting value: line 1 column 1 (char 0)
IMG_003824,VAL,,,1.6951813697814941,1,True,True,200,json_parse_failure: Expecting value: line 1 column 1 (char 0)
IMG_003825,VAL,,,1.669945240020752,1,True,True,200,json_parse_failure: Expecting value: line 1 column 1 (char 0)
IMG_003826,VAL,,,1.5156078338623047,1,True,True,200,json_parse_failure: Expecting value: line 1 column 1 (char 0)
IMG_003827,VAL,,,1.6652860641479492,1,True,True,200,json_parse_failure: Expecting value: line 1 column 1 (char 0)
IMG_003828,VAL,,,1.6312999725341797,1,True,True,200,json_parse_failure: Expecting value: line 1 column 1 (char 0)
IMG_003829,VAL,,,1.5130665302276611,1,True,True,200,json_parse_failure: Expecting value: line 1 column 1 (char 0)
IMG_003830,VAL,,,1.6053993701934814,1,True,True,200,json_parse_failure: Expecting value: line 1 column 1 (char 0)
IMG_004023,DEV,,,1.503899097442627,1,True,True,200,json_parse_failure: Expecting value: line 1 column 1 (char 0)
IMG_003831,VAL,,,1.5994453430175781,1,True,True,200,json_parse_failure: Expecting value: line 1 column 1 (char 0)
IMG_003832,VAL,,,1.7958645820617676,1,True,True,200,json_parse_failure: Expecting value: line 1 column 1 (char 0)
IMG_003833,VAL,,,1.5228283405303955,1,True,True,200,json_parse_failure: Expecting value: line 1 column 1 (char 0)
IMG_003834,VAL,,,1.5125155448913574,1,True,True,200,json_parse_failure: Expecting value: line 1 column 1 (char 0)
IMG_003835,VAL,,,1.4750804901123047,1,True,True,200,json_parse_failure: Expecting value: line 1 column 1 (char 0)
IMG_003836,VAL,,,1.5133483409881592,1,True,True,200,json_parse_failure: Expecting value: line 1 column 1 (char 0)
IMG_003837,VAL,,,1.5793344974517822,1,True,True,200,json_parse_failure: Expecting value: line 1 column 1 (char 0)
IMG_003838,VAL,,,1.5824363231658936,1,True,True,200,json_parse_failure: Expecting value: line 1 column 1 (char 0)
IMG_003839,VAL,,,1.7069790363311768,1,True,True,200,json_parse_failure: Expecting value: line 1 column 1 (char 0)
IMG_003840,VAL,,,1.5907342433929443,1,True,True,200,json_parse_failure: Expecting value: line 1 column 1 (char 0)
IMG_004024,DEV,,,1.5115466117858887,1,True,True,200,json_parse_failure: Expecting value: line 1 column 1 (char 0)
IMG_003841,VAL,,,3.517866611480713,1,True,True,200,json_parse_failure: Expecting value: line 1 column 1 (char 0)
IMG_003842,VAL,,,1.490678071975708,1,True,True,200,json_parse_failure: Expecting value: line 1 column 1 (char 0)
IMG_003843,VAL,,,1.6289942264556885,1,True,True,200,json_parse_failure: Expecting value: line 1 column 1 (char 0)
IMG_003844,VAL,,,1.561882734298706,1,True,True,200,json_parse_failure: Expecting value: line 1 column 1 (char 0)
IMG_003845,VAL,,,1.4934723377227783,1,True,True,200,json_parse_failure: Expecting value: line 1 column 1 (char 0)
IMG_003846,VAL,,,1.5561728477478027,1,True,True,200,json_parse_failure: Expecting value: line 1 column 1 (char 0)
IMG_003847,VAL,,,2.815229892730713,1,True,True,200,json_parse_failure: Expecting value: line 1 column 1 (char 0)
IMG_003848,VAL,,,1.4116086959838867,1,True,True,200,json_parse_failure: Expecting value: line 1 column 1 (char 0)
IMG_003849,VAL,,,1.7234928607940674,1,True,True,200,json_parse_failure: Expecting value: line 1 column 1 (char 0)
IMG_003850,VAL,,,1.6960458755493164,1,True,True,200,json_parse_failure: Expecting value: line 1 column 1 (char 0)
IMG_004025,DEV,,,1.4833738803863525,1,True,True,200,json_parse_failure: Expecting value: line 1 column 1 (char 0)
IMG_003851,VAL,,,3.082331418991089,1,True,True,200,json_parse_failure: Expecting value: line 1 column 1 (char 0)
IMG_004026,DEV,,,1.522599697113037,1,True,True,200,json_parse_failure: Expecting value: line 1 column 1 (char 0)
IMG_004027,DEV,,,1.4710819721221924,1,True,True,200,json_parse_failure: Expecting value: line 1 column 1 (char 0)
IMG_004028,DEV,,,1.5293114185333252,1,True,True,200,json_parse_failure: Expecting value: line 1 column 1 (char 0)
IMG_004182,DEV,,,1.672316074371338,1,True,True,200,json_parse_failure: Expecting value: line 1 column 1 (char 0)
IMG_004183,DEV,,,1.6570677757263184,1,True,True,200,json_parse_failure: Expecting value: line 1 column 1 (char 0)
IMG_004184,DEV,,,1.4313898086547852,1,True,True,200,json_parse_failure: Expecting value: line 1 column 1 (char 0)
IMG_004185,DEV,,,1.5031747817993164,1,True,True,200,json_parse_failure: Expecting value: line 1 column 1 (char 0)
IMG_004186,DEV,,,1.4808802604675293,1,True,True,200,json_parse_failure: Expecting value: line 1 column 1 (char 0)
IMG_004187,DEV,,,1.585829496383667,1,True,True,200,json_parse_failure: Expecting value: line 1 column 1 (char 0)
IMG_004188,DEV,,,1.532242774963379,1,True,True,200,json_parse_failure: Expecting value: line 1 column 1 (char 0)
IMG_004189,DEV,,,1.5571160316467285,1,True,True,200,json_parse_failure: Expecting value: line 1 column 1 (char 0)
IMG_004190,DEV,,,1.5758943557739258,1,True,True,200,json_parse_failure: Expecting value: line 1 column 1 (char 0)
IMG_004029,DEV,,,1.5088863372802734,1,True,True,200,json_parse_failure: Expecting value: line 1 column 1 (char 0)
IMG_004191,DEV,,,1.5498368740081787,1,True,True,200,json_parse_failure: Expecting value: line 1 column 1 (char 0)
IMG_004192,DEV,,,1.5487465858459473,1,True,True,200,json_parse_failure: Expecting value: line 1 column 1 (char 0)
IMG_004193,DEV,,,1.5886492729187012,1,True,True,200,json_parse_failure: Expecting value: line 1 column 1 (char 0)
IMG_004194,DEV,,,1.7578535079956055,1,True,True,200,json_parse_failure: Expecting value: line 1 column 1 (char 0)
IMG_004195,DEV,,,1.478342056274414,1,True,True,200,json_parse_failure: Expecting value: line 1 column 1 (char 0)
IMG_004196,DEV,,,1.5651123523712158,1,True,True,200,json_parse_failure: Expecting value: line 1 column 1 (char 0)
IMG_004197,DEV,,,1.601393222808838,1,True,True,200,json_parse_failure: Expecting value: line 1 column 1 (char 0)
IMG_004198,DEV,,,1.474228858947754,1,True,True,200,json_parse_failure: Expecting value: line 1 column 1 (char 0)
IMG_004199,DEV,,,1.5363616943359375,1,True,True,200,json_parse_failure: Expecting value: line 1 column 1 (char 0)
IMG_004200,DEV,,,1.5675764083862305,1,True,True,200,json_parse_failure: Expecting value: line 1 column 1 (char 0)
IMG_004030,DEV,,,1.5368883609771729,1,True,True,200,json_parse_failure: Expecting value: line 1 column 1 (char 0)
IMG_004201,DEV,,,1.4973945617675781,1,True,True,200,json_parse_failure: Expecting value: line 1 column 1 (char 0)
IMG_004031,DEV,,,1.4708168506622314,1,True,True,200,json_parse_failure: Expecting value: line 1 column 1 (char 0)
IMG_004032,DEV,,,1.516913652420044,1,True,True,200,json_parse_failure: Expecting value: line 1 column 1 (char 0)
IMG_004033,DEV,,,1.4833452701568604,1,True,True,200,json_parse_failure: Expecting value: line 1 column 1 (char 0)
IMG_004034,DEV,,,1.4013011455535889,1,True,True,200,json_parse_failure: Expecting value: line 1 column 1 (char 0)
IMG_004035,DEV,,,1.5618698596954346,1,True,True,200,json_parse_failure: Expecting value: line 1 column 1 (char 0)
IMG_004036,DEV,,,1.3862559795379639,1,True,True,200,json_parse_failure: Expecting value: line 1 column 1 (char 0)
IMG_004037,DEV,,,1.631591558456421,1,True,True,200,json_parse_failure: Expecting value: line 1 column 1 (char 0)
IMG_004038,DEV,,,1.5742409229278564,1,True,True,200,json_parse_failure: Expecting value: line 1 column 1 (char 0)
IMG_004039,DEV,,,1.476017951965332,1,True,True,200,json_parse_failure: Expecting value: line 1 column 1 (char 0)
IMG_004040,DEV,,,1.5632688999176025,1,True,True,200,json_parse_failure: Expecting value: line 1 column 1 (char 0)
IMG_004041,DEV,,,1.5020396709442139,1,True,True,200,json_parse_failure: Expecting value: line 1 column 1 (char 0)
IMG_004042,DEV,,,1.4854958057403564,1,True,True,200,json_parse_failure: Expecting value: line 1 column 1 (char 0)
IMG_004043,DEV,,,1.5140914916992188,1,True,True,200,json_parse_failure: Expecting value: line 1 column 1 (char 0)
IMG_004044,DEV,,,1.498518466949463,1,True,True,200,json_parse_failure: Expecting value: line 1 column 1 (char 0)
IMG_004045,DEV,,,1.527397871017456,1,True,True,200,json_parse_failure: Expecting value: line 1 column 1 (char 0)
IMG_004046,DEV,,,1.5438942909240723,1,True,True,200,json_parse_failure: Expecting value: line 1 column 1 (char 0)
IMG_004047,DEV,,,1.4147584438323975,1,True,True,200,json_parse_failure: Expecting value: line 1 column 1 (char 0)
IMG_004048,DEV,,,1.5521717071533203,1,True,True,200,json_parse_failure: Expecting value: line 1 column 1 (char 0)
IMG_004049,DEV,,,1.4846105575561523,1,True,True,200,json_parse_failure: Expecting value: line 1 column 1 (char 0)
IMG_004050,DEV,,,1.4934625625610352,1,True,True,200,json_parse_failure: Expecting value: line 1 column 1 (char 0)
IMG_004051,DEV,,,1.4615437984466553,1,True,True,200,json_parse_failure: Expecting value: line 1 column 1 (char 0)
IMG_004052,DEV,,,1.5278677940368652,1,True,True,200,json_parse_failure: Expecting value: line 1 column 1 (char 0)
IMG_004053,DEV,,,1.4990527629852295,1,True,True,200,json_parse_failure: Expecting value: line 1 column 1 (char 0)
IMG_004054,DEV,,,1.5198118686676025,1,True,True,200,json_parse_failure: Expecting value: line 1 column 1 (char 0)
IMG_004055,DEV,,,1.5983197689056396,1,True,True,200,json_parse_failure: Expecting value: line 1 column 1 (char 0)
IMG_004056,DEV,,,1.455143690109253,1,True,True,200,json_parse_failure: Expecting value: line 1 column 1 (char 0)
IMG_004057,DEV,,,1.4922430515289307,1,True,True,200,json_parse_failure: Expecting value: line 1 column 1 (char 0)
IMG_004058,DEV,,,1.474050760269165,1,True,True,200,json_parse_failure: Expecting value: line 1 column 1 (char 0)
IMG_004059,DEV,,,1.5631253719329834,1,True,True,200,json_parse_failure: Expecting value: line 1 column 1 (char 0)
IMG_004060,DEV,,,1.439568042755127,1,True,True,200,json_parse_failure: Expecting value: line 1 column 1 (char 0)
IMG_004061,DEV,,,1.448490858078003,1,True,True,200,json_parse_failure: Expecting value: line 1 column 1 (char 0)
IMG_004062,DEV,,,1.4543824195861816,1,True,True,200,json_parse_failure: Expecting value: line 1 column 1 (char 0)
IMG_004063,DEV,,,1.5735487937927246,1,True,True,200,json_parse_failure: Expecting value: line 1 column 1 (char 0)
IMG_004064,DEV,,,1.4612936973571777,1,True,True,200,json_parse_failure: Expecting value: line 1 column 1 (char 0)
IMG_004065,DEV,,,1.4786863327026367,1,True,True,200,json_parse_failure: Expecting value: line 1 column 1 (char 0)
IMG_004066,DEV,,,1.531785488128662,1,True,True,200,json_parse_failure: Expecting value: line 1 column 1 (char 0)
IMG_004067,DEV,,,1.4601120948791504,1,True,True,200,json_parse_failure: Expecting value: line 1 column 1 (char 0)
IMG_004068,DEV,,,1.556239366531372,1,True,True,200,json_parse_failure: Expecting value: line 1 column 1 (char 0)
IMG_004069,DEV,,,1.501507043838501,1,True,True,200,json_parse_failure: Expecting value: line 1 column 1 (char 0)
IMG_004070,DEV,,,1.450805425643921,1,True,True,200,json_parse_failure: Expecting value: line 1 column 1 (char 0)
IMG_004071,DEV,,,1.4535903930664062,1,True,True,200,json_parse_failure: Expecting value: line 1 column 1 (char 0)
IMG_004073,DEV,,,1.5068845748901367,1,True,True,200,json_parse_failure: Expecting value: line 1 column 1 (char 0)
IMG_004074,DEV,,,1.5067405700683594,1,True,True,200,json_parse_failure: Expecting value: line 1 column 1 (char 0)
IMG_004075,DEV,,,1.4860162734985352,1,True,True,200,json_parse_failure: Expecting value: line 1 column 1 (char 0)
IMG_004076,DEV,,,1.5041029453277588,1,True,True,200,json_parse_failure: Expecting value: line 1 column 1 (char 0)
IMG_004077,DEV,,,1.5229101181030273,1,True,True,200,json_parse_failure: Expecting value: line 1 column 1 (char 0)
IMG_004078,DEV,,,1.51521635055542,1,True,True,200,json_parse_failure: Expecting value: line 1 column 1 (char 0)
IMG_004079,DEV,,,1.4924519062042236,1,True,True,200,json_parse_failure: Expecting value: line 1 column 1 (char 0)
IMG_004080,DEV,,,1.5816268920898438,1,True,True,200,json_parse_failure: Expecting value: line 1 column 1 (char 0)
IMG_004081,DEV,,,1.5837669372558594,1,True,True,200,json_parse_failure: Expecting value: line 1 column 1 (char 0)
