media_id,image_path,image_sha256,event_label,sample_role,scenario_id,group_id,original_split,p2_internal_role,source_type
IMG_003702,/home/yanbo/下载/batches/batch_person-fallen-v2-camera1p5m/final/301_h01-sitting-on-floor-01.png,5f82ee8030a64dfae05bb4583c289b09c8ebc33280dc2f6e4a53a10bbb60b2fc,0,hard_negative,pf_v2_aigc_h01-sitting-on-floor,pf_v2_aigc_h01-sitting-on-floor,DEV,P2_SCREEN,ai_generated
IMG_003703,/home/yanbo/下载/batches/batch_person-fallen-v2-camera1p5m/final/302_h01-sitting-on-floor-02.png,5e18806b0d663d3a7b16e0bf3564749c245323f6fc828cd80add4c68d279c87f,0,hard_negative,pf_v2_aigc_h01-sitting-on-floor,pf_v2_aigc_h01-sitting-on-floor,DEV,P2_SCREEN,ai_generated
IMG_003704,/home/yanbo/下载/batches/batch_person-fallen-v2-camera1p5m/final/303_h01-sitting-on-floor-03.png,27d688b997b3048bf57efd35520fa34bd3adccda66575f1ddb0bcc298629ce4b,0,hard_negative,pf_v2_aigc_h01-sitting-on-floor,pf_v2_aigc_h01-sitting-on-floor,DEV,P2_SCREEN,ai_generated
IMG_003705,/home/yanbo/下载/batches/batch_person-fallen-v2-camera1p5m/final/304_h01-sitting-on-floor-04.png,4bca926036b8d0324b411c6828586467b408df92eb1db27af3b8dd25bf443e17,0,hard_negative,pf_v2_aigc_h01-sitting-on-floor,pf_v2_aigc_h01-sitting-on-floor,DEV,P2_SCREEN,ai_generated
IMG_003706,/home/yanbo/下载/batches/batch_person-fallen-v2-camera1p5m/final/305_h01-sitting-on-floor-05.png,2b6115e018583759cfe5df4bd1fcd315bb592af2d089c3a701da59fbbbf0e6e0,0,hard_negative,pf_v2_aigc_h01-sitting-on-floor,pf_v2_aigc_h01-sitting-on-floor,DEV,P2_SCREEN,ai_generated
IMG_003707,/home/yanbo/下载/batches/batch_person-fallen-v2-camera1p5m/final/306_h01-sitting-on-floor-06.png,73bc09ee9ef0fd6bbb582bbe0db98cd4469f12a8834626f5fa2cc0b71ba6acbd,0,hard_negative,pf_v2_aigc_h01-sitting-on-floor,pf_v2_aigc_h01-sitting-on-floor,DEV,P2_SCREEN,ai_generated
IMG_003708,/home/yanbo/下载/batches/batch_person-fallen-v2-camera1p5m/final/307_h01-sitting-on-floor-07.png,aebf6050b3fb73755b48cad44728ca0f55ae95c078047887335bcfcc57776c47,0,hard_negative,pf_v2_aigc_h01-sitting-on-floor,pf_v2_aigc_h01-sitting-on-floor,DEV,P2_SCREEN,ai_generated
IMG_003709,/home/yanbo/下载/batches/batch_person-fallen-v2-camera1p5m/final/308_h01-sitting-on-floor-08.png,d9f51b8ff2d02493d7ecd7d16b28d4480d32456bbd87bf21b040cc6b3d4eeb33,0,hard_negative,pf_v2_aigc_h01-sitting-on-floor,pf_v2_aigc_h01-sitting-on-floor,DEV,P2_SCREEN,ai_generated
IMG_003710,/home/yanbo/下载/batches/batch_person-fallen-v2-camera1p5m/final/309_h01-sitting-on-floor-09.png,b18857cefb35aee71924a5cca2bd68a70cb29e28e5ec82e53e447f3301f1da13,0,hard_negative,pf_v2_aigc_h01-sitting-on-floor,pf_v2_aigc_h01-sitting-on-floor,DEV,P2_SCREEN,ai_generated
IMG_003711,/home/yanbo/下载/batches/batch_person-fallen-v2-camera1p5m/final/310_h01-sitting-on-floor-10.png,5785e793610f7f7677b6c4d9b947c828a4e56e2d327d06adba47f377dfb5dc43,0,hard_negative,pf_v2_aigc_h01-sitting-on-floor,pf_v2_aigc_h01-sitting-on-floor,DEV,P2_SCREEN,ai_generated
IMG_003752,/home/yanbo/下载/batches/batch_person-fallen-v2-camera1p5m/final/351_h06-squatting-01.png,9d51842db456f20284d6d821eea6fc180cf491666bb736d8adecd47b93d88344,0,hard_negative,pf_v2_aigc_h06-squatting,pf_v2_aigc_h06-squatting,DEV,P2_SCREEN,ai_generated
IMG_003753,/home/yanbo/下载/batches/batch_person-fallen-v2-camera1p5m/final/352_h06-squatting-02.png,21e39b5f62d3e42f57b1f4a6eb3d6e2de4b48a193a7508edd3dc2914c62b7452,0,hard_negative,pf_v2_aigc_h06-squatting,pf_v2_aigc_h06-squatting,DEV,P2_SCREEN,ai_generated
IMG_003754,/home/yanbo/下载/batches/batch_person-fallen-v2-camera1p5m/final/353_h06-squatting-03.png,4db498f7d89028b884b3ad72b466542296ceea8b6434cec90c51d30a21bdcd22,0,hard_negative,pf_v2_aigc_h06-squatting,pf_v2_aigc_h06-squatting,DEV,P2_SCREEN,ai_generated
IMG_003755,/home/yanbo/下载/batches/batch_person-fallen-v2-camera1p5m/final/354_h06-squatting-04.png,5f443d6393dbe2f28eb5fa6a524207ee05b4d6e0649b8ef7fb3096a7391d9ee3,0,hard_negative,pf_v2_aigc_h06-squatting,pf_v2_aigc_h06-squatting,DEV,P2_SCREEN,ai_generated
IMG_003756,/home/yanbo/下载/batches/batch_person-fallen-v2-camera1p5m/final/355_h06-squatting-05.png,0677f623922ae8c0833c4608b442c97f115863391363ec031746984b2a1f7bcc,0,hard_negative,pf_v2_aigc_h06-squatting,pf_v2_aigc_h06-squatting,DEV,P2_SCREEN,ai_generated
IMG_003757,/home/yanbo/下载/batches/batch_person-fallen-v2-camera1p5m/final/356_h06-squatting-06.png,0701ddbdd49380437869cac2251251f3aa0b305fca47da6de7c2fa171e582854,0,hard_negative,pf_v2_aigc_h06-squatting,pf_v2_aigc_h06-squatting,DEV,P2_SCREEN,ai_generated
IMG_003758,/home/yanbo/下载/batches/batch_person-fallen-v2-camera1p5m/final/357_h06-squatting-07.png,02d0518049b36e6c2705a4571f7092c9c48fd6f79e4979e7771788eb9107f992,0,hard_negative,pf_v2_aigc_h06-squatting,pf_v2_aigc_h06-squatting,DEV,P2_SCREEN,ai_generated
IMG_003759,/home/yanbo/下载/batches/batch_person-fallen-v2-camera1p5m/final/358_h06-squatting-08.png,30bae33ef6a87738d1ee9d7d6ce2d42944cd954b3f4062fd6de26355e168188b,0,hard_negative,pf_v2_aigc_h06-squatting,pf_v2_aigc_h06-squatting,DEV,P2_SCREEN,ai_generated
IMG_003760,/home/yanbo/下载/batches/batch_person-fallen-v2-camera1p5m/final/359_h06-squatting-09.png,549d55d23c0e591fd1d4500c7b2ead5eb5f4f6657d9d5bad963feac31c5a9b2f,0,hard_negative,pf_v2_aigc_h06-squatting,pf_v2_aigc_h06-squatting,DEV,P2_SCREEN,ai_generated
IMG_003761,/home/yanbo/下载/batches/batch_person-fallen-v2-camera1p5m/final/360_h06-squatting-10.png,e94ff2a0fe9a16ac49da733e32db3d60fa436f385d1fcb0188577a76ff65c6ac,0,hard_negative,pf_v2_aigc_h06-squatting,pf_v2_aigc_h06-squatting,DEV,P2_SCREEN,ai_generated
IMG_003792,/home/yanbo/下载/batches/batch_person-fallen-v2-camera1p5m/final/391_h10-exercise-push-up-plank-01.png,89f0c6b751a3fc4538d934f18cbf75abc3b6719bcade4b0b531c203e44d721c3,0,hard_negative,pf_v2_aigc_h10-exercise-push-up-plank,pf_v2_aigc_h10-exercise-push-up-plank,DEV,P2_SCREEN,ai_generated
IMG_003793,/home/yanbo/下载/batches/batch_person-fallen-v2-camera1p5m/final/392_h10-exercise-push-up-plank-02.png,3e4d7e5fe90a8a30bf63a219aa6473320f0776546f99aee49410053e6c32e758,0,hard_negative,pf_v2_aigc_h10-exercise-push-up-plank,pf_v2_aigc_h10-exercise-push-up-plank,DEV,P2_SCREEN,ai_generated
IMG_003794,/home/yanbo/下载/batches/batch_person-fallen-v2-camera1p5m/final/393_h10-exercise-push-up-plank-03.png,5fde9a687c2d7bab3e19ccc3071680f7ba5a21eaa665cb144f86ab38ab1ab627,0,hard_negative,pf_v2_aigc_h10-exercise-push-up-plank,pf_v2_aigc_h10-exercise-push-up-plank,DEV,P2_SCREEN,ai_generated
IMG_003795,/home/yanbo/下载/batches/batch_person-fallen-v2-camera1p5m/final/394_h10-exercise-push-up-plank-04.png,703e735086d99182053612c80c9c6ea191cce537dfeb1d2c61626e6efb394b1b,0,hard_negative,pf_v2_aigc_h10-exercise-push-up-plank,pf_v2_aigc_h10-exercise-push-up-plank,DEV,P2_SCREEN,ai_generated
IMG_003796,/home/yanbo/下载/batches/batch_person-fallen-v2-camera1p5m/final/395_h10-exercise-push-up-plank-05.png,57174e902bab4a4d1477fdb6ec7ffa0c7a7458cf89db796153745afe4ffbb19c,0,hard_negative,pf_v2_aigc_h10-exercise-push-up-plank,pf_v2_aigc_h10-exercise-push-up-plank,DEV,P2_SCREEN,ai_generated
IMG_003797,/home/yanbo/下载/batches/batch_person-fallen-v2-camera1p5m/final/396_h10-exercise-push-up-plank-06.png,b9a1657ef4ebf2367368ce7885465511ce790a08431195cf4714d84018599f74,0,hard_negative,pf_v2_aigc_h10-exercise-push-up-plank,pf_v2_aigc_h10-exercise-push-up-plank,DEV,P2_SCREEN,ai_generated
IMG_003798,/home/yanbo/下载/batches/batch_person-fallen-v2-camera1p5m/final/397_h10-exercise-push-up-plank-07.png,fd83f0b1328d4a65b2fd7492af0781dcc050a19361b41e7a19d46a9630fff142,0,hard_negative,pf_v2_aigc_h10-exercise-push-up-plank,pf_v2_aigc_h10-exercise-push-up-plank,DEV,P2_SCREEN,ai_generated
IMG_003799,/home/yanbo/下载/batches/batch_person-fallen-v2-camera1p5m/final/398_h10-exercise-push-up-plank-08.png,1c9d75f4a8dfc096708c8977808fe92a4f8a9cca8ef2b3b140770ba7d4b5c60f,0,hard_negative,pf_v2_aigc_h10-exercise-push-up-plank,pf_v2_aigc_h10-exercise-push-up-plank,DEV,P2_SCREEN,ai_generated
IMG_003800,/home/yanbo/下载/batches/batch_person-fallen-v2-camera1p5m/final/399_h10-exercise-push-up-plank-09.png,d687192e8099815b736d2f895e63bfa75411bb0b7585600eaa1dc22edd2978d4,0,hard_negative,pf_v2_aigc_h10-exercise-push-up-plank,pf_v2_aigc_h10-exercise-push-up-plank,DEV,P2_SCREEN,ai_generated
IMG_003801,/home/yanbo/下载/batches/batch_person-fallen-v2-camera1p5m/final/400_h10-exercise-push-up-plank-10.png,4d7aa71171de2ca38a44896049251c1dbf4395c8907cb6e4cd169e9356424456,0,hard_negative,pf_v2_aigc_h10-exercise-push-up-plank,pf_v2_aigc_h10-exercise-push-up-plank,DEV,P2_SCREEN,ai_generated
IMG_003802,/home/yanbo/下载/batches/batch_person-fallen-v2-camera1p5m/final/401_h11-crawling-under-equipment-inspection-01.png,cac451940fc64ddced44b15628f08b7618922521d8da412d5deaedadf876a3a2,0,hard_negative,pf_v2_aigc_h11-crawling-under-equipment-inspection,pf_v2_aigc_h11-crawling-under-equipment-inspection,DEV,P2_SCREEN,ai_generated
IMG_003803,/home/yanbo/下载/batches/batch_person-fallen-v2-camera1p5m/final/402_h11-crawling-under-equipment-inspection-02.png,ef729088133e5ad62aad99296acd23ad386b3cdcfb2531a05fd42e3761149ea0,0,hard_negative,pf_v2_aigc_h11-crawling-under-equipment-inspection,pf_v2_aigc_h11-crawling-under-equipment-inspection,DEV,P2_SCREEN,ai_generated
IMG_003804,/home/yanbo/下载/batches/batch_person-fallen-v2-camera1p5m/final/403_h11-crawling-under-equipment-inspection-03.png,1db53aef77ba24f7d2cd4f78fe254555ec844ac3258796d8cd88825b7d1b0f1d,0,hard_negative,pf_v2_aigc_h11-crawling-under-equipment-inspection,pf_v2_aigc_h11-crawling-under-equipment-inspection,DEV,P2_SCREEN,ai_generated
IMG_003805,/home/yanbo/下载/batches/batch_person-fallen-v2-camera1p5m/final/404_h11-crawling-under-equipment-inspection-04.png,4abbcee850e7c6b0ed6e043cae4a10892e5502f0705fd8bf2bce014ee8ad9c27,0,hard_negative,pf_v2_aigc_h11-crawling-under-equipment-inspection,pf_v2_aigc_h11-crawling-under-equipment-inspection,DEV,P2_SCREEN,ai_generated
IMG_003806,/home/yanbo/下载/batches/batch_person-fallen-v2-camera1p5m/final/405_h11-crawling-under-equipment-inspection-05.png,8820768b55dd9b07c8d0589459ca0a8e5ee5404ee710ad1930f0084083825031,0,hard_negative,pf_v2_aigc_h11-crawling-under-equipment-inspection,pf_v2_aigc_h11-crawling-under-equipment-inspection,DEV,P2_SCREEN,ai_generated
IMG_003807,/home/yanbo/下载/batches/batch_person-fallen-v2-camera1p5m/final/406_h11-crawling-under-equipment-inspection-06.png,4e023daecd3b5953c668f2e9da36cc495d266016b85340172fac47ecd98715b1,0,hard_negative,pf_v2_aigc_h11-crawling-under-equipment-inspection,pf_v2_aigc_h11-crawling-under-equipment-inspection,DEV,P2_SCREEN,ai_generated
IMG_003808,/home/yanbo/下载/batches/batch_person-fallen-v2-camera1p5m/final/407_h11-crawling-under-equipment-inspection-07.png,209808e39feff002661292876bd8f31539dcefb64653374cb63e4ede8437cf9e,0,hard_negative,pf_v2_aigc_h11-crawling-under-equipment-inspection,pf_v2_aigc_h11-crawling-under-equipment-inspection,DEV,P2_SCREEN,ai_generated
IMG_003809,/home/yanbo/下载/batches/batch_person-fallen-v2-camera1p5m/final/408_h11-crawling-under-equipment-inspection-08.png,06415ce063427d056e000e1530439daae92a6f45181f587e1672d2585c20ad55,0,hard_negative,pf_v2_aigc_h11-crawling-under-equipment-inspection,pf_v2_aigc_h11-crawling-under-equipment-inspection,DEV,P2_SCREEN,ai_generated
IMG_003810,/home/yanbo/下载/batches/batch_person-fallen-v2-camera1p5m/final/409_h11-crawling-under-equipment-inspection-09.png,9bdccc82d49745c8bbacebf0606e6b4383e9e62829d105a7d8a6a4128f79ebaf,0,hard_negative,pf_v2_aigc_h11-crawling-under-equipment-inspection,pf_v2_aigc_h11-crawling-under-equipment-inspection,DEV,P2_SCREEN,ai_generated
IMG_003811,/home/yanbo/下载/batches/batch_person-fallen-v2-camera1p5m/final/410_h11-crawling-under-equipment-inspection-10.png,d32e9013a0df3097fd0c3d9613f5fa347bbbea3c542225f88ff571cb61a42c38,0,hard_negative,pf_v2_aigc_h11-crawling-under-equipment-inspection,pf_v2_aigc_h11-crawling-under-equipment-inspection,DEV,P2_SCREEN,ai_generated
IMG_003892,/home/yanbo/下载/batches/batch_person-fallen-v2-camera1p5m/final/211_n02-normal-walking-01.png,84620ef986b653f83fe4161a06054c03b14bfde35ca3588d66b6dcdfeb104929,0,negative,pf_v2_aigc_n02-normal-walking,pf_v2_aigc_n02-normal-walking,DEV,P2_SCREEN,ai_generated
IMG_003893,/home/yanbo/下载/batches/batch_person-fallen-v2-camera1p5m/final/212_n02-normal-walking-02.png,2a5c2d55fe21dcfb62d6193ee70d56c16a38f892c0ca6991f871e9220a1e4114,0,negative,pf_v2_aigc_n02-normal-walking,pf_v2_aigc_n02-normal-walking,DEV,P2_SCREEN,ai_generated
IMG_003894,/home/yanbo/下载/batches/batch_person-fallen-v2-camera1p5m/final/213_n02-normal-walking-03.png,df7262d5f0764ffcdeac7c699684178eace0c41aa85f58c6b96a19726c2938a5,0,negative,pf_v2_aigc_n02-normal-walking,pf_v2_aigc_n02-normal-walking,DEV,P2_SCREEN,ai_generated
IMG_003895,/home/yanbo/下载/batches/batch_person-fallen-v2-camera1p5m/final/214_n02-normal-walking-04.png,fc149aaea8829ea06f3ed12651debf67d1b41ee5405a8479d2855176ad1207f8,0,negative,pf_v2_aigc_n02-normal-walking,pf_v2_aigc_n02-normal-walking,DEV,P2_SCREEN,ai_generated
IMG_003896,/home/yanbo/下载/batches/batch_person-fallen-v2-camera1p5m/final/215_n02-normal-walking-05.png,3ea5da470a7ca94ea0f92d87746573becb0e70b5d600f444a579417cca00be40,0,negative,pf_v2_aigc_n02-normal-walking,pf_v2_aigc_n02-normal-walking,DEV,P2_SCREEN,ai_generated
IMG_003897,/home/yanbo/下载/batches/batch_person-fallen-v2-camera1p5m/final/216_n02-normal-walking-06.png,5236377d0e960a946da10b1df70dee4dedb6b1ee8dfab55782303b948b178395,0,negative,pf_v2_aigc_n02-normal-walking,pf_v2_aigc_n02-normal-walking,DEV,P2_SCREEN,ai_generated
IMG_003898,/home/yanbo/下载/batches/batch_person-fallen-v2-camera1p5m/final/217_n02-normal-walking-07.png,832f2687a61e8d82e1f5571fe27fb39531c55823e664a34cf284c8af48b2a9d0,0,negative,pf_v2_aigc_n02-normal-walking,pf_v2_aigc_n02-normal-walking,DEV,P2_SCREEN,ai_generated
IMG_003899,/home/yanbo/下载/batches/batch_person-fallen-v2-camera1p5m/final/218_n02-normal-walking-08.png,e5272b7ba0585b8642824a52f893afc42fc446c0ea9e9b7b11ed2b6eb4615835,0,negative,pf_v2_aigc_n02-normal-walking,pf_v2_aigc_n02-normal-walking,DEV,P2_SCREEN,ai_generated
IMG_003900,/home/yanbo/下载/batches/batch_person-fallen-v2-camera1p5m/final/219_n02-normal-walking-09.png,e12aa00ebca5ce986b5df9f5e39d562be46c2c28dec4a2f9fe6d3e9c9554a048,0,negative,pf_v2_aigc_n02-normal-walking,pf_v2_aigc_n02-normal-walking,DEV,P2_SCREEN,ai_generated
IMG_003901,/home/yanbo/下载/batches/batch_person-fallen-v2-camera1p5m/final/220_n02-normal-walking-10.png,350be842f28a57c01d24f1ba08b664e57ee67df4d22eb4d566fb272af8819347,0,negative,pf_v2_aigc_n02-normal-walking,pf_v2_aigc_n02-normal-walking,DEV,P2_SCREEN,ai_generated
IMG_003902,/home/yanbo/下载/batches/batch_person-fallen-v2-camera1p5m/final/221_n03-normal-seated-on-chair-stool-01.png,134dfe24ba4a545900acbfdb83b4a62b70449aaadd890b1c75651779c8f2e888,0,negative,pf_v2_aigc_n03-normal-seated-on-chair-stool,pf_v2_aigc_n03-normal-seated-on-chair-stool,DEV,P2_SCREEN,ai_generated
IMG_003903,/home/yanbo/下载/batches/batch_person-fallen-v2-camera1p5m/final/222_n03-normal-seated-on-chair-stool-02.png,965a36ac17f63bff6182aea6c810412c18e5e0b5a8edd978ef54aa65f471699a,0,negative,pf_v2_aigc_n03-normal-seated-on-chair-stool,pf_v2_aigc_n03-normal-seated-on-chair-stool,DEV,P2_SCREEN,ai_generated
IMG_003904,/home/yanbo/下载/batches/batch_person-fallen-v2-camera1p5m/final/223_n03-normal-seated-on-chair-stool-03.png,b0def42df09f987a7c46fd51ecb0ffb1a9d3017e809f2dcb08e60c5ec55a7c0f,0,negative,pf_v2_aigc_n03-normal-seated-on-chair-stool,pf_v2_aigc_n03-normal-seated-on-chair-stool,DEV,P2_SCREEN,ai_generated
IMG_003905,/home/yanbo/下载/batches/batch_person-fallen-v2-camera1p5m/final/224_n03-normal-seated-on-chair-stool-04.png,aca00613e4666301061ddffe9cd1b2f87f0ac0326ec85e74625925198bfd7117,0,negative,pf_v2_aigc_n03-normal-seated-on-chair-stool,pf_v2_aigc_n03-normal-seated-on-chair-stool,DEV,P2_SCREEN,ai_generated
IMG_003906,/home/yanbo/下载/batches/batch_person-fallen-v2-camera1p5m/final/225_n03-normal-seated-on-chair-stool-05.png,decbb91e43f7888ab015c46a93a6681e9ed58d0513898f92b2566cf9f62b736b,0,negative,pf_v2_aigc_n03-normal-seated-on-chair-stool,pf_v2_aigc_n03-normal-seated-on-chair-stool,DEV,P2_SCREEN,ai_generated
IMG_003907,/home/yanbo/下载/batches/batch_person-fallen-v2-camera1p5m/final/226_n03-normal-seated-on-chair-stool-06.png,918bcd9792f6b32b77c3d03234683d235158ee718233c5e8848c6c07f9d3136f,0,negative,pf_v2_aigc_n03-normal-seated-on-chair-stool,pf_v2_aigc_n03-normal-seated-on-chair-stool,DEV,P2_SCREEN,ai_generated
IMG_003908,/home/yanbo/下载/batches/batch_person-fallen-v2-camera1p5m/final/227_n03-normal-seated-on-chair-stool-07.png,70840adc6065155f16f6ee3bea719f65bf73e3ef9ae255e1e6150dba45ac2f84,0,negative,pf_v2_aigc_n03-normal-seated-on-chair-stool,pf_v2_aigc_n03-normal-seated-on-chair-stool,DEV,P2_SCREEN,ai_generated
IMG_003909,/home/yanbo/下载/batches/batch_person-fallen-v2-camera1p5m/final/228_n03-normal-seated-on-chair-stool-08.png,d54811000d65c588d8507882501b378d11f35a8e4bd81d24bdf06c37b63a7c9f,0,negative,pf_v2_aigc_n03-normal-seated-on-chair-stool,pf_v2_aigc_n03-normal-seated-on-chair-stool,DEV,P2_SCREEN,ai_generated
IMG_003910,/home/yanbo/下载/batches/batch_person-fallen-v2-camera1p5m/final/229_n03-normal-seated-on-chair-stool-09.png,321f3a35a48e0a9f07f6f244168a419b8af6fa0e74498afebb4b61b11e640241,0,negative,pf_v2_aigc_n03-normal-seated-on-chair-stool,pf_v2_aigc_n03-normal-seated-on-chair-stool,DEV,P2_SCREEN,ai_generated
IMG_003911,/home/yanbo/下载/batches/batch_person-fallen-v2-camera1p5m/final/230_n03-normal-seated-on-chair-stool-10.png,d2415691cfd3ce59b490d558f1a3b1d4609756643ae69e8afac57b35b82a93d7,0,negative,pf_v2_aigc_n03-normal-seated-on-chair-stool,pf_v2_aigc_n03-normal-seated-on-chair-stool,DEV,P2_SCREEN,ai_generated
IMG_003982,/home/yanbo/下载/batches/batch_person-fallen-v2-camera1p5m/final/01_p01-supine-on-floor-01.png,3f8831314ec9403dafb006291009877fe8a2d85b9930710f92a6048b23d50c70,1,positive,pf_v2_aigc_p01-supine-on-floor,pf_v2_aigc_p01-supine-on-floor,DEV,P2_SCREEN,ai_generated
IMG_003983,/home/yanbo/下载/batches/batch_person-fallen-v2-camera1p5m/final/02_p01-supine-on-floor-02.png,0efbb9f5706f84c5382a0ba30bec46d35ed7b875072c5dbea115139e58a47d8a,1,positive,pf_v2_aigc_p01-supine-on-floor,pf_v2_aigc_p01-supine-on-floor,DEV,P2_SCREEN,ai_generated
IMG_003984,/home/yanbo/下载/batches/batch_person-fallen-v2-camera1p5m/final/03_p01-supine-on-floor-03.png,00226efe88ae972b085592e830ecd461400e627e3f30514aa0bc5174fefc707d,1,positive,pf_v2_aigc_p01-supine-on-floor,pf_v2_aigc_p01-supine-on-floor,DEV,P2_SCREEN,ai_generated
IMG_003985,/home/yanbo/下载/batches/batch_person-fallen-v2-camera1p5m/final/04_p01-supine-on-floor-04.png,b2c04a5ef00e87142592beb2ab5dade093473c24353132baa4f9fa651be1a6a4,1,positive,pf_v2_aigc_p01-supine-on-floor,pf_v2_aigc_p01-supine-on-floor,DEV,P2_SCREEN,ai_generated
IMG_003986,/home/yanbo/下载/batches/batch_person-fallen-v2-camera1p5m/final/05_p01-supine-on-floor-05.png,5c47f738bf7bbfe499cb85f5b8ab7601c3229c4405845c536d6e814c64dc6c79,1,positive,pf_v2_aigc_p01-supine-on-floor,pf_v2_aigc_p01-supine-on-floor,DEV,P2_SCREEN,ai_generated
IMG_003987,/home/yanbo/下载/batches/batch_person-fallen-v2-camera1p5m/final/06_p01-supine-on-floor-06.png,9dc8c1e15e4e31d1c22d5a868a207d56530752c6902fa9c678d824ba7a6e8bb6,1,positive,pf_v2_aigc_p01-supine-on-floor,pf_v2_aigc_p01-supine-on-floor,DEV,P2_SCREEN,ai_generated
IMG_003988,/home/yanbo/下载/batches/batch_person-fallen-v2-camera1p5m/final/07_p01-supine-on-floor-07.png,2d18f5d7a8e1fb5d146ba1167c7a02d08ea63e72f6c3dacfcce8997cd19695b2,1,positive,pf_v2_aigc_p01-supine-on-floor,pf_v2_aigc_p01-supine-on-floor,DEV,P2_SCREEN,ai_generated
IMG_003989,/home/yanbo/下载/batches/batch_person-fallen-v2-camera1p5m/final/08_p01-supine-on-floor-08.png,abc8eeef34ef97fc9ac4511ae695e911ec950c384ff3a959cf1a05e24955588e,1,positive,pf_v2_aigc_p01-supine-on-floor,pf_v2_aigc_p01-supine-on-floor,DEV,P2_SCREEN,ai_generated
IMG_003990,/home/yanbo/下载/batches/batch_person-fallen-v2-camera1p5m/final/09_p01-supine-on-floor-09.png,4791a565447bec69f60b175570fb4bdb5efc1dde5d2474f50073b03398cd012e,1,positive,pf_v2_aigc_p01-supine-on-floor,pf_v2_aigc_p01-supine-on-floor,DEV,P2_SCREEN,ai_generated
IMG_003991,/home/yanbo/下载/batches/batch_person-fallen-v2-camera1p5m/final/10_p01-supine-on-floor-10.png,38ce6cfd624925a391aacf8d6c267d8413b097d6ec4ded21c7df9f4bff2cfeff,1,positive,pf_v2_aigc_p01-supine-on-floor,pf_v2_aigc_p01-supine-on-floor,DEV,P2_SCREEN,ai_generated
IMG_003992,/home/yanbo/下载/batches/batch_person-fallen-v2-camera1p5m/final/11_p02-supine-on-floor-01.png,b4de656feff104baf2db6ddaddd657dbf850a940b31683a66e179b52e650ffba,1,positive,pf_v2_aigc_p02-supine-on-floor,pf_v2_aigc_p02-supine-on-floor,DEV,P2_SCREEN,ai_generated
IMG_003993,/home/yanbo/下载/batches/batch_person-fallen-v2-camera1p5m/final/12_p02-supine-on-floor-02.png,9bf58dce8362de316637a40ce17ef8cf5a4a65455b6bb9bdc22a40bb860abee4,1,positive,pf_v2_aigc_p02-supine-on-floor,pf_v2_aigc_p02-supine-on-floor,DEV,P2_SCREEN,ai_generated
IMG_003994,/home/yanbo/下载/batches/batch_person-fallen-v2-camera1p5m/final/13_p02-supine-on-floor-03.png,560f13e4a70db0d94d90f60f41b9d100fbae87b7b0cd3a69bd00a4515b4dfb52,1,positive,pf_v2_aigc_p02-supine-on-floor,pf_v2_aigc_p02-supine-on-floor,DEV,P2_SCREEN,ai_generated
IMG_003995,/home/yanbo/下载/batches/batch_person-fallen-v2-camera1p5m/final/14_p02-supine-on-floor-04.png,5d32e551633bc5f3cbccce2413e955e88ff6bb590eb8acf1a89ec25d9e39aa59,1,positive,pf_v2_aigc_p02-supine-on-floor,pf_v2_aigc_p02-supine-on-floor,DEV,P2_SCREEN,ai_generated
IMG_003996,/home/yanbo/下载/batches/batch_person-fallen-v2-camera1p5m/final/15_p02-supine-on-floor-05.png,72e402106d3615e66ed2debf52639aef09664d5d70fdb8cc36336a6dee349d22,1,positive,pf_v2_aigc_p02-supine-on-floor,pf_v2_aigc_p02-supine-on-floor,DEV,P2_SCREEN,ai_generated
IMG_003997,/home/yanbo/下载/batches/batch_person-fallen-v2-camera1p5m/final/16_p02-supine-on-floor-06.png,2e9ea4788510caf75d1b8e17db7a510b0a68ad2f97d75835a51c421dc1865380,1,positive,pf_v2_aigc_p02-supine-on-floor,pf_v2_aigc_p02-supine-on-floor,DEV,P2_SCREEN,ai_generated
IMG_003998,/home/yanbo/下载/batches/batch_person-fallen-v2-camera1p5m/final/17_p02-supine-on-floor-07.png,03f04df8719f4f00db8f20614cc8b2dac09a6f1fdd4e26ec246375a43cce72f9,1,positive,pf_v2_aigc_p02-supine-on-floor,pf_v2_aigc_p02-supine-on-floor,DEV,P2_SCREEN,ai_generated
IMG_003999,/home/yanbo/下载/batches/batch_person-fallen-v2-camera1p5m/final/18_p02-supine-on-floor-08.png,6881ae0e92af78ee265a345ee5b2601e4ce3545a239f37f0fc65e19cdbce3046,1,positive,pf_v2_aigc_p02-supine-on-floor,pf_v2_aigc_p02-supine-on-floor,DEV,P2_SCREEN,ai_generated
IMG_004000,/home/yanbo/下载/batches/batch_person-fallen-v2-camera1p5m/final/19_p02-supine-on-floor-09.png,b874a600936c52aeddb2d3a93719f0fe02937076b115354fa5d3417153f9027f,1,positive,pf_v2_aigc_p02-supine-on-floor,pf_v2_aigc_p02-supine-on-floor,DEV,P2_SCREEN,ai_generated
IMG_004001,/home/yanbo/下载/batches/batch_person-fallen-v2-camera1p5m/final/20_p02-supine-on-floor-10.png,5bac427ba05af7d58237cbf9d1d3606a4615caa7c3c7a8e01d301442ce4c7f63,1,positive,pf_v2_aigc_p02-supine-on-floor,pf_v2_aigc_p02-supine-on-floor,DEV,P2_SCREEN,ai_generated
IMG_004012,/home/yanbo/下载/batches/batch_person-fallen-v2-camera1p5m/final/31_p04-prone-on-floor-01.png,b0bc6b665f847380a62540bd0387a6356f273185253e134cc9d731120aee9ba7,1,positive,pf_v2_aigc_p04-prone-on-floor,pf_v2_aigc_p04-prone-on-floor,DEV,P2_SCREEN,ai_generated
IMG_004013,/home/yanbo/下载/batches/batch_person-fallen-v2-camera1p5m/final/32_p04-prone-on-floor-02.png,ebdcd19a6884c77a2a854aad2cc33d145633833b0ef739e0c6b5fd302bf87dee,1,positive,pf_v2_aigc_p04-prone-on-floor,pf_v2_aigc_p04-prone-on-floor,DEV,P2_SCREEN,ai_generated
IMG_004014,/home/yanbo/下载/batches/batch_person-fallen-v2-camera1p5m/final/33_p04-prone-on-floor-03.png,a0e0ec4f94be40b43c9f805fbffbb25dc69995126cf2caaf25bdc16b8b8b5d98,1,positive,pf_v2_aigc_p04-prone-on-floor,pf_v2_aigc_p04-prone-on-floor,DEV,P2_SCREEN,ai_generated
IMG_004015,/home/yanbo/下载/batches/batch_person-fallen-v2-camera1p5m/final/34_p04-prone-on-floor-04.png,6e170627385d2e2dbdeeb95c19602073232c77b509190eb778642409cf8c0a43,1,positive,pf_v2_aigc_p04-prone-on-floor,pf_v2_aigc_p04-prone-on-floor,DEV,P2_SCREEN,ai_generated
IMG_004016,/home/yanbo/下载/batches/batch_person-fallen-v2-camera1p5m/final/35_p04-prone-on-floor-05.png,f8e866b52682ef59c44ca191aded4a9fd7248b59937cf0db5cb460fb729f06d1,1,positive,pf_v2_aigc_p04-prone-on-floor,pf_v2_aigc_p04-prone-on-floor,DEV,P2_SCREEN,ai_generated
IMG_004017,/home/yanbo/下载/batches/batch_person-fallen-v2-camera1p5m/final/36_p04-prone-on-floor-06.png,f1b5913e989719018e6e4aaa961deeb9ff74526f6a8e219894b2361843fb3f7d,1,positive,pf_v2_aigc_p04-prone-on-floor,pf_v2_aigc_p04-prone-on-floor,DEV,P2_SCREEN,ai_generated
IMG_004018,/home/yanbo/下载/batches/batch_person-fallen-v2-camera1p5m/final/37_p04-prone-on-floor-07.png,0e1ff5321d28285e1d16e15fa827f563e8337975bbab243c95ab0921a4a035d0,1,positive,pf_v2_aigc_p04-prone-on-floor,pf_v2_aigc_p04-prone-on-floor,DEV,P2_SCREEN,ai_generated
IMG_004019,/home/yanbo/下载/batches/batch_person-fallen-v2-camera1p5m/final/38_p04-prone-on-floor-08.png,0b287efdfc3024b27a31b7ea34b57c0bb430c8ec44d51c7e3d7ba4d1866d5a88,1,positive,pf_v2_aigc_p04-prone-on-floor,pf_v2_aigc_p04-prone-on-floor,DEV,P2_SCREEN,ai_generated
IMG_004020,/home/yanbo/下载/batches/batch_person-fallen-v2-camera1p5m/final/39_p04-prone-on-floor-09.png,d773a98449579e05400caa96f3404a34bee9c963473ba701f36540506ec3c914,1,positive,pf_v2_aigc_p04-prone-on-floor,pf_v2_aigc_p04-prone-on-floor,DEV,P2_SCREEN,ai_generated
IMG_004021,/home/yanbo/下载/batches/batch_person-fallen-v2-camera1p5m/final/40_p04-prone-on-floor-10.png,38d1d21b30b887accd43d41597b0a96be07060130854671098423feb919a1d43,1,positive,pf_v2_aigc_p04-prone-on-floor,pf_v2_aigc_p04-prone-on-floor,DEV,P2_SCREEN,ai_generated
IMG_004072,/home/yanbo/下载/batches/batch_person-fallen-v2-camera1p5m/final/100_p10-partially-occluded-fallen-person-10.png,663731c7d5fa6323b5b1a136d1cef8a31364fd4e96752a4af1949592156d9a4a,1,positive,pf_v2_aigc_p10-partially-occluded-fallen-person,pf_v2_aigc_p10-partially-occluded-fallen-person,DEV,P2_SCREEN,ai_generated
IMG_004073,/home/yanbo/下载/batches/batch_person-fallen-v2-camera1p5m/final/91_p10-partially-occluded-fallen-person-01.png,7f85564bcb6fd735166050f0605b6719600ab691613a1115ca3fe423ad1fbf60,1,positive,pf_v2_aigc_p10-partially-occluded-fallen-person,pf_v2_aigc_p10-partially-occluded-fallen-person,DEV,P2_SCREEN,ai_generated
IMG_004074,/home/yanbo/下载/batches/batch_person-fallen-v2-camera1p5m/final/92_p10-partially-occluded-fallen-person-02.png,967ed34a039e4037156c3a5aa25cb2a872e79cc7ad8cf5e588d2d12924e1d7d5,1,positive,pf_v2_aigc_p10-partially-occluded-fallen-person,pf_v2_aigc_p10-partially-occluded-fallen-person,DEV,P2_SCREEN,ai_generated
IMG_004075,/home/yanbo/下载/batches/batch_person-fallen-v2-camera1p5m/final/93_p10-partially-occluded-fallen-person-03.png,4749ea15173ecae9b6e8419327d00422c0250884826afc7d0b550f3d1508a8ff,1,positive,pf_v2_aigc_p10-partially-occluded-fallen-person,pf_v2_aigc_p10-partially-occluded-fallen-person,DEV,P2_SCREEN,ai_generated
IMG_004076,/home/yanbo/下载/batches/batch_person-fallen-v2-camera1p5m/final/94_p10-partially-occluded-fallen-person-04.png,2593e27c2a3553c972ec437b1d44c2ce43fb21de8b8a1465da02e70ccd9fb748,1,positive,pf_v2_aigc_p10-partially-occluded-fallen-person,pf_v2_aigc_p10-partially-occluded-fallen-person,DEV,P2_SCREEN,ai_generated
IMG_004077,/home/yanbo/下载/batches/batch_person-fallen-v2-camera1p5m/final/95_p10-partially-occluded-fallen-person-05.png,b6f296d8a7aa82b277c369a2b321956993c64ad3e6f4b3c7328294c2719d315e,1,positive,pf_v2_aigc_p10-partially-occluded-fallen-person,pf_v2_aigc_p10-partially-occluded-fallen-person,DEV,P2_SCREEN,ai_generated
IMG_004078,/home/yanbo/下载/batches/batch_person-fallen-v2-camera1p5m/final/96_p10-partially-occluded-fallen-person-06.png,bb6ced4cdb8a21b8e00a65a3918e247e8f0fd101a11fdbf5d207a3b33a48cc57,1,positive,pf_v2_aigc_p10-partially-occluded-fallen-person,pf_v2_aigc_p10-partially-occluded-fallen-person,DEV,P2_SCREEN,ai_generated
IMG_004079,/home/yanbo/下载/batches/batch_person-fallen-v2-camera1p5m/final/97_p10-partially-occluded-fallen-person-07.png,44636d1b9c57594ac54a1a4912e5cf63178ed66566510bbbf7fb5b1b1e874b88,1,positive,pf_v2_aigc_p10-partially-occluded-fallen-person,pf_v2_aigc_p10-partially-occluded-fallen-person,DEV,P2_SCREEN,ai_generated
IMG_004080,/home/yanbo/下载/batches/batch_person-fallen-v2-camera1p5m/final/98_p10-partially-occluded-fallen-person-08.png,ef5432742429ff4aa120057740cd5954ed171776f8c2317dbe744fcf296252d7,1,positive,pf_v2_aigc_p10-partially-occluded-fallen-person,pf_v2_aigc_p10-partially-occluded-fallen-person,DEV,P2_SCREEN,ai_generated
IMG_004081,/home/yanbo/下载/batches/batch_person-fallen-v2-camera1p5m/final/99_p10-partially-occluded-fallen-person-09.png,c1986b13f838a910c7e2958d9851f9d61140c6f9ef8011a98ce6454153f1c5e1,1,positive,pf_v2_aigc_p10-partially-occluded-fallen-person,pf_v2_aigc_p10-partially-occluded-fallen-person,DEV,P2_SCREEN,ai_generated
IMG_004082,/home/yanbo/下载/batches/batch_person-fallen-v2-camera1p5m/final/101_p11-small-target-far-distance-01.png,f327b0dcb961def4c67f39a4c460daae976157cf6017b79d643f3fc3d55af1e6,1,positive,pf_v2_aigc_p11-small-target-far-distance,pf_v2_aigc_p11-small-target-far-distance,DEV,P2_SCREEN,ai_generated
IMG_004083,/home/yanbo/下载/batches/batch_person-fallen-v2-camera1p5m/final/102_p11-small-target-far-distance-02.png,7dd82c1193905c39dd7f736b62b0940445267a7d522c490745e1974ef0adc9a3,1,positive,pf_v2_aigc_p11-small-target-far-distance,pf_v2_aigc_p11-small-target-far-distance,DEV,P2_SCREEN,ai_generated
IMG_004084,/home/yanbo/下载/batches/batch_person-fallen-v2-camera1p5m/final/103_p11-small-target-far-distance-03.png,ec6a6a7279346eb6b1a4a3163a99c66b8b405ccf20e3a0e3cf33d5bfb6930720,1,positive,pf_v2_aigc_p11-small-target-far-distance,pf_v2_aigc_p11-small-target-far-distance,DEV,P2_SCREEN,ai_generated
IMG_004085,/home/yanbo/下载/batches/batch_person-fallen-v2-camera1p5m/final/104_p11-small-target-far-distance-04.png,f26f261140525e10c003f8427e3e0bb8d614b6aa4e14ff6856dd039b13a1137d,1,positive,pf_v2_aigc_p11-small-target-far-distance,pf_v2_aigc_p11-small-target-far-distance,DEV,P2_SCREEN,ai_generated
IMG_004086,/home/yanbo/下载/batches/batch_person-fallen-v2-camera1p5m/final/105_p11-small-target-far-distance-05.png,52728e6db03a58114bd6d0faed5cba15585186d757237594ab5c2912ca4ce2ca,1,positive,pf_v2_aigc_p11-small-target-far-distance,pf_v2_aigc_p11-small-target-far-distance,DEV,P2_SCREEN,ai_generated
IMG_004087,/home/yanbo/下载/batches/batch_person-fallen-v2-camera1p5m/final/106_p11-small-target-far-distance-06.png,70f969de8c82a8dc3fda0e7f36862d19da8c5cfc5d9340a33050a3da6e68b349,1,positive,pf_v2_aigc_p11-small-target-far-distance,pf_v2_aigc_p11-small-target-far-distance,DEV,P2_SCREEN,ai_generated
IMG_004088,/home/yanbo/下载/batches/batch_person-fallen-v2-camera1p5m/final/107_p11-small-target-far-distance-07.png,d8f59162f45467f3e783a0ce414dafcbbd077df657c422332b88dea4213aded4,1,positive,pf_v2_aigc_p11-small-target-far-distance,pf_v2_aigc_p11-small-target-far-distance,DEV,P2_SCREEN,ai_generated
IMG_004089,/home/yanbo/下载/batches/batch_person-fallen-v2-camera1p5m/final/108_p11-small-target-far-distance-08.png,f35b1ba98530a2038160a370e963a0890fd4bbc846f3a97330e2a8f0b2300ef6,1,positive,pf_v2_aigc_p11-small-target-far-distance,pf_v2_aigc_p11-small-target-far-distance,DEV,P2_SCREEN,ai_generated
IMG_004090,/home/yanbo/下载/batches/batch_person-fallen-v2-camera1p5m/final/109_p11-small-target-far-distance-09.png,a845ea4ea68b331dc883ec7e9b81d613a0d71b5a12f0ff22ea26078d325592a8,1,positive,pf_v2_aigc_p11-small-target-far-distance,pf_v2_aigc_p11-small-target-far-distance,DEV,P2_SCREEN,ai_generated
IMG_004091,/home/yanbo/下载/batches/batch_person-fallen-v2-camera1p5m/final/110_p11-small-target-far-distance-10.png,efe45d0ff9a1ad063fa930140a73f54bdf564c3a9b239ebedef1217d31366066,1,positive,pf_v2_aigc_p11-small-target-far-distance,pf_v2_aigc_p11-small-target-far-distance,DEV,P2_SCREEN,ai_generated
IMG_004192,/home/yanbo/下载/batches/batch_person-fallen-v2-camera1p5m/final/491_u02-unclear-support-surface-partial-body-01.png,6c3308d03bfb85ef13872b4a2e7f112a79234e20a9d59946f69409fd506295cf,uncertain,uncertain,pf_v2_aigc_u02-unclear-support-surface-partial-body,pf_v2_aigc_u02-unclear-support-surface-partial-body,DEV,P2_SCREEN,ai_generated
IMG_004193,/home/yanbo/下载/batches/batch_person-fallen-v2-camera1p5m/final/492_u02-unclear-support-surface-partial-body-02.png,ad5ccfebaccf856f079af18e0be494bdcbf9eeca99fd7deb224d08cedb4ca03b,uncertain,uncertain,pf_v2_aigc_u02-unclear-support-surface-partial-body,pf_v2_aigc_u02-unclear-support-surface-partial-body,DEV,P2_SCREEN,ai_generated
IMG_004194,/home/yanbo/下载/batches/batch_person-fallen-v2-camera1p5m/final/493_u02-unclear-support-surface-partial-body-03.png,2be33ac4a9f2bbdabf6fe5f2346839997a0d26aac19d1445af42bf4d6ba16448,uncertain,uncertain,pf_v2_aigc_u02-unclear-support-surface-partial-body,pf_v2_aigc_u02-unclear-support-surface-partial-body,DEV,P2_SCREEN,ai_generated
IMG_004195,/home/yanbo/下载/batches/batch_person-fallen-v2-camera1p5m/final/494_u02-unclear-support-surface-partial-body-04.png,7751027a80e172832764bd0b04fd0e8a453f101fb85b0fefdf0a8d7335f4a4dc,uncertain,uncertain,pf_v2_aigc_u02-unclear-support-surface-partial-body,pf_v2_aigc_u02-unclear-support-surface-partial-body,DEV,P2_SCREEN,ai_generated
IMG_004196,/home/yanbo/下载/batches/batch_person-fallen-v2-camera1p5m/final/495_u02-unclear-support-surface-partial-body-05.png,dfab34c5d36c51359e3f79cfa0d9e8c2d76f6d91044c49af74b67388bbd09c84,uncertain,uncertain,pf_v2_aigc_u02-unclear-support-surface-partial-body,pf_v2_aigc_u02-unclear-support-surface-partial-body,DEV,P2_SCREEN,ai_generated
IMG_004197,/home/yanbo/下载/batches/batch_person-fallen-v2-camera1p5m/final/496_u02-unclear-support-surface-partial-body-06.png,1bd363ac273eef3c3db4f9289e57c2526f110d0cdcb28c1447fd78025e427bf8,uncertain,uncertain,pf_v2_aigc_u02-unclear-support-surface-partial-body,pf_v2_aigc_u02-unclear-support-surface-partial-body,DEV,P2_SCREEN,ai_generated
IMG_004198,/home/yanbo/下载/batches/batch_person-fallen-v2-camera1p5m/final/497_u02-unclear-support-surface-partial-body-07.png,90a111dc0af4c91f31a1da651a1334fde32399b9c9752d6fe2f056c105406782,uncertain,uncertain,pf_v2_aigc_u02-unclear-support-surface-partial-body,pf_v2_aigc_u02-unclear-support-surface-partial-body,DEV,P2_SCREEN,ai_generated
IMG_004199,/home/yanbo/下载/batches/batch_person-fallen-v2-camera1p5m/final/498_u02-unclear-support-surface-partial-body-08.png,4ec2bd96bf61c94c874b8f0039c30fd90a0b66ed0c223eedc09294be71c1cce6,uncertain,uncertain,pf_v2_aigc_u02-unclear-support-surface-partial-body,pf_v2_aigc_u02-unclear-support-surface-partial-body,DEV,P2_SCREEN,ai_generated
IMG_004200,/home/yanbo/下载/batches/batch_person-fallen-v2-camera1p5m/final/499_u02-unclear-support-surface-partial-body-09.png,de6e0304d704194197e83db7b5f6b1c3cb1eedbe7ef008c3e5f5ec9e718bd090,uncertain,uncertain,pf_v2_aigc_u02-unclear-support-surface-partial-body,pf_v2_aigc_u02-unclear-support-surface-partial-body,DEV,P2_SCREEN,ai_generated
IMG_004201,/home/yanbo/下载/batches/batch_person-fallen-v2-camera1p5m/final/500_u02-unclear-support-surface-partial-body-10.png,ac6398bbca6c770708577ac616f17c5d08fa679bf6bf21e17cf6f101d9b8cb21,uncertain,uncertain,pf_v2_aigc_u02-unclear-support-surface-partial-body,pf_v2_aigc_u02-unclear-support-surface-partial-body,DEV,P2_SCREEN,ai_generated
