total_duration,load_duration,prompt_eval_duration,eval_duration,prompt_eval_count,eval_count,candidate,media_id,request_id,client_latency_seconds
9.202203978,7.049979143,0.285544592,1.116040578,1039,106,S1_STRUCTURED,IMG_003702,P3_SCREEN_S1_STRUCTURED_20260827_114003_001,9.21063727300043
2.348783691,0.451248675,0.251785151,1.116832129,1039,109,S1_STRUCTURED,IMG_003703,P3_SCREEN_S1_STRUCTURED_20260827_114003_002,2.3574881529993945
2.621739759,0.498266039,0.263528223,1.287135997,1039,122,S1_STRUCTURED,IMG_003704,P3_SCREEN_S1_STRUCTURED_20260827_114003_003,2.632347928000854
2.015700903,0.433547395,0.198900531,0.92022702,1039,108,S1_STRUCTURED,IMG_003705,P3_SCREEN_S1_STRUCTURED_20260827_114003_004,2.024352729000384
2.245875653,0.556396562,0.210418175,0.924386987,1039,109,S1_STRUCTURED,IMG_003706,P3_SCREEN_S1_STRUCTURED_20260827_114003_005,2.2561513040000136
2.12509636,0.447177305,0.198807779,0.94590966,1039,110,S1_STRUCTURED,IMG_003707,P3_SCREEN_S1_STRUCTURED_20260827_114003_006,2.133111764000205
2.238152268,0.451226738,0.233917586,0.932491135,1039,108,S1_STRUCTURED,IMG_003708,P3_SCREEN_S1_STRUCTURED_20260827_114003_007,2.2448231170001236
2.135672804,0.476240609,0.210432756,0.873745116,1039,103,S1_STRUCTURED,IMG_003709,P3_SCREEN_S1_STRUCTURED_20260827_114003_008,2.1461007030002293
2.222687256,0.445189255,0.199782036,0.95398639,1039,111,S1_STRUCTURED,IMG_003710,P3_SCREEN_S1_STRUCTURED_20260827_114003_009,2.230734855999799
2.369872345,0.601480909,0.223021479,0.957090573,1039,112,S1_STRUCTURED,IMG_003711,P3_SCREEN_S1_STRUCTURED_20260827_114003_010,2.3805477719997725
2.287835354,0.469507715,0.207825818,0.993704961,1039,116,S1_STRUCTURED,IMG_003752,P3_SCREEN_S1_STRUCTURED_20260827_114003_011,2.2977245370002493
17.016047483,14.892320661,0.234313919,1.004841797,1039,117,S1_STRUCTURED,IMG_003753,P3_SCREEN_S1_STRUCTURED_20260827_114003_012,17.02639755600012
21.824078688,19.809571959,0.229590872,1.004021293,1039,116,S1_STRUCTURED,IMG_003754,P3_SCREEN_S1_STRUCTURED_20260827_114003_013,21.831892865000555
17.011672184,14.910767862,0.283894511,1.033261947,1039,120,S1_STRUCTURED,IMG_003755,P3_SCREEN_S1_STRUCTURED_20260827_114003_014,17.022090422000474
2.265808972,0.562650909,0.219310785,0.972997357,1039,112,S1_STRUCTURED,IMG_003756,P3_SCREEN_S1_STRUCTURED_20260827_114003_015,2.272235378000005
2.318722053,0.468808199,0.251898092,1.01433606,1039,116,S1_STRUCTURED,IMG_003757,P3_SCREEN_S1_STRUCTURED_20260827_114003_016,2.326360413999282
2.238262031,0.50299493,0.217145802,0.991595187,1039,116,S1_STRUCTURED,IMG_003758,P3_SCREEN_S1_STRUCTURED_20260827_114003_017,2.2440903020005862
18.69868618,16.559974088,0.249043982,0.981811935,1039,113,S1_STRUCTURED,IMG_003759,P3_SCREEN_S1_STRUCTURED_20260827_114003_018,18.707252631999836
22.175572839,20.138334072,0.254214777,0.994412018,1039,114,S1_STRUCTURED,IMG_003760,P3_SCREEN_S1_STRUCTURED_20260827_114003_019,22.183683182000095
18.376909325,16.406462922,0.21266921,0.988769526,1039,113,S1_STRUCTURED,IMG_003761,P3_SCREEN_S1_STRUCTURED_20260827_114003_020,18.387255865000043
2.363114128,0.611969791,0.231244155,0.929064622,1039,108,S1_STRUCTURED,IMG_003792,P3_SCREEN_S1_STRUCTURED_20260827_114003_021,2.373280032999901
2.485649591,0.533126731,0.227670571,0.990462376,1039,116,S1_STRUCTURED,IMG_003793,P3_SCREEN_S1_STRUCTURED_20260827_114003_022,2.495780307000132
2.212431242,0.500187364,0.232610048,0.939693641,1039,108,S1_STRUCTURED,IMG_003794,P3_SCREEN_S1_STRUCTURED_20260827_114003_023,2.2204582060003304
2.253508769,0.543464667,0.204440352,0.893933435,1039,104,S1_STRUCTURED,IMG_003795,P3_SCREEN_S1_STRUCTURED_20260827_114003_024,2.2626721050000924
2.114340099,0.412394093,0.21161303,0.961646242,1039,111,S1_STRUCTURED,IMG_003796,P3_SCREEN_S1_STRUCTURED_20260827_114003_025,2.122421146000306
2.260208802,0.40301271,0.208466128,0.982227577,1039,115,S1_STRUCTURED,IMG_003797,P3_SCREEN_S1_STRUCTURED_20260827_114003_026,2.2664066320003258
2.300333082,0.553913835,0.224786985,0.926312334,1039,107,S1_STRUCTURED,IMG_003798,P3_SCREEN_S1_STRUCTURED_20260827_114003_027,2.30833605800035
2.144344393,0.447169559,0.200508477,0.880416684,1039,103,S1_STRUCTURED,IMG_003799,P3_SCREEN_S1_STRUCTURED_20260827_114003_028,2.152489340000102
2.125054006,0.425639537,0.205891894,0.921760739,1039,110,S1_STRUCTURED,IMG_003800,P3_SCREEN_S1_STRUCTURED_20260827_114003_029,2.1353879150001376
1.997760088,0.445977979,0.207402211,0.865626276,1039,102,S1_STRUCTURED,IMG_003801,P3_SCREEN_S1_STRUCTURED_20260827_114003_030,2.0061992810005904
2.221384653,0.492943477,0.207661332,0.930353915,1039,108,S1_STRUCTURED,IMG_003802,P3_SCREEN_S1_STRUCTURED_20260827_114003_031,2.2322095330000593
2.231344199,0.454352493,0.205256356,0.951832707,1039,111,S1_STRUCTURED,IMG_003803,P3_SCREEN_S1_STRUCTURED_20260827_114003_032,2.241006560000642
2.162251866,0.420654676,0.209265824,0.967680397,1039,112,S1_STRUCTURED,IMG_003804,P3_SCREEN_S1_STRUCTURED_20260827_114003_033,2.170536852000623
2.152800487,0.455056108,0.209786076,0.958293648,1039,110,S1_STRUCTURED,IMG_003805,P3_SCREEN_S1_STRUCTURED_20260827_114003_034,2.1592357770005037
2.320852802,0.604372877,0.207791369,0.942755626,1039,107,S1_STRUCTURED,IMG_003806,P3_SCREEN_S1_STRUCTURED_20260827_114003_035,2.3307028340004763
2.162349442,0.430208765,0.204947169,0.925030341,1039,109,S1_STRUCTURED,IMG_003807,P3_SCREEN_S1_STRUCTURED_20260827_114003_036,2.172783422000066
2.097900444,0.582010321,0.209565068,0.809585753,1039,94,S1_STRUCTURED,IMG_003808,P3_SCREEN_S1_STRUCTURED_20260827_114003_037,2.107724413000142
2.204631847,0.489146388,0.217016447,0.835673458,1039,95,S1_STRUCTURED,IMG_003809,P3_SCREEN_S1_STRUCTURED_20260827_114003_038,2.213200696000058
2.253716955,0.453687517,0.199091254,0.92207442,1039,108,S1_STRUCTURED,IMG_003810,P3_SCREEN_S1_STRUCTURED_20260827_114003_039,2.2637220550004713
2.183018585,0.44925569,0.208297413,0.891329063,1039,104,S1_STRUCTURED,IMG_003811,P3_SCREEN_S1_STRUCTURED_20260827_114003_040,2.193481759999486
2.330979355,0.527417332,0.214873983,0.990134577,1039,112,S1_STRUCTURED,IMG_003892,P3_SCREEN_S1_STRUCTURED_20260827_114003_041,2.3403292120001424
2.245238818,0.408353981,0.210137204,0.898017145,1039,104,S1_STRUCTURED,IMG_003893,P3_SCREEN_S1_STRUCTURED_20260827_114003_042,2.253226267000173
2.294816823,0.607736903,0.214991918,0.90629293,1039,104,S1_STRUCTURED,IMG_003894,P3_SCREEN_S1_STRUCTURED_20260827_114003_043,2.3024264940004286
2.257672914,0.454601973,0.208623962,0.881120939,1039,102,S1_STRUCTURED,IMG_003895,P3_SCREEN_S1_STRUCTURED_20260827_114003_044,2.2659083279995684
2.144246195,0.440688854,0.228727285,0.940287126,1039,108,S1_STRUCTURED,IMG_003896,P3_SCREEN_S1_STRUCTURED_20260827_114003_045,2.1523367509998934
2.182634906,0.499151466,0.205200268,0.924681544,1039,108,S1_STRUCTURED,IMG_003897,P3_SCREEN_S1_STRUCTURED_20260827_114003_046,2.1905753569999433
2.103126171,0.458014162,0.19825783,0.921350939,1039,108,S1_STRUCTURED,IMG_003898,P3_SCREEN_S1_STRUCTURED_20260827_114003_047,2.1141880710001715
2.150883741,0.469074022,0.21422539,0.924560202,1039,109,S1_STRUCTURED,IMG_003899,P3_SCREEN_S1_STRUCTURED_20260827_114003_048,2.1606324809999933
2.080061667,0.484278157,0.201117565,0.885660622,1039,104,S1_STRUCTURED,IMG_003900,P3_SCREEN_S1_STRUCTURED_20260827_114003_049,2.088275679999242
2.283629721,0.456021224,0.216319751,0.951640896,1039,113,S1_STRUCTURED,IMG_003901,P3_SCREEN_S1_STRUCTURED_20260827_114003_050,2.2934815319995323
2.283652359,0.470202021,0.276028541,0.930391039,1039,108,S1_STRUCTURED,IMG_003902,P3_SCREEN_S1_STRUCTURED_20260827_114003_051,2.2933102770002733
2.187445144,0.524051994,0.200725357,0.933361158,1039,109,S1_STRUCTURED,IMG_003903,P3_SCREEN_S1_STRUCTURED_20260827_114003_052,2.193628374000582
2.127820363,0.498676224,0.206622706,0.874534404,1039,102,S1_STRUCTURED,IMG_003904,P3_SCREEN_S1_STRUCTURED_20260827_114003_053,2.134071993999896
2.476846472,0.586236059,0.305158177,0.979192417,1039,109,S1_STRUCTURED,IMG_003905,P3_SCREEN_S1_STRUCTURED_20260827_114003_054,2.4847489719995792
2.159911966,0.43471388,0.219098783,0.95463673,1039,111,S1_STRUCTURED,IMG_003906,P3_SCREEN_S1_STRUCTURED_20260827_114003_055,2.1695987319999404
2.101645157,0.467590648,0.218138573,0.975586726,1039,107,S1_STRUCTURED,IMG_003907,P3_SCREEN_S1_STRUCTURED_20260827_114003_056,2.11138479300007
2.126368336,0.475477158,0.212573116,0.878785504,1039,104,S1_STRUCTURED,IMG_003908,P3_SCREEN_S1_STRUCTURED_20260827_114003_057,2.1343732159994033
2.062423707,0.41068995,0.21607615,0.907771632,1039,106,S1_STRUCTURED,IMG_003909,P3_SCREEN_S1_STRUCTURED_20260827_114003_058,2.0732722140000988
2.041493968,0.441629738,0.212879591,0.887530075,1039,104,S1_STRUCTURED,IMG_003910,P3_SCREEN_S1_STRUCTURED_20260827_114003_059,2.04936724900017
2.144138126,0.492552573,0.200516594,0.918911743,1039,106,S1_STRUCTURED,IMG_003911,P3_SCREEN_S1_STRUCTURED_20260827_114003_060,2.152484958000059
2.059376819,0.497484897,0.209516769,0.82717884,1039,95,S1_STRUCTURED,IMG_003982,P3_SCREEN_S1_STRUCTURED_20260827_114003_061,2.0698561650006013
1.988273745,0.485260409,0.225042695,0.805289989,1039,95,S1_STRUCTURED,IMG_003983,P3_SCREEN_S1_STRUCTURED_20260827_114003_062,1.9976847910002107
2.030183916,0.530113482,0.204071895,0.827844823,1039,97,S1_STRUCTURED,IMG_003984,P3_SCREEN_S1_STRUCTURED_20260827_114003_063,2.039957157999197
2.21673315,0.485447604,0.202305625,0.970089101,1039,112,S1_STRUCTURED,IMG_003985,P3_SCREEN_S1_STRUCTURED_20260827_114003_064,2.2262515140000687
2.025705331,0.437208434,0.203571953,0.824148998,1039,96,S1_STRUCTURED,IMG_003986,P3_SCREEN_S1_STRUCTURED_20260827_114003_065,2.035822693999762
2.075876017,0.482559494,0.204642368,0.87235416,1039,103,S1_STRUCTURED,IMG_003987,P3_SCREEN_S1_STRUCTURED_20260827_114003_066,2.083961479000209
2.159760515,0.429546922,0.245851995,0.899001486,1039,103,S1_STRUCTURED,IMG_003988,P3_SCREEN_S1_STRUCTURED_20260827_114003_067,2.166915503999917
2.005731224,0.45921182,0.206849296,0.826913127,1039,97,S1_STRUCTURED,IMG_003989,P3_SCREEN_S1_STRUCTURED_20260827_114003_068,2.0168961250001303
2.037590115,0.485292085,0.217573809,0.822730483,1039,96,S1_STRUCTURED,IMG_003990,P3_SCREEN_S1_STRUCTURED_20260827_114003_069,2.047398334000718
2.069629471,0.462159262,0.22497049,0.8563654,1039,96,S1_STRUCTURED,IMG_003991,P3_SCREEN_S1_STRUCTURED_20260827_114003_070,2.079508847999932
1.972578533,0.453418907,0.223982495,0.804025989,1039,95,S1_STRUCTURED,IMG_003992,P3_SCREEN_S1_STRUCTURED_20260827_114003_071,1.980747839000287
2.044918059,0.504985785,0.199322766,0.818284313,1039,95,S1_STRUCTURED,IMG_003993,P3_SCREEN_S1_STRUCTURED_20260827_114003_072,2.055301870999756
2.136784583,0.461281946,0.225974122,0.901977066,1039,105,S1_STRUCTURED,IMG_003994,P3_SCREEN_S1_STRUCTURED_20260827_114003_073,2.1471154359996945
2.037363041,0.433732813,0.196261755,0.81800492,1039,97,S1_STRUCTURED,IMG_003995,P3_SCREEN_S1_STRUCTURED_20260827_114003_074,2.0470789350001724
2.046607633,0.469062101,0.229447911,0.827929012,1039,97,S1_STRUCTURED,IMG_003996,P3_SCREEN_S1_STRUCTURED_20260827_114003_075,2.0577232579998963
2.115637498,0.417812619,0.211681124,0.946152381,1039,110,S1_STRUCTURED,IMG_003997,P3_SCREEN_S1_STRUCTURED_20260827_114003_076,2.121761489999699
2.083515463,0.408381104,0.234398071,0.944485639,1039,111,S1_STRUCTURED,IMG_003998,P3_SCREEN_S1_STRUCTURED_20260827_114003_077,2.0958467890004613
2.142101146,0.47055462,0.221416419,0.94588904,1039,111,S1_STRUCTURED,IMG_003999,P3_SCREEN_S1_STRUCTURED_20260827_114003_078,2.1518927690003693
2.048149885,0.429912425,0.242175665,0.83335448,1039,97,S1_STRUCTURED,IMG_004000,P3_SCREEN_S1_STRUCTURED_20260827_114003_079,2.0584318489991347
2.142550187,0.449915607,0.203649204,0.933594284,1039,111,S1_STRUCTURED,IMG_004001,P3_SCREEN_S1_STRUCTURED_20260827_114003_080,2.1539390110001477
2.03264473,0.486674174,0.221204419,0.81150082,1039,96,S1_STRUCTURED,IMG_004012,P3_SCREEN_S1_STRUCTURED_20260827_114003_081,2.04211314999975
1.944496356,0.428692389,0.198037723,0.815476197,1039,96,S1_STRUCTURED,IMG_004013,P3_SCREEN_S1_STRUCTURED_20260827_114003_082,1.954749463000553
1.951922378,0.439251397,0.20837848,0.82856399,1039,97,S1_STRUCTURED,IMG_004014,P3_SCREEN_S1_STRUCTURED_20260827_114003_083,1.9622892830002456
2.002462152,0.464246764,0.203052498,0.803485252,1039,96,S1_STRUCTURED,IMG_004015,P3_SCREEN_S1_STRUCTURED_20260827_114003_084,2.0090603820008255
2.028045148,0.461616041,0.225753051,0.822428104,1039,95,S1_STRUCTURED,IMG_004016,P3_SCREEN_S1_STRUCTURED_20260827_114003_085,2.0380052990003605
2.088027226,0.471832616,0.205678322,0.903263055,1039,107,S1_STRUCTURED,IMG_004017,P3_SCREEN_S1_STRUCTURED_20260827_114003_086,2.0985155409998697
2.186920111,0.4830522,0.215336695,0.942522578,1039,112,S1_STRUCTURED,IMG_004018,P3_SCREEN_S1_STRUCTURED_20260827_114003_087,2.196750501999304
2.067954438,0.439231489,0.200739522,0.917930923,1039,109,S1_STRUCTURED,IMG_004019,P3_SCREEN_S1_STRUCTURED_20260827_114003_088,2.077951777000635
1.9831901,0.473641659,0.21350762,0.808702362,1039,96,S1_STRUCTURED,IMG_004020,P3_SCREEN_S1_STRUCTURED_20260827_114003_089,1.9950883390001763
2.009991646,0.43548303,0.200233986,0.834968192,1039,100,S1_STRUCTURED,IMG_004021,P3_SCREEN_S1_STRUCTURED_20260827_114003_090,2.0184152459996767
1.870711507,0.40699974,0.224274193,0.769337629,1039,94,S1_STRUCTURED,IMG_004072,P3_SCREEN_S1_STRUCTURED_20260827_114003_091,1.8810998710005151
1.976073079,0.486497481,0.232297046,0.763041994,1039,96,S1_STRUCTURED,IMG_004073,P3_SCREEN_S1_STRUCTURED_20260827_114003_092,1.9856524469996657
1.888183681,0.428201569,0.201205696,0.775751422,1039,96,S1_STRUCTURED,IMG_004074,P3_SCREEN_S1_STRUCTURED_20260827_114003_093,1.8977714330003437
2.077898038,0.520831927,0.201135779,0.79104688,1039,97,S1_STRUCTURED,IMG_004075,P3_SCREEN_S1_STRUCTURED_20260827_114003_094,2.0890289930002837
1.919815315,0.461988794,0.189746772,0.769069158,1039,96,S1_STRUCTURED,IMG_004076,P3_SCREEN_S1_STRUCTURED_20260827_114003_095,1.9298304080002708
1.888556074,0.414639012,0.209328449,0.775556569,1039,96,S1_STRUCTURED,IMG_004077,P3_SCREEN_S1_STRUCTURED_20260827_114003_096,1.8964621280001666
1.875082148,0.425979582,0.251419975,0.759179956,1039,96,S1_STRUCTURED,IMG_004078,P3_SCREEN_S1_STRUCTURED_20260827_114003_097,1.8826455770004031
2.057930236,0.439500992,0.241618022,0.851420523,1039,101,S1_STRUCTURED,IMG_004079,P3_SCREEN_S1_STRUCTURED_20260827_114003_098,2.0659170150001955
1.896270908,0.422339709,0.190895651,0.772369541,1039,96,S1_STRUCTURED,IMG_004080,P3_SCREEN_S1_STRUCTURED_20260827_114003_099,1.9042811460003577
1.978106852,0.443479617,0.199525786,0.786038996,1039,97,S1_STRUCTURED,IMG_004081,P3_SCREEN_S1_STRUCTURED_20260827_114003_100,1.987619456000175
2.047608288,0.49047938,0.210162703,0.826618024,1039,98,S1_STRUCTURED,IMG_004082,P3_SCREEN_S1_STRUCTURED_20260827_114003_101,2.057451502000731
2.085521181,0.442064933,0.206644241,0.865338905,1039,102,S1_STRUCTURED,IMG_004083,P3_SCREEN_S1_STRUCTURED_20260827_114003_102,2.094948447999741
2.159479649,0.519755929,0.204130866,0.822885208,1039,97,S1_STRUCTURED,IMG_004084,P3_SCREEN_S1_STRUCTURED_20260827_114003_103,2.1725022880000324
2.12620932,0.506327559,0.228591742,0.817153471,1039,96,S1_STRUCTURED,IMG_004085,P3_SCREEN_S1_STRUCTURED_20260827_114003_104,2.1371280240000488
2.032384312,0.441280146,0.206706104,0.817282536,1039,96,S1_STRUCTURED,IMG_004086,P3_SCREEN_S1_STRUCTURED_20260827_114003_105,2.042461072000151
2.086920796,0.47440457,0.200161066,0.889321142,1039,105,S1_STRUCTURED,IMG_004087,P3_SCREEN_S1_STRUCTURED_20260827_114003_106,2.098513998999806
1.907768349,0.406377508,0.200841258,0.800375436,1039,95,S1_STRUCTURED,IMG_004088,P3_SCREEN_S1_STRUCTURED_20260827_114003_107,1.9179954669998551
2.096590978,0.450880125,0.212479275,0.873317887,1039,102,S1_STRUCTURED,IMG_004089,P3_SCREEN_S1_STRUCTURED_20260827_114003_108,2.1070834150004885
2.186573395,0.523698017,0.202590011,0.885322444,1039,104,S1_STRUCTURED,IMG_004090,P3_SCREEN_S1_STRUCTURED_20260827_114003_109,2.1969903369999884
2.072840301,0.429061961,0.205569256,0.878936535,1039,104,S1_STRUCTURED,IMG_004091,P3_SCREEN_S1_STRUCTURED_20260827_114003_110,2.0825555090004855
2.060786994,0.468199457,0.199809293,0.844442845,1039,99,S1_STRUCTURED,IMG_004192,P3_SCREEN_S1_STRUCTURED_20260827_114003_111,2.0704301679998025
2.07272872,0.47700876,0.19780962,0.83628039,1039,99,S1_STRUCTURED,IMG_004193,P3_SCREEN_S1_STRUCTURED_20260827_114003_112,2.0819827160003115
2.167119195,0.400620431,0.207082168,0.938018957,1039,109,S1_STRUCTURED,IMG_004194,P3_SCREEN_S1_STRUCTURED_20260827_114003_113,2.1769661059997816
1.976425144,0.485713214,0.199199239,0.801536337,1039,95,S1_STRUCTURED,IMG_004195,P3_SCREEN_S1_STRUCTURED_20260827_114003_114,1.9879893960005575
2.161251536,0.45434236,0.196162538,0.88537301,1039,103,S1_STRUCTURED,IMG_004196,P3_SCREEN_S1_STRUCTURED_20260827_114003_115,2.1718334429997412
2.021875273,0.472809762,0.199826042,0.809662522,1039,94,S1_STRUCTURED,IMG_004197,P3_SCREEN_S1_STRUCTURED_20260827_114003_116,2.0334854769998856
2.088549324,0.520540856,0.205566035,0.822856915,1039,98,S1_STRUCTURED,IMG_004198,P3_SCREEN_S1_STRUCTURED_20260827_114003_117,2.0989187300001504
2.125251211,0.436176538,0.208050216,0.807917861,1039,94,S1_STRUCTURED,IMG_004199,P3_SCREEN_S1_STRUCTURED_20260827_114003_118,2.1337827899997137
2.011468462,0.426887408,0.219905293,0.775387792,1039,91,S1_STRUCTURED,IMG_004200,P3_SCREEN_S1_STRUCTURED_20260827_114003_119,2.021237390999886
2.127499208,0.49279383,0.197873692,0.894835487,1039,105,S1_STRUCTURED,IMG_004201,P3_SCREEN_S1_STRUCTURED_20260827_114003_120,2.1388041480004176
1.580967769,0.477151135,0.115217411,0.468556387,598,60,C3_BASELINE,IMG_003702,P2_SCREEN_C3_20260826_231841_001,1.5896389484405518
1.345120399,0.469853443,0.11528946,0.374200833,598,47,C3_BASELINE,IMG_003703,P2_SCREEN_C3_20260826_231841_002,1.3527555465698242
1.49532775,0.425658564,0.11511379,0.403714265,598,50,C3_BASELINE,IMG_003704,P2_SCREEN_C3_20260826_231841_003,1.5010409355163574
1.516835547,0.451974992,0.113209092,0.507303418,598,62,C3_BASELINE,IMG_003705,P2_SCREEN_C3_20260826_231841_004,1.52467942237854
1.539191878,0.421557219,0.113332411,0.539883868,598,66,C3_BASELINE,IMG_003706,P2_SCREEN_C3_20260826_231841_005,1.5469818115234375
1.656612874,0.470169554,0.111951321,0.556221512,598,71,C3_BASELINE,IMG_003707,P2_SCREEN_C3_20260826_231841_006,1.6647536754608154
1.556264525,0.476039118,0.140415345,0.414968005,598,51,C3_BASELINE,IMG_003708,P2_SCREEN_C3_20260826_231841_007,1.564798355102539
1.483332989,0.422568106,0.112670319,0.413512083,598,51,C3_BASELINE,IMG_003709,P2_SCREEN_C3_20260826_231841_008,1.4931185245513916
1.328084331,0.422745342,0.11249909,0.367536871,598,46,C3_BASELINE,IMG_003710,P2_SCREEN_C3_20260826_231841_009,1.3360216617584229
1.536540364,0.487161421,0.118153033,0.402173795,598,50,C3_BASELINE,IMG_003711,P2_SCREEN_C3_20260826_231841_010,1.5441792011260986
1.535204536,0.468300446,0.13309252,0.40145228,598,51,C3_BASELINE,IMG_003752,P2_SCREEN_C3_20260826_231841_011,1.543189525604248
1.53773174,0.465505572,0.126003704,0.48120679,598,61,C3_BASELINE,IMG_003753,P2_SCREEN_C3_20260826_231841_012,1.5563619136810303
1.507040949,0.486553742,0.119017187,0.411168999,598,51,C3_BASELINE,IMG_003754,P2_SCREEN_C3_20260826_231841_013,1.5147571563720703
1.465086287,0.404766456,0.116129196,0.510341622,598,63,C3_BASELINE,IMG_003755,P2_SCREEN_C3_20260826_231841_014,1.4728214740753174
1.611507134,0.467324706,0.113224454,0.503694169,598,64,C3_BASELINE,IMG_003756,P2_SCREEN_C3_20260826_231841_015,1.6180853843688965
1.54162667,0.408890156,0.116470895,0.534986689,598,68,C3_BASELINE,IMG_003757,P2_SCREEN_C3_20260826_231841_016,1.5494072437286377
1.544810409,0.474991052,0.134574836,0.411042825,598,51,C3_BASELINE,IMG_003758,P2_SCREEN_C3_20260826_231841_017,1.5527679920196533
1.516653843,0.413659043,0.132384227,0.43809476,598,54,C3_BASELINE,IMG_003759,P2_SCREEN_C3_20260826_231841_018,1.5240294933319092
1.327833728,0.423587832,0.114428966,0.377103236,598,48,C3_BASELINE,IMG_003760,P2_SCREEN_C3_20260826_231841_019,1.3356640338897705
1.626457759,0.469935226,0.114077991,0.513480912,598,64,C3_BASELINE,IMG_003761,P2_SCREEN_C3_20260826_231841_020,1.6356589794158936
1.569569937,0.424702937,0.114010968,0.583476997,598,73,C3_BASELINE,IMG_003792,P2_SCREEN_C3_20260826_231841_021,1.5777788162231445
1.505523769,0.447548014,0.12290873,0.423618044,598,53,C3_BASELINE,IMG_003793,P2_SCREEN_C3_20260826_231841_022,1.5133280754089355
1.656818499,0.45876845,0.113346326,0.556339154,598,69,C3_BASELINE,IMG_003794,P2_SCREEN_C3_20260826_231841_023,1.667855978012085
1.619348776,0.464114467,0.121021508,0.585889203,598,74,C3_BASELINE,IMG_003795,P2_SCREEN_C3_20260826_231841_024,1.627145767211914
1.624088425,0.428999705,0.127956828,0.54376062,598,69,C3_BASELINE,IMG_003796,P2_SCREEN_C3_20260826_231841_025,1.632582187652588
1.574633232,0.486641362,0.119868116,0.492714996,598,60,C3_BASELINE,IMG_003797,P2_SCREEN_C3_20260826_231841_026,1.580758810043335
1.698115296,0.402990474,0.142281965,0.583609502,598,67,C3_BASELINE,IMG_003798,P2_SCREEN_C3_20260826_231841_027,1.705918550491333
1.653535138,0.505404549,0.116607269,0.466142865,598,53,C3_BASELINE,IMG_003799,P2_SCREEN_C3_20260826_231841_028,1.6616621017456055
1.614149745,0.472044005,0.113044862,0.560771571,598,71,C3_BASELINE,IMG_003800,P2_SCREEN_C3_20260826_231841_029,1.6220557689666748
1.55466341,0.42793749,0.124541273,0.540348478,598,67,C3_BASELINE,IMG_003801,P2_SCREEN_C3_20260826_231841_030,1.5625152587890625
1.666623414,0.481174568,0.118935918,0.488805784,598,58,C3_BASELINE,IMG_003802,P2_SCREEN_C3_20260826_231841_031,1.6752805709838867
1.480567956,0.433462192,0.117557268,0.415403435,598,50,C3_BASELINE,IMG_003803,P2_SCREEN_C3_20260826_231841_032,1.4898240566253662
1.694228399,0.430285447,0.130973951,0.569792538,598,68,C3_BASELINE,IMG_003804,P2_SCREEN_C3_20260826_231841_033,1.7033727169036865
1.520289563,0.450680861,0.11897208,0.424173258,598,50,C3_BASELINE,IMG_003805,P2_SCREEN_C3_20260826_231841_034,1.527881145477295
1.596850592,0.485085794,0.143253781,0.420837147,598,50,C3_BASELINE,IMG_003806,P2_SCREEN_C3_20260826_231841_035,1.6061127185821533
1.444309286,0.425979712,0.125434177,0.391400335,598,46,C3_BASELINE,IMG_003807,P2_SCREEN_C3_20260826_231841_036,1.453228235244751
1.712511074,0.485078019,0.118399638,0.55477888,598,65,C3_BASELINE,IMG_003808,P2_SCREEN_C3_20260826_231841_037,1.721208095550537
1.570452075,0.486045013,0.12178725,0.419245254,598,48,C3_BASELINE,IMG_003809,P2_SCREEN_C3_20260826_231841_038,1.578415870666504
1.67837144,0.445040501,0.120805699,0.558023378,598,66,C3_BASELINE,IMG_003810,P2_SCREEN_C3_20260826_231841_039,1.6863014698028564
1.521668498,0.421462435,0.120446809,0.398018715,598,45,C3_BASELINE,IMG_003811,P2_SCREEN_C3_20260826_231841_040,1.528351068496704
1.608388612,0.441589988,0.120031255,0.509511288,598,59,C3_BASELINE,IMG_003892,P2_SCREEN_C3_20260826_231841_041,1.6154186725616455
1.756059174,0.483598027,0.124565607,0.598001586,598,71,C3_BASELINE,IMG_003893,P2_SCREEN_C3_20260826_231841_042,1.7632982730865479
1.592691927,0.493439167,0.133822296,0.409483705,598,48,C3_BASELINE,IMG_003894,P2_SCREEN_C3_20260826_231841_043,1.5988962650299072
1.442795095,0.4409353,0.123804746,0.368890185,598,44,C3_BASELINE,IMG_003895,P2_SCREEN_C3_20260826_231841_044,1.4508576393127441
1.552402619,0.498235126,0.118927868,0.377818972,598,45,C3_BASELINE,IMG_003896,P2_SCREEN_C3_20260826_231841_045,1.5604257583618164
1.518259091,0.475357972,0.130376604,0.406544314,598,48,C3_BASELINE,IMG_003897,P2_SCREEN_C3_20260826_231841_046,1.5265066623687744
1.598429099,0.424586406,0.120807656,0.47139403,598,56,C3_BASELINE,IMG_003898,P2_SCREEN_C3_20260826_231841_047,1.60699462890625
1.637959713,0.479083096,0.127688606,0.452302727,598,53,C3_BASELINE,IMG_003899,P2_SCREEN_C3_20260826_231841_048,1.6456820964813232
1.455455203,0.423249606,0.11739718,0.38100669,598,45,C3_BASELINE,IMG_003900,P2_SCREEN_C3_20260826_231841_049,1.4632618427276611
1.511757423,0.477928687,0.118493994,0.364608006,598,43,C3_BASELINE,IMG_003901,P2_SCREEN_C3_20260826_231841_050,1.520216941833496
1.663153646,0.475794748,0.122756437,0.493411301,598,58,C3_BASELINE,IMG_003902,P2_SCREEN_C3_20260826_231841_051,1.6715104579925537
1.793504241,0.448895328,0.146569722,0.608270983,598,72,C3_BASELINE,IMG_003903,P2_SCREEN_C3_20260826_231841_052,1.801041841506958
1.589760678,0.520834357,0.119984628,0.471583591,598,55,C3_BASELINE,IMG_003904,P2_SCREEN_C3_20260826_231841_053,1.597893476486206
1.545863734,0.482947711,0.118470339,0.41340366,598,49,C3_BASELINE,IMG_003905,P2_SCREEN_C3_20260826_231841_054,1.5540878772735596
1.496424988,0.441785832,0.135173235,0.412827318,598,49,C3_BASELINE,IMG_003906,P2_SCREEN_C3_20260826_231841_055,1.5046484470367432
1.70645684,0.486182428,0.122434723,0.559147202,598,66,C3_BASELINE,IMG_003907,P2_SCREEN_C3_20260826_231841_056,1.7147486209869385
1.740261407,0.507011044,0.119460371,0.556827329,598,66,C3_BASELINE,IMG_003908,P2_SCREEN_C3_20260826_231841_057,1.7481069564819336
1.532599172,0.435257477,0.119765893,0.397673549,598,49,C3_BASELINE,IMG_003909,P2_SCREEN_C3_20260826_231841_058,1.5406131744384766
1.400362617,0.484610804,0.124658323,0.383898184,598,50,C3_BASELINE,IMG_003910,P2_SCREEN_C3_20260826_231841_059,1.4088823795318604
1.437496332,0.414419194,0.113380799,0.407858218,598,50,C3_BASELINE,IMG_003911,P2_SCREEN_C3_20260826_231841_060,1.4432902336120605
1.635830178,0.466526178,0.125893466,0.565772729,598,71,C3_BASELINE,IMG_003982,P2_SCREEN_C3_20260826_231841_061,1.6444287300109863
1.676269504,0.480248606,0.113943655,0.537472788,598,65,C3_BASELINE,IMG_003983,P2_SCREEN_C3_20260826_231841_062,1.6839699745178223
1.663869858,0.415114666,0.114151356,0.638429255,598,78,C3_BASELINE,IMG_003984,P2_SCREEN_C3_20260826_231841_063,1.6715941429138184
1.596272624,0.513358428,0.122784264,0.445998,598,55,C3_BASELINE,IMG_003985,P2_SCREEN_C3_20260826_231841_064,1.6036415100097656
1.616086086,0.421473177,0.130009855,0.552709465,598,70,C3_BASELINE,IMG_003986,P2_SCREEN_C3_20260826_231841_065,1.623734712600708
1.527943371,0.460706227,0.112625448,0.41097151,598,50,C3_BASELINE,IMG_003987,P2_SCREEN_C3_20260826_231841_066,1.5354185104370117
1.472461112,0.445587553,0.114270002,0.4251758,598,54,C3_BASELINE,IMG_003988,P2_SCREEN_C3_20260826_231841_067,1.4799981117248535
1.650857441,0.416281414,0.130307408,0.556594796,598,66,C3_BASELINE,IMG_003989,P2_SCREEN_C3_20260826_231841_068,1.6587121486663818
1.699983952,0.477510184,0.122263099,0.545380793,598,63,C3_BASELINE,IMG_003990,P2_SCREEN_C3_20260826_231841_069,1.7082090377807617
1.531037578,0.458940181,0.11356101,0.383139267,598,47,C3_BASELINE,IMG_003991,P2_SCREEN_C3_20260826_231841_070,1.54002046585083
1.464544942,0.443838032,0.121902256,0.438151959,598,54,C3_BASELINE,IMG_003992,P2_SCREEN_C3_20260826_231841_071,1.4721765518188477
1.5469289,0.460095626,0.136411418,0.442341565,598,55,C3_BASELINE,IMG_003993,P2_SCREEN_C3_20260826_231841_072,1.5548431873321533
1.572493757,0.434496881,0.115876694,0.464085217,598,56,C3_BASELINE,IMG_003994,P2_SCREEN_C3_20260826_231841_073,1.5810661315917969
1.65401587,0.452743969,0.132785021,0.535129726,598,65,C3_BASELINE,IMG_003995,P2_SCREEN_C3_20260826_231841_074,1.662635087966919
1.78373738,0.447882886,0.118781185,0.635161057,598,73,C3_BASELINE,IMG_003996,P2_SCREEN_C3_20260826_231841_075,1.7920386791229248
1.848950026,0.488601207,0.119482808,0.77017037,598,92,C3_BASELINE,IMG_003997,P2_SCREEN_C3_20260826_231841_076,1.8576602935791016
1.643145551,0.516269374,0.124095753,0.463374283,598,54,C3_BASELINE,IMG_003998,P2_SCREEN_C3_20260826_231841_077,1.6539688110351562
1.983871098,0.4317355,0.131301131,0.813112733,598,95,C3_BASELINE,IMG_003999,P2_SCREEN_C3_20260826_231841_078,1.992321491241455
1.730901962,0.471738123,0.132933594,0.562367997,598,67,C3_BASELINE,IMG_004000,P2_SCREEN_C3_20260826_231841_079,1.7391061782836914
1.525692261,0.445694354,0.129552368,0.424860644,598,50,C3_BASELINE,IMG_004001,P2_SCREEN_C3_20260826_231841_080,1.534219741821289
1.752430198,0.469310099,0.120957087,0.603734533,598,70,C3_BASELINE,IMG_004012,P2_SCREEN_C3_20260826_231841_081,1.7606418132781982
1.579887627,0.478502434,0.122730396,0.427991238,598,49,C3_BASELINE,IMG_004013,P2_SCREEN_C3_20260826_231841_082,1.590754508972168
1.805755843,0.418393977,0.122822808,0.710552985,598,85,C3_BASELINE,IMG_004014,P2_SCREEN_C3_20260826_231841_083,1.814213514328003
1.621616205,0.487213747,0.134769923,0.420715372,598,49,C3_BASELINE,IMG_004015,P2_SCREEN_C3_20260826_231841_084,1.6298322677612305
1.826907534,0.44548083,0.120819715,0.682442933,598,78,C3_BASELINE,IMG_004016,P2_SCREEN_C3_20260826_231841_085,1.8354663848876953
1.720088474,0.465625867,0.118770985,0.593473288,598,70,C3_BASELINE,IMG_004017,P2_SCREEN_C3_20260826_231841_086,1.7285125255584717
1.581918133,0.474203618,0.160799673,0.42650759,598,50,C3_BASELINE,IMG_004018,P2_SCREEN_C3_20260826_231841_087,1.5900757312774658
1.665728397,0.408113887,0.128472658,0.570829346,598,67,C3_BASELINE,IMG_004019,P2_SCREEN_C3_20260826_231841_088,1.6740775108337402
1.722235928,0.471756813,0.122776439,0.566200121,598,67,C3_BASELINE,IMG_004020,P2_SCREEN_C3_20260826_231841_089,1.7309730052947998
1.865741632,0.438445937,0.121623709,0.715414526,598,85,C3_BASELINE,IMG_004021,P2_SCREEN_C3_20260826_231841_090,1.8743090629577637
1.7340702,0.483662745,0.128178646,0.550420562,598,65,C3_BASELINE,IMG_004072,P2_SCREEN_C3_20260826_231841_091,1.7424964904785156
1.691472673,0.483748172,0.133764428,0.518858674,598,61,C3_BASELINE,IMG_004073,P2_SCREEN_C3_20260826_231841_092,1.6999120712280273
1.356477116,0.405725865,0.114152557,0.380626897,598,47,C3_BASELINE,IMG_004074,P2_SCREEN_C3_20260826_231841_093,1.3638935089111328
1.846051202,0.463695715,0.112160369,0.714446453,598,88,C3_BASELINE,IMG_004075,P2_SCREEN_C3_20260826_231841_094,1.8544397354125977
1.485016795,0.407488819,0.112803877,0.450629921,598,57,C3_BASELINE,IMG_004076,P2_SCREEN_C3_20260826_231841_095,1.491600513458252
1.521078854,0.437757433,0.115420836,0.477335856,598,60,C3_BASELINE,IMG_004077,P2_SCREEN_C3_20260826_231841_096,1.5288605690002441
1.579649074,0.438427865,0.113427231,0.534662255,598,68,C3_BASELINE,IMG_004078,P2_SCREEN_C3_20260826_231841_097,1.5876495838165283
1.480853373,0.444071608,0.128384462,0.40753079,598,51,C3_BASELINE,IMG_004079,P2_SCREEN_C3_20260826_231841_098,1.4882943630218506
1.468786659,0.466858973,0.113119709,0.417011342,598,52,C3_BASELINE,IMG_004080,P2_SCREEN_C3_20260826_231841_099,1.4773752689361572
1.502547303,0.470140126,0.139512684,0.396739453,598,50,C3_BASELINE,IMG_004081,P2_SCREEN_C3_20260826_231841_100,1.510157585144043
1.481275322,0.386574436,0.118170317,0.449956479,598,56,C3_BASELINE,IMG_004082,P2_SCREEN_C3_20260826_231841_101,1.48968505859375
1.572316722,0.507647579,0.113387363,0.535612531,598,66,C3_BASELINE,IMG_004083,P2_SCREEN_C3_20260826_231841_102,1.5802617073059082
1.43941497,0.416618663,0.145342175,0.404264947,598,52,C3_BASELINE,IMG_004084,P2_SCREEN_C3_20260826_231841_103,1.4473052024841309
1.582701639,0.454660696,0.114020089,0.48443215,598,61,C3_BASELINE,IMG_004085,P2_SCREEN_C3_20260826_231841_104,1.5913009643554688
1.528539113,0.480734046,0.115249578,0.423425726,598,53,C3_BASELINE,IMG_004086,P2_SCREEN_C3_20260826_231841_105,1.536346435546875
1.48125654,0.426891641,0.120326376,0.416982983,598,52,C3_BASELINE,IMG_004087,P2_SCREEN_C3_20260826_231841_106,1.4891088008880615
1.573187597,0.468122156,0.114080079,0.460976988,598,57,C3_BASELINE,IMG_004088,P2_SCREEN_C3_20260826_231841_107,1.5811750888824463
1.596849708,0.439391188,0.113103195,0.510318085,598,64,C3_BASELINE,IMG_004089,P2_SCREEN_C3_20260826_231841_108,1.6047096252441406
1.506508307,0.43773019,0.112432273,0.455957396,598,52,C3_BASELINE,IMG_004090,P2_SCREEN_C3_20260826_231841_109,1.5147168636322021
1.51211339,0.488438148,0.135217945,0.372551279,598,46,C3_BASELINE,IMG_004091,P2_SCREEN_C3_20260826_231841_110,1.5202736854553223
1.455966248,0.415679637,0.126206467,0.404291136,598,50,C3_BASELINE,IMG_004192,P2_SCREEN_C3_20260826_231841_111,1.462597370147705
1.606367504,0.502918402,0.112634134,0.469193652,598,57,C3_BASELINE,IMG_004193,P2_SCREEN_C3_20260826_231841_112,1.6140480041503906
1.772549188,0.488074498,0.128417592,0.614134566,598,77,C3_BASELINE,IMG_004194,P2_SCREEN_C3_20260826_231841_113,1.7801659107208252
1.503825284,0.423602717,0.156917452,0.42216875,598,54,C3_BASELINE,IMG_004195,P2_SCREEN_C3_20260826_231841_114,1.5119669437408447
1.465251612,0.471937403,0.12969118,0.41839438,598,53,C3_BASELINE,IMG_004196,P2_SCREEN_C3_20260826_231841_115,1.4727563858032227
1.499769182,0.455706377,0.128955985,0.351010622,598,45,C3_BASELINE,IMG_004197,P2_SCREEN_C3_20260826_231841_116,1.5076429843902588
1.409056352,0.461567666,0.125476436,0.321275335,598,40,C3_BASELINE,IMG_004198,P2_SCREEN_C3_20260826_231841_117,1.4168102741241455
1.81400911,0.518310806,0.144695165,0.58948364,598,71,C3_BASELINE,IMG_004199,P2_SCREEN_C3_20260826_231841_118,1.822171926498413
1.603490416,0.428325553,0.115042972,0.518439758,598,64,C3_BASELINE,IMG_004200,P2_SCREEN_C3_20260826_231841_119,1.6113314628601074
1.432710292,0.424417833,0.113909139,0.391950817,598,49,C3_BASELINE,IMG_004201,P2_SCREEN_C3_20260826_231841_120,1.4401540756225586
