operational_id,operational_class,expected_high_priority,selection_basis,item_id,source_family,prompt_id,media_id,group_id,source_split,v3_split,image_path,image_sha256,image_sha_basis,prompt_path,prompt_sha256,taxonomy,old_role,old_label,ground_truth,metric_stratum,source_provenance_status,gt_type,gt_source,human_semantic_review_required,formal_v3_evaluation
PFV4_SCREEN_0001,normal_negative,NO_ALERT_NORMAL_POSE,FROZEN_LEGAL_V3_SPLIT_PRESERVED_WITHOUT_GT_REWRITE,P4D_PLAN::PF_P4D_HN_SIT_G008_V01,P4D_FROZEN_PLAN_440,PF_P4D_HN_SIT_G008_V01,,PF_P4D_HN_SIT_G008,NEW_SCREEN,V3_SCREEN,/home/yanbo/下载/batches/batch-person-fallen-v2-p4d-hardneg-fullregen-r2-camera1p5m/final/PF_P4D_HN_SIT_G008_V01.png,00ccbaf63bc11ef1dce71704acd3c0ead60aea57bcfde66b175e78ca1653ae9e,FAST_CLOSE_EXPECTED_AND_ACTUAL,/home/yanbo/下载/batches/batch_person-fallen-v2-p4d-hardneg-rev1-camera1p5m/prompts/PF_P4D_HN_SIT_G008_V01.txt,ebf4d31edd19f8ba167796bd2aa6d318faf1cafcdb6f0c3c2700e35352cf4587,floor_sitting,hard_negative,negative,negative,hard_negative,P4D_FAST_CLOSE_PROVENANCE_MECHANICAL_LINEAGE_PASS,PROMPT_DERIVED_SYNTHETIC_GT,FROZEN_GENERATION_PROMPT_AND_PLANNED_ROLE,false,true
PFV4_SCREEN_0002,normal_negative,NO_ALERT_NORMAL_POSE,FROZEN_LEGAL_V3_SPLIT_PRESERVED_WITHOUT_GT_REWRITE,P4D_PLAN::PF_P4D_HN_SIT_G008_V02,P4D_FROZEN_PLAN_440,PF_P4D_HN_SIT_G008_V02,,PF_P4D_HN_SIT_G008,NEW_SCREEN,V3_SCREEN,/home/yanbo/下载/batches/batch-person-fallen-v2-p4d-hardneg-fullregen-r2-camera1p5m/final/PF_P4D_HN_SIT_G008_V02.png,6c2628352e038020c20eab2f9b480da1f86ec7bfb32a585335014ee32e067ede,FAST_CLOSE_EXPECTED_AND_ACTUAL,/home/yanbo/下载/batches/batch_person-fallen-v2-p4d-hardneg-rev1-camera1p5m/prompts/PF_P4D_HN_SIT_G008_V02.txt,2d29675cb0d74ef093aa65bbc0c037c1b17bfc3101f19dd1f4cb621a7106dcd3,floor_sitting,hard_negative,negative,negative,hard_negative,P4D_FAST_CLOSE_PROVENANCE_MECHANICAL_LINEAGE_PASS,PROMPT_DERIVED_SYNTHETIC_GT,FROZEN_GENERATION_PROMPT_AND_PLANNED_ROLE,false,true
PFV4_SCREEN_0003,normal_negative,NO_ALERT_NORMAL_POSE,FROZEN_LEGAL_V3_SPLIT_PRESERVED_WITHOUT_GT_REWRITE,P4D_PLAN::PF_P4D_HN_SIT_G008_V03,P4D_FROZEN_PLAN_440,PF_P4D_HN_SIT_G008_V03,,PF_P4D_HN_SIT_G008,NEW_SCREEN,V3_SCREEN,/home/yanbo/下载/batches/batch-person-fallen-v2-p4d-hardneg-fullregen-r2-camera1p5m/final/PF_P4D_HN_SIT_G008_V03.png,55ad6dceb0bf5f01a909440ff25d9736e2b540e4ba9ca886434a288f6c6fab0f,FAST_CLOSE_EXPECTED_AND_ACTUAL,/home/yanbo/下载/batches/batch_person-fallen-v2-p4d-hardneg-rev1-camera1p5m/prompts/PF_P4D_HN_SIT_G008_V03.txt,6a8b51ab9f3993b8b29bc4f343b6c17745daf5bd33630a1e6b0a40431936b13b,floor_sitting,hard_negative,negative,negative,hard_negative,P4D_FAST_CLOSE_PROVENANCE_MECHANICAL_LINEAGE_PASS,PROMPT_DERIVED_SYNTHETIC_GT,FROZEN_GENERATION_PROMPT_AND_PLANNED_ROLE,false,true
PFV4_SCREEN_0004,normal_negative,NO_ALERT_NORMAL_POSE,FROZEN_LEGAL_V3_SPLIT_PRESERVED_WITHOUT_GT_REWRITE,P4D_PLAN::PF_P4D_HN_SIT_G008_V04,P4D_FROZEN_PLAN_440,PF_P4D_HN_SIT_G008_V04,,PF_P4D_HN_SIT_G008,NEW_SCREEN,V3_SCREEN,/home/yanbo/下载/batches/batch-person-fallen-v2-p4d-hardneg-fullregen-r2-camera1p5m/final/PF_P4D_HN_SIT_G008_V04.png,bed1a30ed8c85727d47887a170e2a88a2e0d1023e5d1ea0f9b72a25189d27223,FAST_CLOSE_EXPECTED_AND_ACTUAL,/home/yanbo/下载/batches/batch_person-fallen-v2-p4d-hardneg-rev1-camera1p5m/prompts/PF_P4D_HN_SIT_G008_V04.txt,bc604a5f51b5d9baaf8b14a7b36bf8eb4ca2c5fb4b9a0a4be7ef4829bb634531,floor_sitting,hard_negative,negative,negative,hard_negative,P4D_FAST_CLOSE_PROVENANCE_MECHANICAL_LINEAGE_PASS,PROMPT_DERIVED_SYNTHETIC_GT,FROZEN_GENERATION_PROMPT_AND_PLANNED_ROLE,false,true
PFV4_SCREEN_0005,normal_negative,NO_ALERT_NORMAL_POSE,FROZEN_LEGAL_V3_SPLIT_PRESERVED_WITHOUT_GT_REWRITE,P4D_PLAN::PF_P4D_HN_SIT_G008_V05,P4D_FROZEN_PLAN_440,PF_P4D_HN_SIT_G008_V05,,PF_P4D_HN_SIT_G008,NEW_SCREEN,V3_SCREEN,/home/yanbo/下载/batches/batch-person-fallen-v2-p4d-hardneg-fullregen-r2-camera1p5m/final/PF_P4D_HN_SIT_G008_V05.png,56b3a88ca2bb8aa39dd70d6218aa92c2329c6fbaecd17a77a8ce62fbeafb7d1f,FAST_CLOSE_EXPECTED_AND_ACTUAL,/home/yanbo/下载/batches/batch_person-fallen-v2-p4d-hardneg-rev1-camera1p5m/prompts/PF_P4D_HN_SIT_G008_V05.txt,853797c9b5bfd3de665eedc38f78bd751b68fc044eeb80e2faf53a451b5817f9,floor_sitting,hard_negative,negative,negative,hard_negative,P4D_FAST_CLOSE_PROVENANCE_MECHANICAL_LINEAGE_PASS,PROMPT_DERIVED_SYNTHETIC_GT,FROZEN_GENERATION_PROMPT_AND_PLANNED_ROLE,false,true
PFV4_SCREEN_0006,normal_negative,NO_ALERT_NORMAL_POSE,FROZEN_LEGAL_V3_SPLIT_PRESERVED_WITHOUT_GT_REWRITE,P4D_PLAN::PF_P4D_HN_SIT_G009_V01,P4D_FROZEN_PLAN_440,PF_P4D_HN_SIT_G009_V01,,PF_P4D_HN_SIT_G009,NEW_SCREEN,V3_SCREEN,/home/yanbo/下载/batches/batch-person-fallen-v2-p4d-hardneg-fullregen-r2-camera1p5m/final/PF_P4D_HN_SIT_G009_V01.png,715af5e531aa1dd146f098ddc0fdd24feff64c77f55b7f0e50e78c7d5237b89d,FAST_CLOSE_EXPECTED_AND_ACTUAL,/home/yanbo/下载/batches/batch_person-fallen-v2-p4d-hardneg-rev1-camera1p5m/prompts/PF_P4D_HN_SIT_G009_V01.txt,82d7d1624b7718202602df65efe44f5f18ba3727bb81c906aebab04ed4ee3430,floor_sitting,hard_negative,negative,negative,hard_negative,P4D_FAST_CLOSE_PROVENANCE_MECHANICAL_LINEAGE_PASS,PROMPT_DERIVED_SYNTHETIC_GT,FROZEN_GENERATION_PROMPT_AND_PLANNED_ROLE,false,true
PFV4_SCREEN_0007,normal_negative,NO_ALERT_NORMAL_POSE,FROZEN_LEGAL_V3_SPLIT_PRESERVED_WITHOUT_GT_REWRITE,P4D_PLAN::PF_P4D_HN_SIT_G009_V02,P4D_FROZEN_PLAN_440,PF_P4D_HN_SIT_G009_V02,,PF_P4D_HN_SIT_G009,NEW_SCREEN,V3_SCREEN,/home/yanbo/下载/batches/batch-person-fallen-v2-p4d-hardneg-fullregen-r2-camera1p5m/final/PF_P4D_HN_SIT_G009_V02.png,53f9023ae21e25faff36fc54b4ab09f829ab493a765d518b3ec1fd5cc151a540,FAST_CLOSE_EXPECTED_AND_ACTUAL,/home/yanbo/下载/batches/batch_person-fallen-v2-p4d-hardneg-rev1-camera1p5m/prompts/PF_P4D_HN_SIT_G009_V02.txt,071d8e2dc6a114e49f26f0a05887817ce2128f1e8723cbd5496b410a5c85865b,floor_sitting,hard_negative,negative,negative,hard_negative,P4D_FAST_CLOSE_PROVENANCE_MECHANICAL_LINEAGE_PASS,PROMPT_DERIVED_SYNTHETIC_GT,FROZEN_GENERATION_PROMPT_AND_PLANNED_ROLE,false,true
PFV4_SCREEN_0008,normal_negative,NO_ALERT_NORMAL_POSE,FROZEN_LEGAL_V3_SPLIT_PRESERVED_WITHOUT_GT_REWRITE,P4D_PLAN::PF_P4D_HN_SIT_G009_V03,P4D_FROZEN_PLAN_440,PF_P4D_HN_SIT_G009_V03,,PF_P4D_HN_SIT_G009,NEW_SCREEN,V3_SCREEN,/home/yanbo/下载/batches/batch-person-fallen-v2-p4d-hardneg-fullregen-r2-camera1p5m/final/PF_P4D_HN_SIT_G009_V03.png,f50436177341fd817779c450e1ae445e1e72e2e29a0303da7fc2f5e732bbb9f4,FAST_CLOSE_EXPECTED_AND_ACTUAL,/home/yanbo/下载/batches/batch_person-fallen-v2-p4d-hardneg-rev1-camera1p5m/prompts/PF_P4D_HN_SIT_G009_V03.txt,40bcc44fa6c7f87fea225710ea1ee9a2ec8eac38b1db7da735a50ad0800627b6,floor_sitting,hard_negative,negative,negative,hard_negative,P4D_FAST_CLOSE_PROVENANCE_MECHANICAL_LINEAGE_PASS,PROMPT_DERIVED_SYNTHETIC_GT,FROZEN_GENERATION_PROMPT_AND_PLANNED_ROLE,false,true
PFV4_SCREEN_0009,normal_negative,NO_ALERT_NORMAL_POSE,FROZEN_LEGAL_V3_SPLIT_PRESERVED_WITHOUT_GT_REWRITE,P4D_PLAN::PF_P4D_HN_SIT_G009_V04,P4D_FROZEN_PLAN_440,PF_P4D_HN_SIT_G009_V04,,PF_P4D_HN_SIT_G009,NEW_SCREEN,V3_SCREEN,/home/yanbo/下载/batches/batch-person-fallen-v2-p4d-hardneg-fullregen-r2-camera1p5m/final/PF_P4D_HN_SIT_G009_V04.png,884b8fa42c94632028f16bae90dfed7082d1c30dcdc0963962b73594f20cab80,FAST_CLOSE_EXPECTED_AND_ACTUAL,/home/yanbo/下载/batches/batch_person-fallen-v2-p4d-hardneg-rev1-camera1p5m/prompts/PF_P4D_HN_SIT_G009_V04.txt,9e607f0b6211303bf2c18cd8044a7944c5c48749ce5510adbacaf611869f4a8b,floor_sitting,hard_negative,negative,negative,hard_negative,P4D_FAST_CLOSE_PROVENANCE_MECHANICAL_LINEAGE_PASS,PROMPT_DERIVED_SYNTHETIC_GT,FROZEN_GENERATION_PROMPT_AND_PLANNED_ROLE,false,true
PFV4_SCREEN_0010,normal_negative,NO_ALERT_NORMAL_POSE,FROZEN_LEGAL_V3_SPLIT_PRESERVED_WITHOUT_GT_REWRITE,P4D_PLAN::PF_P4D_HN_SIT_G009_V05,P4D_FROZEN_PLAN_440,PF_P4D_HN_SIT_G009_V05,,PF_P4D_HN_SIT_G009,NEW_SCREEN,V3_SCREEN,/home/yanbo/下载/batches/batch-person-fallen-v2-p4d-hardneg-fullregen-r2-camera1p5m/final/PF_P4D_HN_SIT_G009_V05.png,8c542f3379ecb4fda08f24d55b3d425b4183c1a4836b3db0a37207738f4369f5,FAST_CLOSE_EXPECTED_AND_ACTUAL,/home/yanbo/下载/batches/batch_person-fallen-v2-p4d-hardneg-rev1-camera1p5m/prompts/PF_P4D_HN_SIT_G009_V05.txt,e785acf3819e5ce4db138c467f7e9a6c5ff261e83fd61478b1101111864d9c57,floor_sitting,hard_negative,negative,negative,hard_negative,P4D_FAST_CLOSE_PROVENANCE_MECHANICAL_LINEAGE_PASS,PROMPT_DERIVED_SYNTHETIC_GT,FROZEN_GENERATION_PROMPT_AND_PLANNED_ROLE,false,true
PFV4_SCREEN_0011,normal_negative,NO_ALERT_NORMAL_POSE,FROZEN_LEGAL_V3_SPLIT_PRESERVED_WITHOUT_GT_REWRITE,P4D_PLAN::PF_P4D_HN_SIT_G010_V01,P4D_FROZEN_PLAN_440,PF_P4D_HN_SIT_G010_V01,,PF_P4D_HN_SIT_G010,NEW_SCREEN,V3_SCREEN,/home/yanbo/下载/batches/batch-person-fallen-v2-p4d-hardneg-fullregen-r2-camera1p5m/final/PF_P4D_HN_SIT_G010_V01.png,c2a7d50d49c1166dca3befdc84cf6a16a3939a28d76d3d09931fb7786602c443,FAST_CLOSE_EXPECTED_AND_ACTUAL,/home/yanbo/下载/batches/batch_person-fallen-v2-p4d-hardneg-rev1-camera1p5m/prompts/PF_P4D_HN_SIT_G010_V01.txt,841168e7ad45fd1ede8051d02c3a5730338312e1d21fb9553409f56b723ff8a1,floor_sitting,hard_negative,negative,negative,hard_negative,P4D_FAST_CLOSE_PROVENANCE_MECHANICAL_LINEAGE_PASS,PROMPT_DERIVED_SYNTHETIC_GT,FROZEN_GENERATION_PROMPT_AND_PLANNED_ROLE,false,true
PFV4_SCREEN_0012,normal_negative,NO_ALERT_NORMAL_POSE,FROZEN_LEGAL_V3_SPLIT_PRESERVED_WITHOUT_GT_REWRITE,P4D_PLAN::PF_P4D_HN_SIT_G010_V02,P4D_FROZEN_PLAN_440,PF_P4D_HN_SIT_G010_V02,,PF_P4D_HN_SIT_G010,NEW_SCREEN,V3_SCREEN,/home/yanbo/下载/batches/batch-person-fallen-v2-p4d-hardneg-fullregen-r2-camera1p5m/final/PF_P4D_HN_SIT_G010_V02.png,2a89ce293a58bacd79433ba611ee9dcc7b50be69bd988cd7418cc735f834707b,FAST_CLOSE_EXPECTED_AND_ACTUAL,/home/yanbo/下载/batches/batch_person-fallen-v2-p4d-hardneg-rev1-camera1p5m/prompts/PF_P4D_HN_SIT_G010_V02.txt,f1c9936038fcf74253b88239bd175b0fe5b5d1b87b148593f722c1cb411db8e6,floor_sitting,hard_negative,negative,negative,hard_negative,P4D_FAST_CLOSE_PROVENANCE_MECHANICAL_LINEAGE_PASS,PROMPT_DERIVED_SYNTHETIC_GT,FROZEN_GENERATION_PROMPT_AND_PLANNED_ROLE,false,true
PFV4_SCREEN_0013,normal_negative,NO_ALERT_NORMAL_POSE,FROZEN_LEGAL_V3_SPLIT_PRESERVED_WITHOUT_GT_REWRITE,P4D_PLAN::PF_P4D_HN_SIT_G010_V03,P4D_FROZEN_PLAN_440,PF_P4D_HN_SIT_G010_V03,,PF_P4D_HN_SIT_G010,NEW_SCREEN,V3_SCREEN,/home/yanbo/下载/batches/batch-person-fallen-v2-p4d-hardneg-fullregen-r2-camera1p5m/final/PF_P4D_HN_SIT_G010_V03.png,068bdf75d02a1bf93e97664bfb5db1695d0e4ed654f58be2de480a32f20213c9,FAST_CLOSE_EXPECTED_AND_ACTUAL,/home/yanbo/下载/batches/batch_person-fallen-v2-p4d-hardneg-rev1-camera1p5m/prompts/PF_P4D_HN_SIT_G010_V03.txt,326988e020871589a93d5941e2f3764d3ffcb6e234562c559a8d947c548b1e57,floor_sitting,hard_negative,negative,negative,hard_negative,P4D_FAST_CLOSE_PROVENANCE_MECHANICAL_LINEAGE_PASS,PROMPT_DERIVED_SYNTHETIC_GT,FROZEN_GENERATION_PROMPT_AND_PLANNED_ROLE,false,true
PFV4_SCREEN_0014,normal_negative,NO_ALERT_NORMAL_POSE,FROZEN_LEGAL_V3_SPLIT_PRESERVED_WITHOUT_GT_REWRITE,P4D_PLAN::PF_P4D_HN_SIT_G010_V04,P4D_FROZEN_PLAN_440,PF_P4D_HN_SIT_G010_V04,,PF_P4D_HN_SIT_G010,NEW_SCREEN,V3_SCREEN,/home/yanbo/下载/batches/batch-person-fallen-v2-p4d-hardneg-fullregen-r2-camera1p5m/final/PF_P4D_HN_SIT_G010_V04.png,0ad405f110893aa0d0c19fed0a21816809a1a6047560ac4bb36cf0bf355c547c,FAST_CLOSE_EXPECTED_AND_ACTUAL,/home/yanbo/下载/batches/batch_person-fallen-v2-p4d-hardneg-rev1-camera1p5m/prompts/PF_P4D_HN_SIT_G010_V04.txt,c1aa12a7ac811ca18021166fd8ef7b06ef0eee0abeab36d5425deb17b3b8fb3a,floor_sitting,hard_negative,negative,negative,hard_negative,P4D_FAST_CLOSE_PROVENANCE_MECHANICAL_LINEAGE_PASS,PROMPT_DERIVED_SYNTHETIC_GT,FROZEN_GENERATION_PROMPT_AND_PLANNED_ROLE,false,true
PFV4_SCREEN_0015,normal_negative,NO_ALERT_NORMAL_POSE,FROZEN_LEGAL_V3_SPLIT_PRESERVED_WITHOUT_GT_REWRITE,P4D_PLAN::PF_P4D_HN_SIT_G010_V05,P4D_FROZEN_PLAN_440,PF_P4D_HN_SIT_G010_V05,,PF_P4D_HN_SIT_G010,NEW_SCREEN,V3_SCREEN,/home/yanbo/下载/batches/batch-person-fallen-v2-p4d-hardneg-fullregen-r2-camera1p5m/final/PF_P4D_HN_SIT_G010_V05.png,81b21d6ab07d032a55ac16608d938a0d12239fcaa91542306962ee8bf6d649ad,FAST_CLOSE_EXPECTED_AND_ACTUAL,/home/yanbo/下载/batches/batch_person-fallen-v2-p4d-hardneg-rev1-camera1p5m/prompts/PF_P4D_HN_SIT_G010_V05.txt,65772d506ba9f50bb6d8376738fc0fe9859a09d08c69479367ecdc24412eec33,floor_sitting,hard_negative,negative,negative,hard_negative,P4D_FAST_CLOSE_PROVENANCE_MECHANICAL_LINEAGE_PASS,PROMPT_DERIVED_SYNTHETIC_GT,FROZEN_GENERATION_PROMPT_AND_PLANNED_ROLE,false,true
PFV4_SCREEN_0016,normal_negative,NO_ALERT_NORMAL_POSE,FROZEN_LEGAL_V3_SPLIT_PRESERVED_WITHOUT_GT_REWRITE,P4D_PLAN::PF_P4D_HN_SIT_G011_V01,P4D_FROZEN_PLAN_440,PF_P4D_HN_SIT_G011_V01,,PF_P4D_HN_SIT_G011,NEW_SCREEN,V3_SCREEN,/home/yanbo/下载/batches/batch-person-fallen-v2-p4d-hardneg-fullregen-r2-camera1p5m/final/PF_P4D_HN_SIT_G011_V01.png,118d6eba5405fb357defb39057a1614d5c9451ad567544767735b01119999f57,FAST_CLOSE_EXPECTED_AND_ACTUAL,/home/yanbo/下载/batches/batch_person-fallen-v2-p4d-hardneg-rev1-camera1p5m/prompts/PF_P4D_HN_SIT_G011_V01.txt,69f231f8cec0ec3bc56f09279e98eb9f19c24acd9c40b16a4c003d0c6a4b6e12,floor_sitting,hard_negative,negative,negative,hard_negative,P4D_FAST_CLOSE_PROVENANCE_MECHANICAL_LINEAGE_PASS,PROMPT_DERIVED_SYNTHETIC_GT,FROZEN_GENERATION_PROMPT_AND_PLANNED_ROLE,false,true
PFV4_SCREEN_0017,normal_negative,NO_ALERT_NORMAL_POSE,FROZEN_LEGAL_V3_SPLIT_PRESERVED_WITHOUT_GT_REWRITE,P4D_PLAN::PF_P4D_HN_SIT_G011_V02,P4D_FROZEN_PLAN_440,PF_P4D_HN_SIT_G011_V02,,PF_P4D_HN_SIT_G011,NEW_SCREEN,V3_SCREEN,/home/yanbo/下载/batches/batch-person-fallen-v2-p4d-hardneg-fullregen-r2-camera1p5m/final/PF_P4D_HN_SIT_G011_V02.png,f79959f1b53f458b336e81b8efb3b0dcf58552aad8fa7a09cdda902a299e2a37,FAST_CLOSE_EXPECTED_AND_ACTUAL,/home/yanbo/下载/batches/batch_person-fallen-v2-p4d-hardneg-rev1-camera1p5m/prompts/PF_P4D_HN_SIT_G011_V02.txt,927e0c4ad0ade2a708050d6fbbe7377fe247004c2500fd24cf7b96bf3dd01a4d,floor_sitting,hard_negative,negative,negative,hard_negative,P4D_FAST_CLOSE_PROVENANCE_MECHANICAL_LINEAGE_PASS,PROMPT_DERIVED_SYNTHETIC_GT,FROZEN_GENERATION_PROMPT_AND_PLANNED_ROLE,false,true
PFV4_SCREEN_0018,normal_negative,NO_ALERT_NORMAL_POSE,FROZEN_LEGAL_V3_SPLIT_PRESERVED_WITHOUT_GT_REWRITE,P4D_PLAN::PF_P4D_HN_SIT_G011_V03,P4D_FROZEN_PLAN_440,PF_P4D_HN_SIT_G011_V03,,PF_P4D_HN_SIT_G011,NEW_SCREEN,V3_SCREEN,/home/yanbo/下载/batches/batch-person-fallen-v2-p4d-hardneg-fullregen-r2-camera1p5m/final/PF_P4D_HN_SIT_G011_V03.png,71077ec22063bc9e050f94e156cbb77a2fd42a8b70344b36780c6638acccf290,FAST_CLOSE_EXPECTED_AND_ACTUAL,/home/yanbo/下载/batches/batch_person-fallen-v2-p4d-hardneg-rev1-camera1p5m/prompts/PF_P4D_HN_SIT_G011_V03.txt,28403f910a7e71ed8b748d2d21535e8f42217e99e9389ad605b7b92c36941a23,floor_sitting,hard_negative,negative,negative,hard_negative,P4D_FAST_CLOSE_PROVENANCE_MECHANICAL_LINEAGE_PASS,PROMPT_DERIVED_SYNTHETIC_GT,FROZEN_GENERATION_PROMPT_AND_PLANNED_ROLE,false,true
PFV4_SCREEN_0019,normal_negative,NO_ALERT_NORMAL_POSE,FROZEN_LEGAL_V3_SPLIT_PRESERVED_WITHOUT_GT_REWRITE,P4D_PLAN::PF_P4D_HN_SIT_G011_V04,P4D_FROZEN_PLAN_440,PF_P4D_HN_SIT_G011_V04,,PF_P4D_HN_SIT_G011,NEW_SCREEN,V3_SCREEN,/home/yanbo/下载/batches/batch-person-fallen-v2-p4d-hardneg-fullregen-r2-camera1p5m/final/PF_P4D_HN_SIT_G011_V04.png,be4414e19376e5353e2ef985da0b1934ce70bdf0fa9d539aaa2193f87e6cc8dc,FAST_CLOSE_EXPECTED_AND_ACTUAL,/home/yanbo/下载/batches/batch_person-fallen-v2-p4d-hardneg-rev1-camera1p5m/prompts/PF_P4D_HN_SIT_G011_V04.txt,2afdc90701b33449d1bf4cce0d0b5b82ed36757b547ee62a57456bb7e4c1515d,floor_sitting,hard_negative,negative,negative,hard_negative,P4D_FAST_CLOSE_PROVENANCE_MECHANICAL_LINEAGE_PASS,PROMPT_DERIVED_SYNTHETIC_GT,FROZEN_GENERATION_PROMPT_AND_PLANNED_ROLE,false,true
PFV4_SCREEN_0020,normal_negative,NO_ALERT_NORMAL_POSE,FROZEN_LEGAL_V3_SPLIT_PRESERVED_WITHOUT_GT_REWRITE,P4D_PLAN::PF_P4D_HN_SIT_G011_V05,P4D_FROZEN_PLAN_440,PF_P4D_HN_SIT_G011_V05,,PF_P4D_HN_SIT_G011,NEW_SCREEN,V3_SCREEN,/home/yanbo/下载/batches/batch-person-fallen-v2-p4d-hardneg-fullregen-r2-camera1p5m/final/PF_P4D_HN_SIT_G011_V05.png,46303b78556a900fc9819f578fb65d66d0bd41dbc6cb1f3bfc47ca389359060a,FAST_CLOSE_EXPECTED_AND_ACTUAL,/home/yanbo/下载/batches/batch_person-fallen-v2-p4d-hardneg-rev1-camera1p5m/prompts/PF_P4D_HN_SIT_G011_V05.txt,c4a7414db1f8a532b662989e3505853c1eae7dc16f0dcac2dbf0f0ec4d090eb4,floor_sitting,hard_negative,negative,negative,hard_negative,P4D_FAST_CLOSE_PROVENANCE_MECHANICAL_LINEAGE_PASS,PROMPT_DERIVED_SYNTHETIC_GT,FROZEN_GENERATION_PROMPT_AND_PLANNED_ROLE,false,true
PFV4_SCREEN_0021,normal_negative,NO_ALERT_NORMAL_POSE,FROZEN_LEGAL_V3_SPLIT_PRESERVED_WITHOUT_GT_REWRITE,P4D_PLAN::PF_P4D_HN_SIT_G012_V01,P4D_FROZEN_PLAN_440,PF_P4D_HN_SIT_G012_V01,,PF_P4D_HN_SIT_G012,NEW_SCREEN,V3_SCREEN,/home/yanbo/下载/batches/batch-person-fallen-v2-p4d-hardneg-fullregen-r2-camera1p5m/final/PF_P4D_HN_SIT_G012_V01.png,3685f5dfc8b54219dbf1269d1f019eaa983a49a5dd2072f0d1c8b96d43ab3d7d,FAST_CLOSE_EXPECTED_AND_ACTUAL,/home/yanbo/下载/batches/batch_person-fallen-v2-p4d-hardneg-rev1-camera1p5m/prompts/PF_P4D_HN_SIT_G012_V01.txt,5040bb99caf0255f5be79dafd67dc8a269728f3da5f559ba04b95a1a7a8e324c,floor_sitting,hard_negative,negative,negative,hard_negative,P4D_FAST_CLOSE_PROVENANCE_MECHANICAL_LINEAGE_PASS,PROMPT_DERIVED_SYNTHETIC_GT,FROZEN_GENERATION_PROMPT_AND_PLANNED_ROLE,false,true
PFV4_SCREEN_0022,normal_negative,NO_ALERT_NORMAL_POSE,FROZEN_LEGAL_V3_SPLIT_PRESERVED_WITHOUT_GT_REWRITE,P4D_PLAN::PF_P4D_HN_SIT_G012_V02,P4D_FROZEN_PLAN_440,PF_P4D_HN_SIT_G012_V02,,PF_P4D_HN_SIT_G012,NEW_SCREEN,V3_SCREEN,/home/yanbo/下载/batches/batch-person-fallen-v2-p4d-hardneg-fullregen-r2-camera1p5m/final/PF_P4D_HN_SIT_G012_V02.png,d36f68ed65b6f126bef0cbe7fb3831fa5a94d5703ffef8803270ea748fb4741c,FAST_CLOSE_EXPECTED_AND_ACTUAL,/home/yanbo/下载/batches/batch_person-fallen-v2-p4d-hardneg-rev1-camera1p5m/prompts/PF_P4D_HN_SIT_G012_V02.txt,c06e1e39298861a28b131de2f70da4fc504682e0854fc6ca64ef1683602148f9,floor_sitting,hard_negative,negative,negative,hard_negative,P4D_FAST_CLOSE_PROVENANCE_MECHANICAL_LINEAGE_PASS,PROMPT_DERIVED_SYNTHETIC_GT,FROZEN_GENERATION_PROMPT_AND_PLANNED_ROLE,false,true
PFV4_SCREEN_0023,normal_negative,NO_ALERT_NORMAL_POSE,FROZEN_LEGAL_V3_SPLIT_PRESERVED_WITHOUT_GT_REWRITE,P4D_PLAN::PF_P4D_HN_SIT_G012_V03,P4D_FROZEN_PLAN_440,PF_P4D_HN_SIT_G012_V03,,PF_P4D_HN_SIT_G012,NEW_SCREEN,V3_SCREEN,/home/yanbo/下载/batches/batch-person-fallen-v2-p4d-hardneg-fullregen-r2-camera1p5m/final/PF_P4D_HN_SIT_G012_V03.png,3887eb30c1f540e06c9fc328d113c8011eb5a16793af80fa1d469ec35801b424,FAST_CLOSE_EXPECTED_AND_ACTUAL,/home/yanbo/下载/batches/batch_person-fallen-v2-p4d-hardneg-rev1-camera1p5m/prompts/PF_P4D_HN_SIT_G012_V03.txt,6343e81f7838c2422474d5e7f12d43ce182472211f2ca08769048e2669bb70d3,floor_sitting,hard_negative,negative,negative,hard_negative,P4D_FAST_CLOSE_PROVENANCE_MECHANICAL_LINEAGE_PASS,PROMPT_DERIVED_SYNTHETIC_GT,FROZEN_GENERATION_PROMPT_AND_PLANNED_ROLE,false,true
PFV4_SCREEN_0024,normal_negative,NO_ALERT_NORMAL_POSE,FROZEN_LEGAL_V3_SPLIT_PRESERVED_WITHOUT_GT_REWRITE,P4D_PLAN::PF_P4D_HN_SIT_G012_V04,P4D_FROZEN_PLAN_440,PF_P4D_HN_SIT_G012_V04,,PF_P4D_HN_SIT_G012,NEW_SCREEN,V3_SCREEN,/home/yanbo/下载/batches/batch-person-fallen-v2-p4d-hardneg-fullregen-r2-camera1p5m/final/PF_P4D_HN_SIT_G012_V04.png,675549b77a00269d6c6c32df777510565d028b992f33bad8ef6807bbf745a2ad,FAST_CLOSE_EXPECTED_AND_ACTUAL,/home/yanbo/下载/batches/batch_person-fallen-v2-p4d-hardneg-rev1-camera1p5m/prompts/PF_P4D_HN_SIT_G012_V04.txt,a05023e48ebc3d6cb9396eee6447573e4fbb42a67841076e333e8706ddb0df95,floor_sitting,hard_negative,negative,negative,hard_negative,P4D_FAST_CLOSE_PROVENANCE_MECHANICAL_LINEAGE_PASS,PROMPT_DERIVED_SYNTHETIC_GT,FROZEN_GENERATION_PROMPT_AND_PLANNED_ROLE,false,true
PFV4_SCREEN_0025,normal_negative,NO_ALERT_NORMAL_POSE,FROZEN_LEGAL_V3_SPLIT_PRESERVED_WITHOUT_GT_REWRITE,P4D_PLAN::PF_P4D_HN_SIT_G012_V05,P4D_FROZEN_PLAN_440,PF_P4D_HN_SIT_G012_V05,,PF_P4D_HN_SIT_G012,NEW_SCREEN,V3_SCREEN,/home/yanbo/下载/batches/batch-person-fallen-v2-p4d-hardneg-fullregen-r2-camera1p5m/final/PF_P4D_HN_SIT_G012_V05.png,22c0179dc083fe659bc1cc1c2405d1e44313804660941b2b01b73f29d3fa2f4f,FAST_CLOSE_EXPECTED_AND_ACTUAL,/home/yanbo/下载/batches/batch_person-fallen-v2-p4d-hardneg-rev1-camera1p5m/prompts/PF_P4D_HN_SIT_G012_V05.txt,22a52cd5ada96259ad6e11be50e797a2afd3077a388c299bd379a4060262567d,floor_sitting,hard_negative,negative,negative,hard_negative,P4D_FAST_CLOSE_PROVENANCE_MECHANICAL_LINEAGE_PASS,PROMPT_DERIVED_SYNTHETIC_GT,FROZEN_GENERATION_PROMPT_AND_PLANNED_ROLE,false,true
PFV4_SCREEN_0026,normal_negative,NO_ALERT_NORMAL_POSE,FROZEN_LEGAL_V3_SPLIT_PRESERVED_WITHOUT_GT_REWRITE,P4D_PLAN::PF_P4D_HN_KNEEL_G008_V01,P4D_FROZEN_PLAN_440,PF_P4D_HN_KNEEL_G008_V01,,PF_P4D_HN_KNEEL_G008,NEW_SCREEN,V3_SCREEN,/home/yanbo/下载/batches/batch-person-fallen-v2-p4d-hardneg-fullregen-r2-camera1p5m/final/PF_P4D_HN_KNEEL_G008_V01.png,56bc79407280b2e31c49ac6ea2d58c5af3460a64bf494a816284140b54a6bdda,FAST_CLOSE_EXPECTED_AND_ACTUAL,/home/yanbo/下载/batches/batch_person-fallen-v2-p4d-hardneg-rev1-camera1p5m/prompts/PF_P4D_HN_KNEEL_G008_V01.txt,43b1d72d24355d5ed3a74237db30fcbadf4f19f9322f944e971e5f96f0c8122a,kneeling_half_kneeling,hard_negative,negative,negative,hard_negative,P4D_FAST_CLOSE_PROVENANCE_MECHANICAL_LINEAGE_PASS,PROMPT_DERIVED_SYNTHETIC_GT,FROZEN_GENERATION_PROMPT_AND_PLANNED_ROLE,false,true
PFV4_SCREEN_0027,normal_negative,NO_ALERT_NORMAL_POSE,FROZEN_LEGAL_V3_SPLIT_PRESERVED_WITHOUT_GT_REWRITE,P4D_PLAN::PF_P4D_HN_KNEEL_G008_V02,P4D_FROZEN_PLAN_440,PF_P4D_HN_KNEEL_G008_V02,,PF_P4D_HN_KNEEL_G008,NEW_SCREEN,V3_SCREEN,/home/yanbo/下载/batches/batch-person-fallen-v2-p4d-hardneg-fullregen-r2-camera1p5m/final/PF_P4D_HN_KNEEL_G008_V02.png,7627a29a4f7225bca531e3049010d5190305f24918fc7c1250a4c8ac16292f10,FAST_CLOSE_EXPECTED_AND_ACTUAL,/home/yanbo/下载/batches/batch_person-fallen-v2-p4d-hardneg-rev1-camera1p5m/prompts/PF_P4D_HN_KNEEL_G008_V02.txt,5339a3a468b17360cc2b24b3172fb29e0289eee6d2c22d9900132f879b56f934,kneeling_half_kneeling,hard_negative,negative,negative,hard_negative,P4D_FAST_CLOSE_PROVENANCE_MECHANICAL_LINEAGE_PASS,PROMPT_DERIVED_SYNTHETIC_GT,FROZEN_GENERATION_PROMPT_AND_PLANNED_ROLE,false,true
PFV4_SCREEN_0028,normal_negative,NO_ALERT_NORMAL_POSE,FROZEN_LEGAL_V3_SPLIT_PRESERVED_WITHOUT_GT_REWRITE,P4D_PLAN::PF_P4D_HN_KNEEL_G008_V03,P4D_FROZEN_PLAN_440,PF_P4D_HN_KNEEL_G008_V03,,PF_P4D_HN_KNEEL_G008,NEW_SCREEN,V3_SCREEN,/home/yanbo/下载/batches/batch-person-fallen-v2-p4d-hardneg-fullregen-r2-camera1p5m/final/PF_P4D_HN_KNEEL_G008_V03.png,bd272252ee09698e901c38993d4016f3dff41014d58fe0106e75d58191991339,FAST_CLOSE_EXPECTED_AND_ACTUAL,/home/yanbo/下载/batches/batch_person-fallen-v2-p4d-hardneg-rev1-camera1p5m/prompts/PF_P4D_HN_KNEEL_G008_V03.txt,3f03476809c8104d4c0eac19bb45924e985f92d6e062dec6a1139158d42030df,kneeling_half_kneeling,hard_negative,negative,negative,hard_negative,P4D_FAST_CLOSE_PROVENANCE_MECHANICAL_LINEAGE_PASS,PROMPT_DERIVED_SYNTHETIC_GT,FROZEN_GENERATION_PROMPT_AND_PLANNED_ROLE,false,true
PFV4_SCREEN_0029,normal_negative,NO_ALERT_NORMAL_POSE,FROZEN_LEGAL_V3_SPLIT_PRESERVED_WITHOUT_GT_REWRITE,P4D_PLAN::PF_P4D_HN_KNEEL_G008_V04,P4D_FROZEN_PLAN_440,PF_P4D_HN_KNEEL_G008_V04,,PF_P4D_HN_KNEEL_G008,NEW_SCREEN,V3_SCREEN,/home/yanbo/下载/batches/batch-person-fallen-v2-p4d-hardneg-fullregen-r2-camera1p5m/final/PF_P4D_HN_KNEEL_G008_V04.png,39ff8fff5340afa480d5758b2fda3fbe0b3b1d5c18d58b0813ddb7b94a44ab7b,FAST_CLOSE_EXPECTED_AND_ACTUAL,/home/yanbo/下载/batches/batch_person-fallen-v2-p4d-hardneg-rev1-camera1p5m/prompts/PF_P4D_HN_KNEEL_G008_V04.txt,78d114c278f03a9932333c2b7c58e1036860fb893bf83f1ceafedd9886e04692,kneeling_half_kneeling,hard_negative,negative,negative,hard_negative,P4D_FAST_CLOSE_PROVENANCE_MECHANICAL_LINEAGE_PASS,PROMPT_DERIVED_SYNTHETIC_GT,FROZEN_GENERATION_PROMPT_AND_PLANNED_ROLE,false,true
PFV4_SCREEN_0030,normal_negative,NO_ALERT_NORMAL_POSE,FROZEN_LEGAL_V3_SPLIT_PRESERVED_WITHOUT_GT_REWRITE,P4D_PLAN::PF_P4D_HN_KNEEL_G008_V05,P4D_FROZEN_PLAN_440,PF_P4D_HN_KNEEL_G008_V05,,PF_P4D_HN_KNEEL_G008,NEW_SCREEN,V3_SCREEN,/home/yanbo/下载/batches/batch-person-fallen-v2-p4d-hardneg-fullregen-r2-camera1p5m/final/PF_P4D_HN_KNEEL_G008_V05.png,1c66e4146019746cfc21b3de759aae6b7eee9550e5e23634b656eadaba8a0140,FAST_CLOSE_EXPECTED_AND_ACTUAL,/home/yanbo/下载/batches/batch_person-fallen-v2-p4d-hardneg-rev1-camera1p5m/prompts/PF_P4D_HN_KNEEL_G008_V05.txt,1e96915a0857f55fc4092b16d581167cae7513e1c3ff4c45cc75245b5a1cc6f2,kneeling_half_kneeling,hard_negative,negative,negative,hard_negative,P4D_FAST_CLOSE_PROVENANCE_MECHANICAL_LINEAGE_PASS,PROMPT_DERIVED_SYNTHETIC_GT,FROZEN_GENERATION_PROMPT_AND_PLANNED_ROLE,false,true
PFV4_SCREEN_0031,normal_negative,NO_ALERT_NORMAL_POSE,FROZEN_LEGAL_V3_SPLIT_PRESERVED_WITHOUT_GT_REWRITE,P4D_PLAN::PF_P4D_HN_KNEEL_G009_V01,P4D_FROZEN_PLAN_440,PF_P4D_HN_KNEEL_G009_V01,,PF_P4D_HN_KNEEL_G009,NEW_SCREEN,V3_SCREEN,/home/yanbo/下载/batches/batch-person-fallen-v2-p4d-hardneg-fullregen-r2-camera1p5m/final/PF_P4D_HN_KNEEL_G009_V01.png,b024c2e324504db9c3e0ee27a2677a5647be0e3ea895279b490de49904bda5df,FAST_CLOSE_EXPECTED_AND_ACTUAL,/home/yanbo/下载/batches/batch_person-fallen-v2-p4d-hardneg-rev1-camera1p5m/prompts/PF_P4D_HN_KNEEL_G009_V01.txt,71d53dfc79863eed363963b498452ef630b0178ddd1d7a647ce0c4baee467e3c,kneeling_half_kneeling,hard_negative,negative,negative,hard_negative,P4D_FAST_CLOSE_PROVENANCE_MECHANICAL_LINEAGE_PASS,PROMPT_DERIVED_SYNTHETIC_GT,FROZEN_GENERATION_PROMPT_AND_PLANNED_ROLE,false,true
PFV4_SCREEN_0032,normal_negative,NO_ALERT_NORMAL_POSE,FROZEN_LEGAL_V3_SPLIT_PRESERVED_WITHOUT_GT_REWRITE,P4D_PLAN::PF_P4D_HN_KNEEL_G009_V02,P4D_FROZEN_PLAN_440,PF_P4D_HN_KNEEL_G009_V02,,PF_P4D_HN_KNEEL_G009,NEW_SCREEN,V3_SCREEN,/home/yanbo/下载/batches/batch-person-fallen-v2-p4d-hardneg-fullregen-r2-camera1p5m/final/PF_P4D_HN_KNEEL_G009_V02.png,3e4cd1c8194c514353ea7dc63756f4fa1b0300093436b7e1d8c530977c9b27e6,FAST_CLOSE_EXPECTED_AND_ACTUAL,/home/yanbo/下载/batches/batch_person-fallen-v2-p4d-hardneg-rev1-camera1p5m/prompts/PF_P4D_HN_KNEEL_G009_V02.txt,8eb7af8e448e7423ea949cb694c760f9fd08a71056e8f4b601ecfa4c4a769713,kneeling_half_kneeling,hard_negative,negative,negative,hard_negative,P4D_FAST_CLOSE_PROVENANCE_MECHANICAL_LINEAGE_PASS,PROMPT_DERIVED_SYNTHETIC_GT,FROZEN_GENERATION_PROMPT_AND_PLANNED_ROLE,false,true
PFV4_SCREEN_0033,normal_negative,NO_ALERT_NORMAL_POSE,FROZEN_LEGAL_V3_SPLIT_PRESERVED_WITHOUT_GT_REWRITE,P4D_PLAN::PF_P4D_HN_KNEEL_G009_V03,P4D_FROZEN_PLAN_440,PF_P4D_HN_KNEEL_G009_V03,,PF_P4D_HN_KNEEL_G009,NEW_SCREEN,V3_SCREEN,/home/yanbo/net_vlm_person_fallen_v2_optimization/08_p4d_new_hard_negative_dev_revision/02_generation/gr3_fullregen/06_execution/quota_campaign_window_01_authorized_20260830_05/08_final/PF_P4D_HN_KNEEL_G009_V03.png,217fe977333506f063cf4574d441a9644bb71c85fcba8a38bc9f836c5d7c826c,FAST_CLOSE_EXPECTED_AND_ACTUAL,/home/yanbo/下载/batches/batch_person-fallen-v2-p4d-hardneg-rev1-camera1p5m/prompts/PF_P4D_HN_KNEEL_G009_V03.txt,78cce9e13abc2d03678713e9ae759060109a536483a15b536ba87275cdb01ec6,kneeling_half_kneeling,hard_negative,negative,negative,hard_negative,P4D_FAST_CLOSE_PROVENANCE_MECHANICAL_LINEAGE_PASS,PROMPT_DERIVED_SYNTHETIC_GT,FROZEN_GENERATION_PROMPT_AND_PLANNED_ROLE,false,true
PFV4_SCREEN_0034,normal_negative,NO_ALERT_NORMAL_POSE,FROZEN_LEGAL_V3_SPLIT_PRESERVED_WITHOUT_GT_REWRITE,P4D_PLAN::PF_P4D_HN_KNEEL_G009_V04,P4D_FROZEN_PLAN_440,PF_P4D_HN_KNEEL_G009_V04,,PF_P4D_HN_KNEEL_G009,NEW_SCREEN,V3_SCREEN,/home/yanbo/net_vlm_person_fallen_v2_optimization/08_p4d_new_hard_negative_dev_revision/02_generation/gr3_fullregen/06_execution/quota_campaign_window_01_authorized_20260830_05/08_final/PF_P4D_HN_KNEEL_G009_V04.png,9f3c79cd42d307dab91e5030e46e3509044abf996fec3917652b9824407c2ca7,FAST_CLOSE_EXPECTED_AND_ACTUAL,/home/yanbo/下载/batches/batch_person-fallen-v2-p4d-hardneg-rev1-camera1p5m/prompts/PF_P4D_HN_KNEEL_G009_V04.txt,fd5443a2ba97e937e92851e540ee0a31af679659d7ce5da54a92be8685bd6cf1,kneeling_half_kneeling,hard_negative,negative,negative,hard_negative,P4D_FAST_CLOSE_PROVENANCE_MECHANICAL_LINEAGE_PASS,PROMPT_DERIVED_SYNTHETIC_GT,FROZEN_GENERATION_PROMPT_AND_PLANNED_ROLE,false,true
PFV4_SCREEN_0035,normal_negative,NO_ALERT_NORMAL_POSE,FROZEN_LEGAL_V3_SPLIT_PRESERVED_WITHOUT_GT_REWRITE,P4D_PLAN::PF_P4D_HN_KNEEL_G009_V05,P4D_FROZEN_PLAN_440,PF_P4D_HN_KNEEL_G009_V05,,PF_P4D_HN_KNEEL_G009,NEW_SCREEN,V3_SCREEN,/home/yanbo/net_vlm_person_fallen_v2_optimization/08_p4d_new_hard_negative_dev_revision/02_generation/gr3_fullregen/06_execution/quota_campaign_window_01_authorized_20260830_05/08_final/PF_P4D_HN_KNEEL_G009_V05.png,2d75e4de53d2edad686a5d004c88a08ddc8807b275d0ea9a99a27ff825bc361d,FAST_CLOSE_EXPECTED_AND_ACTUAL,/home/yanbo/下载/batches/batch_person-fallen-v2-p4d-hardneg-rev1-camera1p5m/prompts/PF_P4D_HN_KNEEL_G009_V05.txt,92dadc3dba5615cb68ffd9ad23e510f3ee5b1eac62f2e68b08a7376ec08f5aa9,kneeling_half_kneeling,hard_negative,negative,negative,hard_negative,P4D_FAST_CLOSE_PROVENANCE_MECHANICAL_LINEAGE_PASS,PROMPT_DERIVED_SYNTHETIC_GT,FROZEN_GENERATION_PROMPT_AND_PLANNED_ROLE,false,true
PFV4_SCREEN_0036,normal_negative,NO_ALERT_NORMAL_POSE,FROZEN_LEGAL_V3_SPLIT_PRESERVED_WITHOUT_GT_REWRITE,P4D_PLAN::PF_P4D_HN_MAINT_G006_V01,P4D_FROZEN_PLAN_440,PF_P4D_HN_MAINT_G006_V01,,PF_P4D_HN_MAINT_G006,NEW_SCREEN,V3_SCREEN,/home/yanbo/net_vlm_person_fallen_v2_optimization/08_p4d_new_hard_negative_dev_revision/02_generation/gr3_fullregen/06_execution/quota_campaign_window_03_gr3q6_authorized_20260831_01/08_final/PF_P4D_HN_MAINT_G006_V01.png,e3c695d7477ac6d23fdc3355705576187733d5cc318428d35dc6650438af829f,FAST_CLOSE_EXPECTED_AND_ACTUAL,/home/yanbo/下载/batches/batch_person-fallen-v2-p4d-hardneg-rev1-camera1p5m/prompts/PF_P4D_HN_MAINT_G006_V01.txt,ef9fdb69acc4b16cdfd8d7e79a35eee5917e8f1fe87d81685f7f2eafde33c78d,ground_maintenance,hard_negative,negative,negative,hard_negative,P4D_FAST_CLOSE_PROVENANCE_MECHANICAL_LINEAGE_PASS,PROMPT_DERIVED_SYNTHETIC_GT,FROZEN_GENERATION_PROMPT_AND_PLANNED_ROLE,false,true
PFV4_SCREEN_0037,normal_negative,NO_ALERT_NORMAL_POSE,FROZEN_LEGAL_V3_SPLIT_PRESERVED_WITHOUT_GT_REWRITE,P4D_PLAN::PF_P4D_HN_SQUAT_G006_V01,P4D_FROZEN_PLAN_440,PF_P4D_HN_SQUAT_G006_V01,,PF_P4D_HN_SQUAT_G006,NEW_SCREEN,V3_SCREEN,/home/yanbo/net_vlm_person_fallen_v2_optimization/08_p4d_new_hard_negative_dev_revision/02_generation/gr3_fullregen/06_execution/quota_campaign_window_04_gr3q7_authorized_20260831_01/08_final/PF_P4D_HN_SQUAT_G006_V01.png,4ebfe3368ea901fce3b9df9d97ca6e7f8aea94fe378105a2b91e0c51bfe34844,FAST_CLOSE_EXPECTED_AND_ACTUAL,/home/yanbo/下载/batches/batch_person-fallen-v2-p4d-hardneg-rev1-camera1p5m/prompts/PF_P4D_HN_SQUAT_G006_V01.txt,a2ed968bc2effc60c86c4f32d6f46cfac1b56bc6bbb2084dee4b4000b6edea25,squat_crouch_deep_bend,hard_negative,negative,negative,hard_negative,P4D_FAST_CLOSE_PROVENANCE_MECHANICAL_LINEAGE_PASS,PROMPT_DERIVED_SYNTHETIC_GT,FROZEN_GENERATION_PROMPT_AND_PLANNED_ROLE,false,true
PFV4_SCREEN_0038,normal_negative,NO_ALERT_NORMAL_POSE,FROZEN_LEGAL_V3_SPLIT_PRESERVED_WITHOUT_GT_REWRITE,P4D_PLAN::PF_P4D_HN_SQUAT_G006_V02,P4D_FROZEN_PLAN_440,PF_P4D_HN_SQUAT_G006_V02,,PF_P4D_HN_SQUAT_G006,NEW_SCREEN,V3_SCREEN,/home/yanbo/net_vlm_person_fallen_v2_optimization/08_p4d_new_hard_negative_dev_revision/02_generation/gr3_fullregen/06_execution/quota_campaign_window_04_gr3q7_authorized_20260831_01/08_final/PF_P4D_HN_SQUAT_G006_V02.png,8fea406b8d47b179de27d7211774a16acb7029bdb9da469b466cc54b4f9afdd7,FAST_CLOSE_EXPECTED_AND_ACTUAL,/home/yanbo/下载/batches/batch_person-fallen-v2-p4d-hardneg-rev1-camera1p5m/prompts/PF_P4D_HN_SQUAT_G006_V02.txt,348bc3b79c2383a87bce713946088c5416c383be8b6857481e5c7622f3c451a2,squat_crouch_deep_bend,hard_negative,negative,negative,hard_negative,P4D_FAST_CLOSE_PROVENANCE_MECHANICAL_LINEAGE_PASS,PROMPT_DERIVED_SYNTHETIC_GT,FROZEN_GENERATION_PROMPT_AND_PLANNED_ROLE,false,true
PFV4_SCREEN_0039,normal_negative,NO_ALERT_NORMAL_POSE,FROZEN_LEGAL_V3_SPLIT_PRESERVED_WITHOUT_GT_REWRITE,P4D_PLAN::PF_P4D_HN_SQUAT_G006_V03,P4D_FROZEN_PLAN_440,PF_P4D_HN_SQUAT_G006_V03,,PF_P4D_HN_SQUAT_G006,NEW_SCREEN,V3_SCREEN,/home/yanbo/net_vlm_person_fallen_v2_optimization/08_p4d_new_hard_negative_dev_revision/02_generation/gr3_fullregen/06_execution/quota_campaign_window_04_gr3q7_authorized_20260831_01/08_final/PF_P4D_HN_SQUAT_G006_V03.png,9f2e8a7815f4829fa88c4a14905343c8f698d020582a194d899d3bdd0bb7c922,FAST_CLOSE_EXPECTED_AND_ACTUAL,/home/yanbo/下载/batches/batch_person-fallen-v2-p4d-hardneg-rev1-camera1p5m/prompts/PF_P4D_HN_SQUAT_G006_V03.txt,36082ac7cb7ba476b0ccf6358616044619f45f2b1ec469076752dd104cbf2e35,squat_crouch_deep_bend,hard_negative,negative,negative,hard_negative,P4D_FAST_CLOSE_PROVENANCE_MECHANICAL_LINEAGE_PASS,PROMPT_DERIVED_SYNTHETIC_GT,FROZEN_GENERATION_PROMPT_AND_PLANNED_ROLE,false,true
PFV4_SCREEN_0040,normal_negative,NO_ALERT_NORMAL_POSE,FROZEN_LEGAL_V3_SPLIT_PRESERVED_WITHOUT_GT_REWRITE,P4D_PLAN::PF_P4D_HN_SQUAT_G006_V04,P4D_FROZEN_PLAN_440,PF_P4D_HN_SQUAT_G006_V04,,PF_P4D_HN_SQUAT_G006,NEW_SCREEN,V3_SCREEN,/home/yanbo/net_vlm_person_fallen_v2_optimization/08_p4d_new_hard_negative_dev_revision/02_generation/gr3_fullregen/06_execution/quota_campaign_window_04_gr3q7_authorized_20260831_01/08_final/PF_P4D_HN_SQUAT_G006_V04.png,16abb64f9c6d14df3615793a8e3c963b99d6ff7030b11f69f70674178ca09619,FAST_CLOSE_EXPECTED_AND_ACTUAL,/home/yanbo/下载/batches/batch_person-fallen-v2-p4d-hardneg-rev1-camera1p5m/prompts/PF_P4D_HN_SQUAT_G006_V04.txt,51166e09fbe0ba5b105e354d9b69842f2f8d3251c304f5bb0d1a60050e7ff3dd,squat_crouch_deep_bend,hard_negative,negative,negative,hard_negative,P4D_FAST_CLOSE_PROVENANCE_MECHANICAL_LINEAGE_PASS,PROMPT_DERIVED_SYNTHETIC_GT,FROZEN_GENERATION_PROMPT_AND_PLANNED_ROLE,false,true
PFV4_SCREEN_0041,normal_negative,NO_ALERT_NORMAL_POSE,FROZEN_LEGAL_V3_SPLIT_PRESERVED_WITHOUT_GT_REWRITE,P4D_PLAN::PF_P4D_HN_SQUAT_G006_V05,P4D_FROZEN_PLAN_440,PF_P4D_HN_SQUAT_G006_V05,,PF_P4D_HN_SQUAT_G006,NEW_SCREEN,V3_SCREEN,/home/yanbo/net_vlm_person_fallen_v2_optimization/08_p4d_new_hard_negative_dev_revision/02_generation/gr3_fullregen/06_execution/quota_campaign_window_04_gr3q7_authorized_20260831_01/08_final/PF_P4D_HN_SQUAT_G006_V05.png,be82a50da7b39a0577a009ef61a133393fd33d1c938f71d009e6b63ed0349906,FAST_CLOSE_EXPECTED_AND_ACTUAL,/home/yanbo/下载/batches/batch_person-fallen-v2-p4d-hardneg-rev1-camera1p5m/prompts/PF_P4D_HN_SQUAT_G006_V05.txt,df1c9978b59506bbb5ce3000a19dbfcb0537f1b4e9a5f636e9b876225ba8e01e,squat_crouch_deep_bend,hard_negative,negative,negative,hard_negative,P4D_FAST_CLOSE_PROVENANCE_MECHANICAL_LINEAGE_PASS,PROMPT_DERIVED_SYNTHETIC_GT,FROZEN_GENERATION_PROMPT_AND_PLANNED_ROLE,false,true
PFV4_SCREEN_0042,normal_negative,NO_ALERT_NORMAL_POSE,FROZEN_LEGAL_V3_SPLIT_PRESERVED_WITHOUT_GT_REWRITE,P4D_PLAN::PF_P4D_HN_MIX_G003_V01,P4D_FROZEN_PLAN_440,PF_P4D_HN_MIX_G003_V01,,PF_P4D_HN_MIX_G003,NEW_SCREEN,V3_SCREEN,/home/yanbo/net_vlm_person_fallen_v2_optimization/08_p4d_new_hard_negative_dev_revision/02_generation/gr3_fullregen/06_execution/quota_campaign_window_05_gr3q8_authorized_20260831_01/08_final/PF_P4D_HN_MIX_G003_V01.png,bf382895a2f7b29162c6b32fbde747c1071625c5053789b4360f469942e1d234,FAST_CLOSE_EXPECTED_AND_ACTUAL,/home/yanbo/下载/batches/batch_person-fallen-v2-p4d-hardneg-rev1-camera1p5m/prompts/PF_P4D_HN_MIX_G003_V01.txt,49e11bb9201912221b692c599796bcc5c39fa42631f5e5ba6572ecf6c4e2ea89,mixed_hard_negative,hard_negative,negative,negative,hard_negative,P4D_FAST_CLOSE_PROVENANCE_MECHANICAL_LINEAGE_PASS,PROMPT_DERIVED_SYNTHETIC_GT,FROZEN_GENERATION_PROMPT_AND_PLANNED_ROLE,false,true
PFV4_SCREEN_0043,normal_negative,NO_ALERT_NORMAL_POSE,FROZEN_LEGAL_V3_SPLIT_PRESERVED_WITHOUT_GT_REWRITE,P4D_PLAN::PF_P4D_HN_MIX_G003_V02,P4D_FROZEN_PLAN_440,PF_P4D_HN_MIX_G003_V02,,PF_P4D_HN_MIX_G003,NEW_SCREEN,V3_SCREEN,/home/yanbo/net_vlm_person_fallen_v2_optimization/08_p4d_new_hard_negative_dev_revision/02_generation/gr3_fullregen/06_execution/quota_campaign_window_05_gr3q8_authorized_20260831_01/08_final/PF_P4D_HN_MIX_G003_V02.png,bfdd5e06500f9a54dee1443f8ee51c40db46695c54ad94c54e237330bc1929fa,FAST_CLOSE_EXPECTED_AND_ACTUAL,/home/yanbo/下载/batches/batch_person-fallen-v2-p4d-hardneg-rev1-camera1p5m/prompts/PF_P4D_HN_MIX_G003_V02.txt,99310ef8c1ceca3ae54b97b256727e0c463f0c5bd58314b46e674851fe22a544,mixed_hard_negative,hard_negative,negative,negative,hard_negative,P4D_FAST_CLOSE_PROVENANCE_MECHANICAL_LINEAGE_PASS,PROMPT_DERIVED_SYNTHETIC_GT,FROZEN_GENERATION_PROMPT_AND_PLANNED_ROLE,false,true
PFV4_SCREEN_0044,normal_negative,NO_ALERT_NORMAL_POSE,FROZEN_LEGAL_V3_SPLIT_PRESERVED_WITHOUT_GT_REWRITE,P4D_PLAN::PF_P4D_HN_MIX_G003_V03,P4D_FROZEN_PLAN_440,PF_P4D_HN_MIX_G003_V03,,PF_P4D_HN_MIX_G003,NEW_SCREEN,V3_SCREEN,/home/yanbo/net_vlm_person_fallen_v2_optimization/08_p4d_new_hard_negative_dev_revision/02_generation/gr3_fullregen/06_execution/quota_campaign_window_05_gr3q8_authorized_20260831_01/08_final/PF_P4D_HN_MIX_G003_V03.png,de1ce3010d3bc086c0309de6621809c70a175b49a67c18b30894fbb0165c1bc5,FAST_CLOSE_EXPECTED_AND_ACTUAL,/home/yanbo/下载/batches/batch_person-fallen-v2-p4d-hardneg-rev1-camera1p5m/prompts/PF_P4D_HN_MIX_G003_V03.txt,15606e25cedaeb1d1c364e9cc30d7fd68106b8eaca9308c6eebcf24401840062,mixed_hard_negative,hard_negative,negative,negative,hard_negative,P4D_FAST_CLOSE_PROVENANCE_MECHANICAL_LINEAGE_PASS,PROMPT_DERIVED_SYNTHETIC_GT,FROZEN_GENERATION_PROMPT_AND_PLANNED_ROLE,false,true
PFV4_SCREEN_0045,normal_negative,NO_ALERT_NORMAL_POSE,FROZEN_LEGAL_V3_SPLIT_PRESERVED_WITHOUT_GT_REWRITE,P4D_PLAN::PF_P4D_HN_MIX_G003_V04,P4D_FROZEN_PLAN_440,PF_P4D_HN_MIX_G003_V04,,PF_P4D_HN_MIX_G003,NEW_SCREEN,V3_SCREEN,/home/yanbo/net_vlm_person_fallen_v2_optimization/08_p4d_new_hard_negative_dev_revision/02_generation/gr3_fullregen/06_execution/quota_campaign_window_05_gr3q8_authorized_20260831_01/08_final/PF_P4D_HN_MIX_G003_V04.png,17eaf46440682d6ca3e41a449e33a4d7c3e463f3a963ce0758753425af643b13,FAST_CLOSE_EXPECTED_AND_ACTUAL,/home/yanbo/下载/batches/batch_person-fallen-v2-p4d-hardneg-rev1-camera1p5m/prompts/PF_P4D_HN_MIX_G003_V04.txt,481fbf877dc576abad2c7d3d30b66f4b9d0d55a3ca6f038fa100a23cf756373f,mixed_hard_negative,hard_negative,negative,negative,hard_negative,P4D_FAST_CLOSE_PROVENANCE_MECHANICAL_LINEAGE_PASS,PROMPT_DERIVED_SYNTHETIC_GT,FROZEN_GENERATION_PROMPT_AND_PLANNED_ROLE,false,true
PFV4_SCREEN_0046,normal_negative,NO_ALERT_NORMAL_POSE,FROZEN_LEGAL_V3_SPLIT_PRESERVED_WITHOUT_GT_REWRITE,P4D_PLAN::PF_P4D_HN_MIX_G003_V05,P4D_FROZEN_PLAN_440,PF_P4D_HN_MIX_G003_V05,,PF_P4D_HN_MIX_G003,NEW_SCREEN,V3_SCREEN,/home/yanbo/net_vlm_person_fallen_v2_optimization/08_p4d_new_hard_negative_dev_revision/02_generation/gr3_fullregen/06_execution/quota_campaign_window_05_gr3q8_authorized_20260831_01/08_final/PF_P4D_HN_MIX_G003_V05.png,da444bdf191fde922674c5921d71193faee7832d1313d3af2e1e4fecfab5221d,FAST_CLOSE_EXPECTED_AND_ACTUAL,/home/yanbo/下载/batches/batch_person-fallen-v2-p4d-hardneg-rev1-camera1p5m/prompts/PF_P4D_HN_MIX_G003_V05.txt,ae0035761ecade2534a18d8bb24cc510fb08756f2a0ba60cfdc203be6aa4269b,mixed_hard_negative,hard_negative,negative,negative,hard_negative,P4D_FAST_CLOSE_PROVENANCE_MECHANICAL_LINEAGE_PASS,PROMPT_DERIVED_SYNTHETIC_GT,FROZEN_GENERATION_PROMPT_AND_PLANNED_ROLE,false,true
PFV4_SCREEN_0047,ground_lying,ALERT_GROUND_LYING,FROZEN_LEGAL_V3_SPLIT_PRESERVED_WITHOUT_GT_REWRITE,P4D_PLAN::PF_P4D_POS_SUPINE_G004_V01,P4D_FROZEN_PLAN_440,PF_P4D_POS_SUPINE_G004_V01,,PF_P4D_POS_SUPINE_G004,NEW_SCREEN,V3_SCREEN,/home/yanbo/net_vlm_person_fallen_v2_optimization/08_p4d_new_hard_negative_dev_revision/02_generation/gr3_fullregen/06_execution/quota_campaign_window_01_authorized_20260830_05/08_final/PF_P4D_POS_SUPINE_G004_V01.png,8099807b5016585ee3ad05867beafcc3a6c1d9ac4bd836157d6d0909519859d2,FAST_CLOSE_EXPECTED_AND_ACTUAL,/home/yanbo/下载/batches/batch_person-fallen-v2-p4d-hardneg-rev1-camera1p5m/prompts/PF_P4D_POS_SUPINE_G004_V01.txt,e3e5534f84134d8449aba874ed81b45328e90470ac282c85d8879207ec3e2cb7,supine_ground_lying,positive,positive,positive,positive,P4D_FAST_CLOSE_PROVENANCE_MECHANICAL_LINEAGE_PASS,PROMPT_DERIVED_SYNTHETIC_GT,FROZEN_GENERATION_PROMPT_AND_PLANNED_ROLE,false,true
PFV4_SCREEN_0048,ground_lying,ALERT_GROUND_LYING,FROZEN_LEGAL_V3_SPLIT_PRESERVED_WITHOUT_GT_REWRITE,P4D_PLAN::PF_P4D_POS_SUPINE_G004_V02,P4D_FROZEN_PLAN_440,PF_P4D_POS_SUPINE_G004_V02,,PF_P4D_POS_SUPINE_G004,NEW_SCREEN,V3_SCREEN,/home/yanbo/net_vlm_person_fallen_v2_optimization/08_p4d_new_hard_negative_dev_revision/02_generation/gr3_fullregen/06_execution/quota_campaign_window_01_authorized_20260830_05/08_final/PF_P4D_POS_SUPINE_G004_V02.png,0f7980a5fa653d0df5e828a14192d525f287dcc1df92e8c9012444f249b11b12,FAST_CLOSE_EXPECTED_AND_ACTUAL,/home/yanbo/下载/batches/batch_person-fallen-v2-p4d-hardneg-rev1-camera1p5m/prompts/PF_P4D_POS_SUPINE_G004_V02.txt,29ebcc386897ecc3c0ef64d0be4489fc1a19bfb95ae3b69ec927ffdc3a29ab1a,supine_ground_lying,positive,positive,positive,positive,P4D_FAST_CLOSE_PROVENANCE_MECHANICAL_LINEAGE_PASS,PROMPT_DERIVED_SYNTHETIC_GT,FROZEN_GENERATION_PROMPT_AND_PLANNED_ROLE,false,true
PFV4_SCREEN_0049,ground_lying,ALERT_GROUND_LYING,FROZEN_LEGAL_V3_SPLIT_PRESERVED_WITHOUT_GT_REWRITE,P4D_PLAN::PF_P4D_POS_SUPINE_G004_V03,P4D_FROZEN_PLAN_440,PF_P4D_POS_SUPINE_G004_V03,,PF_P4D_POS_SUPINE_G004,NEW_SCREEN,V3_SCREEN,/home/yanbo/net_vlm_person_fallen_v2_optimization/08_p4d_new_hard_negative_dev_revision/02_generation/gr3_fullregen/06_execution/quota_campaign_window_01_authorized_20260830_05/08_final/PF_P4D_POS_SUPINE_G004_V03.png,8edee3b619ed808644e94e7b0c9d64b8b4e4c8ffddc812bf7411bbca57f819c8,FAST_CLOSE_EXPECTED_AND_ACTUAL,/home/yanbo/下载/batches/batch_person-fallen-v2-p4d-hardneg-rev1-camera1p5m/prompts/PF_P4D_POS_SUPINE_G004_V03.txt,8bc3191dc90a571679947c49a3ab18f364d60a66c058797a8905469288e37006,supine_ground_lying,positive,positive,positive,positive,P4D_FAST_CLOSE_PROVENANCE_MECHANICAL_LINEAGE_PASS,PROMPT_DERIVED_SYNTHETIC_GT,FROZEN_GENERATION_PROMPT_AND_PLANNED_ROLE,false,true
PFV4_SCREEN_0050,ground_lying,ALERT_GROUND_LYING,FROZEN_LEGAL_V3_SPLIT_PRESERVED_WITHOUT_GT_REWRITE,P4D_PLAN::PF_P4D_POS_SUPINE_G004_V04,P4D_FROZEN_PLAN_440,PF_P4D_POS_SUPINE_G004_V04,,PF_P4D_POS_SUPINE_G004,NEW_SCREEN,V3_SCREEN,/home/yanbo/net_vlm_person_fallen_v2_optimization/08_p4d_new_hard_negative_dev_revision/02_generation/gr3_fullregen/06_execution/quota_campaign_window_01_authorized_20260830_05/08_final/PF_P4D_POS_SUPINE_G004_V04.png,df951b32f24404546b4782d0b353325838abb1af907eb681b947ed31bfadd2c4,FAST_CLOSE_EXPECTED_AND_ACTUAL,/home/yanbo/下载/batches/batch_person-fallen-v2-p4d-hardneg-rev1-camera1p5m/prompts/PF_P4D_POS_SUPINE_G004_V04.txt,6ea05ddcc2712ce2b97b548663ab55ca0bdda2094c9436cc9241f868a4f29538,supine_ground_lying,positive,positive,positive,positive,P4D_FAST_CLOSE_PROVENANCE_MECHANICAL_LINEAGE_PASS,PROMPT_DERIVED_SYNTHETIC_GT,FROZEN_GENERATION_PROMPT_AND_PLANNED_ROLE,false,true
PFV4_SCREEN_0051,ground_lying,ALERT_GROUND_LYING,FROZEN_LEGAL_V3_SPLIT_PRESERVED_WITHOUT_GT_REWRITE,P4D_PLAN::PF_P4D_POS_SUPINE_G004_V05,P4D_FROZEN_PLAN_440,PF_P4D_POS_SUPINE_G004_V05,,PF_P4D_POS_SUPINE_G004,NEW_SCREEN,V3_SCREEN,/home/yanbo/net_vlm_person_fallen_v2_optimization/08_p4d_new_hard_negative_dev_revision/02_generation/gr3_fullregen/06_execution/quota_campaign_window_01_authorized_20260830_05/08_final/PF_P4D_POS_SUPINE_G004_V05.png,2667430870aec5cac19459fb2c24b4fae06b248c8d37a74bb35dee008b6e33f0,FAST_CLOSE_EXPECTED_AND_ACTUAL,/home/yanbo/下载/batches/batch_person-fallen-v2-p4d-hardneg-rev1-camera1p5m/prompts/PF_P4D_POS_SUPINE_G004_V05.txt,1a535f0ca6d79e6c733e45fdeeae0801bb4f09d25f2e56da3913ca75c025565b,supine_ground_lying,positive,positive,positive,positive,P4D_FAST_CLOSE_PROVENANCE_MECHANICAL_LINEAGE_PASS,PROMPT_DERIVED_SYNTHETIC_GT,FROZEN_GENERATION_PROMPT_AND_PLANNED_ROLE,false,true
PFV4_SCREEN_0052,ground_lying,ALERT_GROUND_LYING,FROZEN_LEGAL_V3_SPLIT_PRESERVED_WITHOUT_GT_REWRITE,P4D_PLAN::PF_P4D_POS_PRONE_G004_V01,P4D_FROZEN_PLAN_440,PF_P4D_POS_PRONE_G004_V01,,PF_P4D_POS_PRONE_G004,NEW_SCREEN,V3_SCREEN,/home/yanbo/net_vlm_person_fallen_v2_optimization/08_p4d_new_hard_negative_dev_revision/02_generation/gr3_fullregen/06_execution/quota_campaign_window_01_authorized_20260830_05/08_final/PF_P4D_POS_PRONE_G004_V01.png,24f532ea6ac012a9bfd87ccbc6a6773f000fa4839f70b55a39674a7148425bba,FAST_CLOSE_EXPECTED_AND_ACTUAL,/home/yanbo/下载/batches/batch_person-fallen-v2-p4d-hardneg-rev1-camera1p5m/prompts/PF_P4D_POS_PRONE_G004_V01.txt,df5df68b3a4738c9129f28501baa992515db299cc651c23d6c58c809b401a933,prone_ground_lying,positive,positive,positive,positive,P4D_FAST_CLOSE_PROVENANCE_MECHANICAL_LINEAGE_PASS,PROMPT_DERIVED_SYNTHETIC_GT,FROZEN_GENERATION_PROMPT_AND_PLANNED_ROLE,false,true
PFV4_SCREEN_0053,ground_lying,ALERT_GROUND_LYING,FROZEN_LEGAL_V3_SPLIT_PRESERVED_WITHOUT_GT_REWRITE,P4D_PLAN::PF_P4D_POS_PRONE_G004_V02,P4D_FROZEN_PLAN_440,PF_P4D_POS_PRONE_G004_V02,,PF_P4D_POS_PRONE_G004,NEW_SCREEN,V3_SCREEN,/home/yanbo/net_vlm_person_fallen_v2_optimization/08_p4d_new_hard_negative_dev_revision/02_generation/gr3_fullregen/06_execution/quota_campaign_window_01_authorized_20260830_05/08_final/PF_P4D_POS_PRONE_G004_V02.png,318c1dd42378c7de8ef42c7981fe5e710e46535b93405f5c2352ade5c90b5f4f,FAST_CLOSE_EXPECTED_AND_ACTUAL,/home/yanbo/下载/batches/batch_person-fallen-v2-p4d-hardneg-rev1-camera1p5m/prompts/PF_P4D_POS_PRONE_G004_V02.txt,f8393c7111f3c2cf1558a061c0520e7c8aa9731d611dcbf2efdf0b6994b33ae3,prone_ground_lying,positive,positive,positive,positive,P4D_FAST_CLOSE_PROVENANCE_MECHANICAL_LINEAGE_PASS,PROMPT_DERIVED_SYNTHETIC_GT,FROZEN_GENERATION_PROMPT_AND_PLANNED_ROLE,false,true
PFV4_SCREEN_0054,ground_lying,ALERT_GROUND_LYING,FROZEN_LEGAL_V3_SPLIT_PRESERVED_WITHOUT_GT_REWRITE,P4D_PLAN::PF_P4D_POS_PRONE_G004_V03,P4D_FROZEN_PLAN_440,PF_P4D_POS_PRONE_G004_V03,,PF_P4D_POS_PRONE_G004,NEW_SCREEN,V3_SCREEN,/home/yanbo/net_vlm_person_fallen_v2_optimization/08_p4d_new_hard_negative_dev_revision/02_generation/gr3_fullregen/06_execution/quota_campaign_window_01_authorized_20260830_05/08_final/PF_P4D_POS_PRONE_G004_V03.png,50cedbcdf8e36ea95ccb8312b25492a79738a4caa726231937549fd00c6a4d75,FAST_CLOSE_EXPECTED_AND_ACTUAL,/home/yanbo/下载/batches/batch_person-fallen-v2-p4d-hardneg-rev1-camera1p5m/prompts/PF_P4D_POS_PRONE_G004_V03.txt,9f2c58b743dff172ae9aed9d266321383648765d6bc08df52144b7428d06b89a,prone_ground_lying,positive,positive,positive,positive,P4D_FAST_CLOSE_PROVENANCE_MECHANICAL_LINEAGE_PASS,PROMPT_DERIVED_SYNTHETIC_GT,FROZEN_GENERATION_PROMPT_AND_PLANNED_ROLE,false,true
PFV4_SCREEN_0055,ground_lying,ALERT_GROUND_LYING,FROZEN_LEGAL_V3_SPLIT_PRESERVED_WITHOUT_GT_REWRITE,P4D_PLAN::PF_P4D_POS_PRONE_G004_V04,P4D_FROZEN_PLAN_440,PF_P4D_POS_PRONE_G004_V04,,PF_P4D_POS_PRONE_G004,NEW_SCREEN,V3_SCREEN,/home/yanbo/net_vlm_person_fallen_v2_optimization/08_p4d_new_hard_negative_dev_revision/02_generation/gr3_fullregen/06_execution/quota_campaign_window_01_authorized_20260830_05/08_final/PF_P4D_POS_PRONE_G004_V04.png,4b3d7b219028eca6059d33dc1cb462db42ff8a0e202bda634ba3525a7a1b0383,FAST_CLOSE_EXPECTED_AND_ACTUAL,/home/yanbo/下载/batches/batch_person-fallen-v2-p4d-hardneg-rev1-camera1p5m/prompts/PF_P4D_POS_PRONE_G004_V04.txt,3081b656c59473f0841a05070ba94e188eacbceeb2af2615e5c1716e1f93f2f6,prone_ground_lying,positive,positive,positive,positive,P4D_FAST_CLOSE_PROVENANCE_MECHANICAL_LINEAGE_PASS,PROMPT_DERIVED_SYNTHETIC_GT,FROZEN_GENERATION_PROMPT_AND_PLANNED_ROLE,false,true
PFV4_SCREEN_0056,ground_lying,ALERT_GROUND_LYING,FROZEN_LEGAL_V3_SPLIT_PRESERVED_WITHOUT_GT_REWRITE,P4D_PLAN::PF_P4D_POS_PRONE_G004_V05,P4D_FROZEN_PLAN_440,PF_P4D_POS_PRONE_G004_V05,,PF_P4D_POS_PRONE_G004,NEW_SCREEN,V3_SCREEN,/home/yanbo/net_vlm_person_fallen_v2_optimization/08_p4d_new_hard_negative_dev_revision/02_generation/gr3_fullregen/06_execution/quota_campaign_window_01_authorized_20260830_05/08_final/PF_P4D_POS_PRONE_G004_V05.png,857478e79a9c14bbfcb631f824aec33c3ddc678aa02ab6acb018a808710d1a5e,FAST_CLOSE_EXPECTED_AND_ACTUAL,/home/yanbo/下载/batches/batch_person-fallen-v2-p4d-hardneg-rev1-camera1p5m/prompts/PF_P4D_POS_PRONE_G004_V05.txt,e758c048dc9f2332a2602d8f6b464ab39edd3666638332056353f860718b78c7,prone_ground_lying,positive,positive,positive,positive,P4D_FAST_CLOSE_PROVENANCE_MECHANICAL_LINEAGE_PASS,PROMPT_DERIVED_SYNTHETIC_GT,FROZEN_GENERATION_PROMPT_AND_PLANNED_ROLE,false,true
PFV4_SCREEN_0057,ground_lying,ALERT_GROUND_LYING,FROZEN_LEGAL_V3_SPLIT_PRESERVED_WITHOUT_GT_REWRITE,P4D_PLAN::PF_P4D_POS_SIDE_G003_V01,P4D_FROZEN_PLAN_440,PF_P4D_POS_SIDE_G003_V01,,PF_P4D_POS_SIDE_G003,NEW_SCREEN,V3_SCREEN,/home/yanbo/net_vlm_person_fallen_v2_optimization/08_p4d_new_hard_negative_dev_revision/02_generation/gr3_fullregen/06_execution/quota_campaign_window_05_gr3q8_authorized_20260831_01/08_final/PF_P4D_POS_SIDE_G003_V01.png,d99dd647a02977daf3ca56fdfc1e844fe6ad83f37e4bd3da6a2725de26b4b16e,FAST_CLOSE_EXPECTED_AND_ACTUAL,/home/yanbo/下载/batches/batch_person-fallen-v2-p4d-hardneg-rev1-camera1p5m/prompts/PF_P4D_POS_SIDE_G003_V01.txt,c9ab85862d531831e6def11c829802710bd2c3ffcf89bedcaaabea79febb3678,side_lying,positive,positive,positive,positive,P4D_FAST_CLOSE_PROVENANCE_MECHANICAL_LINEAGE_PASS,PROMPT_DERIVED_SYNTHETIC_GT,FROZEN_GENERATION_PROMPT_AND_PLANNED_ROLE,false,true
PFV4_SCREEN_0058,ground_lying,ALERT_GROUND_LYING,FROZEN_LEGAL_V3_SPLIT_PRESERVED_WITHOUT_GT_REWRITE,P4D_PLAN::PF_P4D_POS_SIDE_G003_V02,P4D_FROZEN_PLAN_440,PF_P4D_POS_SIDE_G003_V02,,PF_P4D_POS_SIDE_G003,NEW_SCREEN,V3_SCREEN,/home/yanbo/net_vlm_person_fallen_v2_optimization/08_p4d_new_hard_negative_dev_revision/02_generation/gr3_fullregen/06_execution/quota_campaign_window_05_gr3q8_authorized_20260831_01/08_final/PF_P4D_POS_SIDE_G003_V02.png,c98160b85e355bd17527a734b0f95125dd7c6f2bde5f104899638e49ccc91931,FAST_CLOSE_EXPECTED_AND_ACTUAL,/home/yanbo/下载/batches/batch_person-fallen-v2-p4d-hardneg-rev1-camera1p5m/prompts/PF_P4D_POS_SIDE_G003_V02.txt,f8ea788010145280d4e6e9e3a3cefbab31478e7c721aad1487873c5a16fb5af2,side_lying,positive,positive,positive,positive,P4D_FAST_CLOSE_PROVENANCE_MECHANICAL_LINEAGE_PASS,PROMPT_DERIVED_SYNTHETIC_GT,FROZEN_GENERATION_PROMPT_AND_PLANNED_ROLE,false,true
PFV4_SCREEN_0059,ground_lying,ALERT_GROUND_LYING,FROZEN_LEGAL_V3_SPLIT_PRESERVED_WITHOUT_GT_REWRITE,P4D_PLAN::PF_P4D_POS_SIDE_G003_V03,P4D_FROZEN_PLAN_440,PF_P4D_POS_SIDE_G003_V03,,PF_P4D_POS_SIDE_G003,NEW_SCREEN,V3_SCREEN,/home/yanbo/net_vlm_person_fallen_v2_optimization/08_p4d_new_hard_negative_dev_revision/02_generation/gr3_fullregen/06_execution/quota_campaign_window_05_gr3q8_authorized_20260831_01/08_final/PF_P4D_POS_SIDE_G003_V03.png,b228466917caf64b9106156b9e1162d10411debf82dc59008c69e271bd5a4a2b,FAST_CLOSE_EXPECTED_AND_ACTUAL,/home/yanbo/下载/batches/batch_person-fallen-v2-p4d-hardneg-rev1-camera1p5m/prompts/PF_P4D_POS_SIDE_G003_V03.txt,07da71680a0a0d623c443ee6f087fb099d8c8ebae61c04c4f67f1aa3722ca4c3,side_lying,positive,positive,positive,positive,P4D_FAST_CLOSE_PROVENANCE_MECHANICAL_LINEAGE_PASS,PROMPT_DERIVED_SYNTHETIC_GT,FROZEN_GENERATION_PROMPT_AND_PLANNED_ROLE,false,true
PFV4_SCREEN_0060,ground_lying,ALERT_GROUND_LYING,FROZEN_LEGAL_V3_SPLIT_PRESERVED_WITHOUT_GT_REWRITE,P4D_PLAN::PF_P4D_POS_SIDE_G003_V04,P4D_FROZEN_PLAN_440,PF_P4D_POS_SIDE_G003_V04,,PF_P4D_POS_SIDE_G003,NEW_SCREEN,V3_SCREEN,/home/yanbo/net_vlm_person_fallen_v2_optimization/08_p4d_new_hard_negative_dev_revision/02_generation/gr3_fullregen/06_execution/quota_campaign_window_05_gr3q8_authorized_20260831_01/08_final/PF_P4D_POS_SIDE_G003_V04.png,ba6ce2540307e3ae783fed38d00f20e30343a23ce04f408a7b4766cc0f1d1f47,FAST_CLOSE_EXPECTED_AND_ACTUAL,/home/yanbo/下载/batches/batch_person-fallen-v2-p4d-hardneg-rev1-camera1p5m/prompts/PF_P4D_POS_SIDE_G003_V04.txt,831ae7c6dee13ca4f07f8ab1b389a13799caedb81e76feb54513e65ab567e577,side_lying,positive,positive,positive,positive,P4D_FAST_CLOSE_PROVENANCE_MECHANICAL_LINEAGE_PASS,PROMPT_DERIVED_SYNTHETIC_GT,FROZEN_GENERATION_PROMPT_AND_PLANNED_ROLE,false,true
PFV4_SCREEN_0061,ground_lying,ALERT_GROUND_LYING,FROZEN_LEGAL_V3_SPLIT_PRESERVED_WITHOUT_GT_REWRITE,P4D_PLAN::PF_P4D_POS_SIDE_G003_V05,P4D_FROZEN_PLAN_440,PF_P4D_POS_SIDE_G003_V05,,PF_P4D_POS_SIDE_G003,NEW_SCREEN,V3_SCREEN,/home/yanbo/net_vlm_person_fallen_v2_optimization/08_p4d_new_hard_negative_dev_revision/02_generation/gr3_fullregen/06_execution/quota_campaign_window_05_gr3q8_authorized_20260831_01/08_final/PF_P4D_POS_SIDE_G003_V05.png,9d801db9dd4c2f2265e0d00439872306181ae9632a02a4ec48a794ba0f8db9b4,FAST_CLOSE_EXPECTED_AND_ACTUAL,/home/yanbo/下载/batches/batch_person-fallen-v2-p4d-hardneg-rev1-camera1p5m/prompts/PF_P4D_POS_SIDE_G003_V05.txt,3b602b0bfdfbfbb8c7beff07537d6b610f9597199ba57cce6a1c5a9e07d17b3c,side_lying,positive,positive,positive,positive,P4D_FAST_CLOSE_PROVENANCE_MECHANICAL_LINEAGE_PASS,PROMPT_DERIVED_SYNTHETIC_GT,FROZEN_GENERATION_PROMPT_AND_PLANNED_ROLE,false,true
PFV4_SCREEN_0062,ground_lying,ALERT_GROUND_LYING,FROZEN_LEGAL_V3_SPLIT_PRESERVED_WITHOUT_GT_REWRITE,P4D_PLAN::PF_P4D_POS_CURLED_G003_V01,P4D_FROZEN_PLAN_440,PF_P4D_POS_CURLED_G003_V01,,PF_P4D_POS_CURLED_G003,NEW_SCREEN,V3_SCREEN,/home/yanbo/net_vlm_person_fallen_v2_optimization/08_p4d_new_hard_negative_dev_revision/02_generation/gr3_fullregen/06_execution/quota_campaign_window_01_authorized_20260830_05/08_final/PF_P4D_POS_CURLED_G003_V01.png,0ec8ab3eef2dee7d34110766dc459c6d3d7fbc48407a8ada7394e30c2408abfb,FAST_CLOSE_EXPECTED_AND_ACTUAL,/home/yanbo/下载/batches/batch_person-fallen-v2-p4d-hardneg-rev1-camera1p5m/prompts/PF_P4D_POS_CURLED_G003_V01.txt,4059792f9b8c2018c04917cb7a8858a83e2366e05c7607ecd14c066bebc440ec,curled_or_partially_occluded_lying,positive,positive,positive,positive,P4D_FAST_CLOSE_PROVENANCE_MECHANICAL_LINEAGE_PASS,PROMPT_DERIVED_SYNTHETIC_GT,FROZEN_GENERATION_PROMPT_AND_PLANNED_ROLE,false,true
PFV4_SCREEN_0063,ground_lying,ALERT_GROUND_LYING,FROZEN_LEGAL_V3_SPLIT_PRESERVED_WITHOUT_GT_REWRITE,P4D_PLAN::PF_P4D_POS_CURLED_G003_V02,P4D_FROZEN_PLAN_440,PF_P4D_POS_CURLED_G003_V02,,PF_P4D_POS_CURLED_G003,NEW_SCREEN,V3_SCREEN,/home/yanbo/net_vlm_person_fallen_v2_optimization/08_p4d_new_hard_negative_dev_revision/02_generation/gr3_fullregen/06_execution/quota_campaign_window_01_authorized_20260830_05/08_final/PF_P4D_POS_CURLED_G003_V02.png,857f76dd2f773aa40c1cfbe097c7df7948af8db7274d0394a1aa45e40967651c,FAST_CLOSE_EXPECTED_AND_ACTUAL,/home/yanbo/下载/batches/batch_person-fallen-v2-p4d-hardneg-rev1-camera1p5m/prompts/PF_P4D_POS_CURLED_G003_V02.txt,a715ef0ab674eb76443665ffd19f7ba32797d3e43781d1f6857b97b780555410,curled_or_partially_occluded_lying,positive,positive,positive,positive,P4D_FAST_CLOSE_PROVENANCE_MECHANICAL_LINEAGE_PASS,PROMPT_DERIVED_SYNTHETIC_GT,FROZEN_GENERATION_PROMPT_AND_PLANNED_ROLE,false,true
PFV4_SCREEN_0064,ground_lying,ALERT_GROUND_LYING,FROZEN_LEGAL_V3_SPLIT_PRESERVED_WITHOUT_GT_REWRITE,P4D_PLAN::PF_P4D_POS_CURLED_G003_V03,P4D_FROZEN_PLAN_440,PF_P4D_POS_CURLED_G003_V03,,PF_P4D_POS_CURLED_G003,NEW_SCREEN,V3_SCREEN,/home/yanbo/net_vlm_person_fallen_v2_optimization/08_p4d_new_hard_negative_dev_revision/02_generation/gr3_fullregen/06_execution/quota_campaign_window_02_policy_adapter_20260830_01/08_final/PF_P4D_POS_CURLED_G003_V03.png,ba6d65e33971be24526c565da46a9af23ca4e7ffb5acfe581345df47a73d82ce,FAST_CLOSE_CURRENT_REHASH_EXPECTED_FIELD_EMPTY,/home/yanbo/下载/batches/batch_person-fallen-v2-p4d-hardneg-rev1-camera1p5m/prompts/PF_P4D_POS_CURLED_G003_V03.txt,97868c61b8d65000969f4c8fc8fd04e52875839312cb8090b32ef34c60025f1a,curled_or_partially_occluded_lying,positive,positive,positive,positive,P4D_FAST_CLOSE_PROVENANCE_MECHANICAL_LINEAGE_PASS,PROMPT_DERIVED_SYNTHETIC_GT,FROZEN_GENERATION_PROMPT_AND_PLANNED_ROLE,false,true
PFV4_SCREEN_0065,ground_lying,ALERT_GROUND_LYING,FROZEN_LEGAL_V3_SPLIT_PRESERVED_WITHOUT_GT_REWRITE,P4D_PLAN::PF_P4D_POS_CURLED_G003_V04,P4D_FROZEN_PLAN_440,PF_P4D_POS_CURLED_G003_V04,,PF_P4D_POS_CURLED_G003,NEW_SCREEN,V3_SCREEN,/home/yanbo/net_vlm_person_fallen_v2_optimization/08_p4d_new_hard_negative_dev_revision/02_generation/gr3_fullregen/06_execution/quota_campaign_window_02_policy_adapter_20260830_01/08_final/PF_P4D_POS_CURLED_G003_V04.png,061022f4fc20068e241079c06f07ecfc0b6f47f3d854fd6fc9e8dba458f8118b,FAST_CLOSE_CURRENT_REHASH_EXPECTED_FIELD_EMPTY,/home/yanbo/下载/batches/batch_person-fallen-v2-p4d-hardneg-rev1-camera1p5m/prompts/PF_P4D_POS_CURLED_G003_V04.txt,fc90252830d7b46476b5e51e3fdc7ad7c800cbf94ba244e06a72d3c0d26a95f8,curled_or_partially_occluded_lying,positive,positive,positive,positive,P4D_FAST_CLOSE_PROVENANCE_MECHANICAL_LINEAGE_PASS,PROMPT_DERIVED_SYNTHETIC_GT,FROZEN_GENERATION_PROMPT_AND_PLANNED_ROLE,false,true
PFV4_SCREEN_0066,ground_lying,ALERT_GROUND_LYING,FROZEN_LEGAL_V3_SPLIT_PRESERVED_WITHOUT_GT_REWRITE,P4D_PLAN::PF_P4D_POS_CURLED_G003_V05,P4D_FROZEN_PLAN_440,PF_P4D_POS_CURLED_G003_V05,,PF_P4D_POS_CURLED_G003,NEW_SCREEN,V3_SCREEN,/home/yanbo/net_vlm_person_fallen_v2_optimization/08_p4d_new_hard_negative_dev_revision/02_generation/gr3_fullregen/06_execution/quota_campaign_window_02_policy_adapter_20260830_01/08_final/PF_P4D_POS_CURLED_G003_V05.png,cc7aa39aba0d92ccdd1caba5648e295b8398cde4675128d20b667c20d82d7ca0,FAST_CLOSE_CURRENT_REHASH_EXPECTED_FIELD_EMPTY,/home/yanbo/下载/batches/batch_person-fallen-v2-p4d-hardneg-rev1-camera1p5m/prompts/PF_P4D_POS_CURLED_G003_V05.txt,06ceedef963d7f78869c6fac8d58f37b3934d4d0824ffdd9fa65382473f81557,curled_or_partially_occluded_lying,positive,positive,positive,positive,P4D_FAST_CLOSE_PROVENANCE_MECHANICAL_LINEAGE_PASS,PROMPT_DERIVED_SYNTHETIC_GT,FROZEN_GENERATION_PROMPT_AND_PLANNED_ROLE,false,true
PFV4_SCREEN_0067,ground_lying,ALERT_GROUND_LYING,FROZEN_LEGAL_V3_SPLIT_PRESERVED_WITHOUT_GT_REWRITE,P4D_PLAN::PF_P4D_POS_CORRIDOR_G001_V01,P4D_FROZEN_PLAN_440,PF_P4D_POS_CORRIDOR_G001_V01,,PF_P4D_POS_CORRIDOR_G001,NEW_SCREEN,V3_SCREEN,/home/yanbo/net_vlm_person_fallen_v2_optimization/08_p4d_new_hard_negative_dev_revision/02_generation/gr3_fullregen/06_execution/quota_campaign_window_04_gr3q7_authorized_20260831_01/08_final/PF_P4D_POS_CORRIDOR_G001_V01.png,d55c9ce33855c4099bca3a2375d111e1a4bf1bc957d0f7a1736316893534c511,FAST_CLOSE_EXPECTED_AND_ACTUAL,/home/yanbo/下载/batches/batch_person-fallen-v2-p4d-hardneg-rev1-camera1p5m/prompts/PF_P4D_POS_CORRIDOR_G001_V01.txt,db0b94ef6860e20bbdbbb6574d3841cff9d65dbcc529159512de918221492364,horizontal_corridor_ground_lying,positive,positive,positive,positive,P4D_FAST_CLOSE_PROVENANCE_MECHANICAL_LINEAGE_PASS,PROMPT_DERIVED_SYNTHETIC_GT,FROZEN_GENERATION_PROMPT_AND_PLANNED_ROLE,false,true
PFV4_SCREEN_0068,ground_lying,ALERT_GROUND_LYING,FROZEN_LEGAL_V3_SPLIT_PRESERVED_WITHOUT_GT_REWRITE,P4D_PLAN::PF_P4D_POS_CORRIDOR_G001_V02,P4D_FROZEN_PLAN_440,PF_P4D_POS_CORRIDOR_G001_V02,,PF_P4D_POS_CORRIDOR_G001,NEW_SCREEN,V3_SCREEN,/home/yanbo/net_vlm_person_fallen_v2_optimization/08_p4d_new_hard_negative_dev_revision/02_generation/gr3_fullregen/06_execution/quota_campaign_window_04_gr3q7_authorized_20260831_01/08_final/PF_P4D_POS_CORRIDOR_G001_V02.png,cc79a90543ba6317b0163565415ba9b5d8d5373d3f70b8a432df9cdd8c7a9f99,FAST_CLOSE_EXPECTED_AND_ACTUAL,/home/yanbo/下载/batches/batch_person-fallen-v2-p4d-hardneg-rev1-camera1p5m/prompts/PF_P4D_POS_CORRIDOR_G001_V02.txt,42cc5c784c9329e20fec1fa3b648f99a0dee4e5b36a6ff5b2657fe589213500b,horizontal_corridor_ground_lying,positive,positive,positive,positive,P4D_FAST_CLOSE_PROVENANCE_MECHANICAL_LINEAGE_PASS,PROMPT_DERIVED_SYNTHETIC_GT,FROZEN_GENERATION_PROMPT_AND_PLANNED_ROLE,false,true
PFV4_SCREEN_0069,ground_lying,ALERT_GROUND_LYING,FROZEN_LEGAL_V3_SPLIT_PRESERVED_WITHOUT_GT_REWRITE,P4D_PLAN::PF_P4D_POS_CORRIDOR_G001_V03,P4D_FROZEN_PLAN_440,PF_P4D_POS_CORRIDOR_G001_V03,,PF_P4D_POS_CORRIDOR_G001,NEW_SCREEN,V3_SCREEN,/home/yanbo/net_vlm_person_fallen_v2_optimization/08_p4d_new_hard_negative_dev_revision/02_generation/gr3_fullregen/06_execution/quota_campaign_window_04_gr3q7_authorized_20260831_01/08_final/PF_P4D_POS_CORRIDOR_G001_V03.png,7988d3f9d02e050d3371e98abba9b56c6941389eb3a215e29363839d552b8100,FAST_CLOSE_EXPECTED_AND_ACTUAL,/home/yanbo/下载/batches/batch_person-fallen-v2-p4d-hardneg-rev1-camera1p5m/prompts/PF_P4D_POS_CORRIDOR_G001_V03.txt,49916aa2402b4e17e9ad1ceecce48d1235f2de6d19f4e428ea493bcd92085e54,horizontal_corridor_ground_lying,positive,positive,positive,positive,P4D_FAST_CLOSE_PROVENANCE_MECHANICAL_LINEAGE_PASS,PROMPT_DERIVED_SYNTHETIC_GT,FROZEN_GENERATION_PROMPT_AND_PLANNED_ROLE,false,true
PFV4_SCREEN_0070,ground_lying,ALERT_GROUND_LYING,FROZEN_LEGAL_V3_SPLIT_PRESERVED_WITHOUT_GT_REWRITE,P4D_PLAN::PF_P4D_POS_CORRIDOR_G001_V04,P4D_FROZEN_PLAN_440,PF_P4D_POS_CORRIDOR_G001_V04,,PF_P4D_POS_CORRIDOR_G001,NEW_SCREEN,V3_SCREEN,/home/yanbo/net_vlm_person_fallen_v2_optimization/08_p4d_new_hard_negative_dev_revision/02_generation/gr3_fullregen/06_execution/quota_campaign_window_04_gr3q7_authorized_20260831_01/08_final/PF_P4D_POS_CORRIDOR_G001_V04.png,c2112d70ecd7b3d2821810ce138aa30aee7eac30eaf3b67c2b3549eb9cffe1cb,FAST_CLOSE_EXPECTED_AND_ACTUAL,/home/yanbo/下载/batches/batch_person-fallen-v2-p4d-hardneg-rev1-camera1p5m/prompts/PF_P4D_POS_CORRIDOR_G001_V04.txt,18734590a1d85bf0109692cc58f2ed6031305841f951113b1a12a3739f8768be,horizontal_corridor_ground_lying,positive,positive,positive,positive,P4D_FAST_CLOSE_PROVENANCE_MECHANICAL_LINEAGE_PASS,PROMPT_DERIVED_SYNTHETIC_GT,FROZEN_GENERATION_PROMPT_AND_PLANNED_ROLE,false,true
PFV4_SCREEN_0071,ground_lying,ALERT_GROUND_LYING,FROZEN_LEGAL_V3_SPLIT_PRESERVED_WITHOUT_GT_REWRITE,P4D_PLAN::PF_P4D_POS_CORRIDOR_G001_V05,P4D_FROZEN_PLAN_440,PF_P4D_POS_CORRIDOR_G001_V05,,PF_P4D_POS_CORRIDOR_G001,NEW_SCREEN,V3_SCREEN,/home/yanbo/net_vlm_person_fallen_v2_optimization/08_p4d_new_hard_negative_dev_revision/02_generation/gr3_fullregen/06_execution/quota_campaign_window_04_gr3q7_authorized_20260831_01/08_final/PF_P4D_POS_CORRIDOR_G001_V05.png,d857787195c868fe7ab40d9256855f14407c0f29c2f1d55e3c2128f567a7cf71,FAST_CLOSE_EXPECTED_AND_ACTUAL,/home/yanbo/下载/batches/batch_person-fallen-v2-p4d-hardneg-rev1-camera1p5m/prompts/PF_P4D_POS_CORRIDOR_G001_V05.txt,c8360449d4fcd9bbc9fd895b1001e5f0357852ae9cdb93394009409fd3d0eddf,horizontal_corridor_ground_lying,positive,positive,positive,positive,P4D_FAST_CLOSE_PROVENANCE_MECHANICAL_LINEAGE_PASS,PROMPT_DERIVED_SYNTHETIC_GT,FROZEN_GENERATION_PROMPT_AND_PLANNED_ROLE,false,true
PFV4_SCREEN_0072,normal_negative,NO_ALERT_NORMAL_POSE,FROZEN_LEGAL_V3_SPLIT_PRESERVED_WITHOUT_GT_REWRITE,P4D_PLAN::PF_P4D_NEG_STAND_G003_V01,P4D_FROZEN_PLAN_440,PF_P4D_NEG_STAND_G003_V01,,PF_P4D_NEG_STAND_G003,NEW_SCREEN,V3_SCREEN,/home/yanbo/net_vlm_person_fallen_v2_optimization/08_p4d_new_hard_negative_dev_revision/02_generation/gr3_fullregen/06_execution/quota_campaign_window_01_authorized_20260830_05/08_final/PF_P4D_NEG_STAND_G003_V01.png,895ad7f662f1604e82a007429438cca8a824d36c33d5d54512b9583fa212f872,FAST_CLOSE_EXPECTED_AND_ACTUAL,/home/yanbo/下载/batches/batch_person-fallen-v2-p4d-hardneg-rev1-camera1p5m/prompts/PF_P4D_NEG_STAND_G003_V01.txt,eb651d60c4797f3c1211717e77d0949c12f072298d620e2b5090c91af5567067,standing_walking,ordinary_negative,negative,negative,ordinary_negative,P4D_FAST_CLOSE_PROVENANCE_MECHANICAL_LINEAGE_PASS,PROMPT_DERIVED_SYNTHETIC_GT,FROZEN_GENERATION_PROMPT_AND_PLANNED_ROLE,false,true
PFV4_SCREEN_0073,normal_negative,NO_ALERT_NORMAL_POSE,FROZEN_LEGAL_V3_SPLIT_PRESERVED_WITHOUT_GT_REWRITE,P4D_PLAN::PF_P4D_NEG_STAND_G003_V02,P4D_FROZEN_PLAN_440,PF_P4D_NEG_STAND_G003_V02,,PF_P4D_NEG_STAND_G003,NEW_SCREEN,V3_SCREEN,/home/yanbo/net_vlm_person_fallen_v2_optimization/08_p4d_new_hard_negative_dev_revision/02_generation/gr3_fullregen/06_execution/quota_campaign_window_01_authorized_20260830_05/08_final/PF_P4D_NEG_STAND_G003_V02.png,b54a3504508a49e81ae9d0d9b35784acf97673496d0e93d09e8b35cbf8cf9937,FAST_CLOSE_EXPECTED_AND_ACTUAL,/home/yanbo/下载/batches/batch_person-fallen-v2-p4d-hardneg-rev1-camera1p5m/prompts/PF_P4D_NEG_STAND_G003_V02.txt,3fe8e8dada359145a819d1f7d607b19921b1123939a266fe1815995953d3b8f0,standing_walking,ordinary_negative,negative,negative,ordinary_negative,P4D_FAST_CLOSE_PROVENANCE_MECHANICAL_LINEAGE_PASS,PROMPT_DERIVED_SYNTHETIC_GT,FROZEN_GENERATION_PROMPT_AND_PLANNED_ROLE,false,true
PFV4_SCREEN_0074,normal_negative,NO_ALERT_NORMAL_POSE,FROZEN_LEGAL_V3_SPLIT_PRESERVED_WITHOUT_GT_REWRITE,P4D_PLAN::PF_P4D_NEG_STAND_G003_V03,P4D_FROZEN_PLAN_440,PF_P4D_NEG_STAND_G003_V03,,PF_P4D_NEG_STAND_G003,NEW_SCREEN,V3_SCREEN,/home/yanbo/net_vlm_person_fallen_v2_optimization/08_p4d_new_hard_negative_dev_revision/02_generation/gr3_fullregen/06_execution/quota_campaign_window_01_authorized_20260830_05/08_final/PF_P4D_NEG_STAND_G003_V03.png,cae4fe15440e43003bab4423bf43209de42e40d1d306a8138857c6c2f8752c8f,FAST_CLOSE_EXPECTED_AND_ACTUAL,/home/yanbo/下载/batches/batch_person-fallen-v2-p4d-hardneg-rev1-camera1p5m/prompts/PF_P4D_NEG_STAND_G003_V03.txt,e2b2ef7fca5d1304d6b49eba059e2fe2421445848f1ccd96bd0f484c8d53b630,standing_walking,ordinary_negative,negative,negative,ordinary_negative,P4D_FAST_CLOSE_PROVENANCE_MECHANICAL_LINEAGE_PASS,PROMPT_DERIVED_SYNTHETIC_GT,FROZEN_GENERATION_PROMPT_AND_PLANNED_ROLE,false,true
PFV4_SCREEN_0075,normal_negative,NO_ALERT_NORMAL_POSE,FROZEN_LEGAL_V3_SPLIT_PRESERVED_WITHOUT_GT_REWRITE,P4D_PLAN::PF_P4D_NEG_STAND_G003_V04,P4D_FROZEN_PLAN_440,PF_P4D_NEG_STAND_G003_V04,,PF_P4D_NEG_STAND_G003,NEW_SCREEN,V3_SCREEN,/home/yanbo/net_vlm_person_fallen_v2_optimization/08_p4d_new_hard_negative_dev_revision/02_generation/gr3_fullregen/06_execution/quota_campaign_window_01_authorized_20260830_05/08_final/PF_P4D_NEG_STAND_G003_V04.png,73bbf09724dd17872b93fb98553ba7b8d61b01f70f3c4797cc8715b062d8f70d,FAST_CLOSE_EXPECTED_AND_ACTUAL,/home/yanbo/下载/batches/batch_person-fallen-v2-p4d-hardneg-rev1-camera1p5m/prompts/PF_P4D_NEG_STAND_G003_V04.txt,ebd2fe3f586d6002e84e67518d1aa5dede5bc684966ab2fb8d921dffaa0f567b,standing_walking,ordinary_negative,negative,negative,ordinary_negative,P4D_FAST_CLOSE_PROVENANCE_MECHANICAL_LINEAGE_PASS,PROMPT_DERIVED_SYNTHETIC_GT,FROZEN_GENERATION_PROMPT_AND_PLANNED_ROLE,false,true
PFV4_SCREEN_0076,normal_negative,NO_ALERT_NORMAL_POSE,FROZEN_LEGAL_V3_SPLIT_PRESERVED_WITHOUT_GT_REWRITE,P4D_PLAN::PF_P4D_NEG_STAND_G003_V05,P4D_FROZEN_PLAN_440,PF_P4D_NEG_STAND_G003_V05,,PF_P4D_NEG_STAND_G003,NEW_SCREEN,V3_SCREEN,/home/yanbo/net_vlm_person_fallen_v2_optimization/08_p4d_new_hard_negative_dev_revision/02_generation/gr3_fullregen/06_execution/quota_campaign_window_01_authorized_20260830_05/08_final/PF_P4D_NEG_STAND_G003_V05.png,3d7fa4d17bb6ef2dc979a3cb49bfae426866742aad5d07abad972c09a09da04c,FAST_CLOSE_EXPECTED_AND_ACTUAL,/home/yanbo/下载/batches/batch_person-fallen-v2-p4d-hardneg-rev1-camera1p5m/prompts/PF_P4D_NEG_STAND_G003_V05.txt,8cb7d6bee672433d6665c47a11d30c94441ecafe3d64b00bd9bdaa7077e86532,standing_walking,ordinary_negative,negative,negative,ordinary_negative,P4D_FAST_CLOSE_PROVENANCE_MECHANICAL_LINEAGE_PASS,PROMPT_DERIVED_SYNTHETIC_GT,FROZEN_GENERATION_PROMPT_AND_PLANNED_ROLE,false,true
