media_id,image_path,image_sha256,event_label,sample_role,scenario_id,group_id,original_split,p2_internal_role,source_type,taxonomy,baseline_predicted_status,baseline_evidence,baseline_is_fp,prompt_path,possible_GT_boundary_review_needed
IMG_003712,/home/yanbo/下载/batches/batch_person-fallen-v2-camera1p5m/final/311_h02-sitting-on-floor-01.png,a08dc0677c5f0c67aecd4897fe8c39f6112c2732b2182b3d889b03b5a98b617d,0,hard_negative,pf_v2_aigc_h02-sitting-on-floor,pf_v2_aigc_h02-sitting-on-floor,DEV,P2_DESIGN,ai_generated,sitting_on_floor,negative,"The person is sitting on the floor with legs extended, maintaining a seated posture, not lying or collapsed.",false,/home/yanbo/下载/batches/batch_person-fallen-v2-camera1p5m/prompts/311_h02-sitting-on-floor-01.txt,false
IMG_003713,/home/yanbo/下载/batches/batch_person-fallen-v2-camera1p5m/final/312_h02-sitting-on-floor-02.png,74c096570ad1109e55ec956d25c76b0c3fe1a9dc51eef03da1642c07d7a765b9,0,hard_negative,pf_v2_aigc_h02-sitting-on-floor,pf_v2_aigc_h02-sitting-on-floor,DEV,P2_DESIGN,ai_generated,sitting_on_floor,negative,"person is sitting on the floor in a cross-legged posture, not lying or collapsed.",false,/home/yanbo/下载/batches/batch_person-fallen-v2-camera1p5m/prompts/312_h02-sitting-on-floor-02.txt,false
IMG_003714,/home/yanbo/下载/batches/batch_person-fallen-v2-camera1p5m/final/313_h02-sitting-on-floor-03.png,26e8e9b1f421aeada92548231e0b832e6d0554ffe2dab403516c7c7a2df75a5c,0,hard_negative,pf_v2_aigc_h02-sitting-on-floor,pf_v2_aigc_h02-sitting-on-floor,DEV,P2_DESIGN,ai_generated,sitting_on_floor,negative,"person is sitting upright on the floor with legs extended, maintaining a seated posture, not lying or collapsed.",false,/home/yanbo/下载/batches/batch_person-fallen-v2-camera1p5m/prompts/313_h02-sitting-on-floor-03.txt,false
IMG_003715,/home/yanbo/下载/batches/batch_person-fallen-v2-camera1p5m/final/314_h02-sitting-on-floor-04.png,da3050615af0f957ee851f59d0ba1728110d72e2ce5799555015baa71545303d,0,hard_negative,pf_v2_aigc_h02-sitting-on-floor,pf_v2_aigc_h02-sitting-on-floor,DEV,P2_DESIGN,ai_generated,sitting_on_floor,negative,"The person is sitting on the floor in a seated posture, not lying down or collapsed.",false,/home/yanbo/下载/batches/batch_person-fallen-v2-camera1p5m/prompts/314_h02-sitting-on-floor-04.txt,false
IMG_003716,/home/yanbo/下载/batches/batch_person-fallen-v2-camera1p5m/final/315_h02-sitting-on-floor-05.png,de763ff98de5ee15d2e08431d68de418de7ea91184c26b17329924d58a43cfea,0,hard_negative,pf_v2_aigc_h02-sitting-on-floor,pf_v2_aigc_h02-sitting-on-floor,DEV,P2_DESIGN,ai_generated,sitting_on_floor,negative,"person is sitting on the floor in a seated posture, not lying or collapsed.",false,/home/yanbo/下载/batches/batch_person-fallen-v2-camera1p5m/prompts/315_h02-sitting-on-floor-05.txt,false
IMG_003717,/home/yanbo/下载/batches/batch_person-fallen-v2-camera1p5m/final/316_h02-sitting-on-floor-06.png,51defa65e8ab2e4ac0e0b5d0903a50bd79b93ab562f59ceac93d10e35c3d7026,0,hard_negative,pf_v2_aigc_h02-sitting-on-floor,pf_v2_aigc_h02-sitting-on-floor,DEV,P2_DESIGN,ai_generated,sitting_on_floor,negative,"The person is sitting on the floor in a seated posture, not lying, prone, or collapsed.",false,/home/yanbo/下载/batches/batch_person-fallen-v2-camera1p5m/prompts/316_h02-sitting-on-floor-06.txt,false
IMG_003718,/home/yanbo/下载/batches/batch_person-fallen-v2-camera1p5m/final/317_h02-sitting-on-floor-07.png,a492fa3a45b44a5055130be2502affe0940bb028630d22086170baa7a9120e9c,0,hard_negative,pf_v2_aigc_h02-sitting-on-floor,pf_v2_aigc_h02-sitting-on-floor,DEV,P2_DESIGN,ai_generated,sitting_on_floor,negative,"The person is sitting on the floor in a seated posture, not lying down or collapsed.",false,/home/yanbo/下载/batches/batch_person-fallen-v2-camera1p5m/prompts/317_h02-sitting-on-floor-07.txt,false
IMG_003719,/home/yanbo/下载/batches/batch_person-fallen-v2-camera1p5m/final/318_h02-sitting-on-floor-08.png,47c966c7e3000e227ea832590ab7f537270c4f411e1e5f9090b91012315ee2f3,0,hard_negative,pf_v2_aigc_h02-sitting-on-floor,pf_v2_aigc_h02-sitting-on-floor,DEV,P2_DESIGN,ai_generated,sitting_on_floor,positive,"A person is clearly lying on their back on the floor in a collapsed/lying state, supported by the ground surface.",true,/home/yanbo/下载/batches/batch_person-fallen-v2-camera1p5m/prompts/318_h02-sitting-on-floor-08.txt,false
IMG_003720,/home/yanbo/下载/batches/batch_person-fallen-v2-camera1p5m/final/319_h02-sitting-on-floor-09.png,535a93d41730af7911e98c7078fc4d470a277fdd4048c6e80cb57ed8e7db3439,0,hard_negative,pf_v2_aigc_h02-sitting-on-floor,pf_v2_aigc_h02-sitting-on-floor,DEV,P2_DESIGN,ai_generated,sitting_on_floor,negative,"person is sitting upright on the floor, not lying or collapsed",false,/home/yanbo/下载/batches/batch_person-fallen-v2-camera1p5m/prompts/319_h02-sitting-on-floor-09.txt,false
IMG_003721,/home/yanbo/下载/batches/batch_person-fallen-v2-camera1p5m/final/320_h02-sitting-on-floor-10.png,87f2d821c7096f9fb25574f6272bb3ccd52ae160cf83b591930e5b2ea4bc6b99,0,hard_negative,pf_v2_aigc_h02-sitting-on-floor,pf_v2_aigc_h02-sitting-on-floor,DEV,P2_DESIGN,ai_generated,sitting_on_floor,positive,person is lying on the floor in a side-lying/collapsed posture with substantial body weight supported by the ground.,true,/home/yanbo/下载/batches/batch_person-fallen-v2-camera1p5m/prompts/320_h02-sitting-on-floor-10.txt,false
IMG_003722,/home/yanbo/下载/batches/batch_person-fallen-v2-camera1p5m/final/321_h03-kneeling-01.png,8abaec058bf120acbbc5434c306d186beb4b4ab37623f024a025f10b349d0950,0,hard_negative,pf_v2_aigc_h03-kneeling,pf_v2_aigc_h03-kneeling,DEV,P2_DESIGN,ai_generated,kneeling_or_half_kneeling,negative,"The person is kneeling on one knee while working on machinery, not lying or collapsed on the floor.",false,/home/yanbo/下载/batches/batch_person-fallen-v2-camera1p5m/prompts/321_h03-kneeling-01.txt,false
IMG_003723,/home/yanbo/下载/batches/batch_person-fallen-v2-camera1p5m/final/322_h03-kneeling-02.png,bbf2f9c60794f8bc935d2c5b0b8b4f103c4e98e20d82758d877739c54216a75c,0,hard_negative,pf_v2_aigc_h03-kneeling,pf_v2_aigc_h03-kneeling,DEV,P2_DESIGN,ai_generated,kneeling_or_half_kneeling,negative,"The person is kneeling on one knee, not lying or collapsed on the floor.",false,/home/yanbo/下载/batches/batch_person-fallen-v2-camera1p5m/prompts/322_h03-kneeling-02.txt,false
IMG_003724,/home/yanbo/下载/batches/batch_person-fallen-v2-camera1p5m/final/323_h03-kneeling-03.png,571f202fd7c667dc9f715fafd3e988e9d01f736b0771132dffa4771b057e7be2,0,hard_negative,pf_v2_aigc_h03-kneeling,pf_v2_aigc_h03-kneeling,DEV,P2_DESIGN,ai_generated,kneeling_or_half_kneeling,negative,"person is kneeling on the floor, not lying or collapsed",false,/home/yanbo/下载/batches/batch_person-fallen-v2-camera1p5m/prompts/323_h03-kneeling-03.txt,false
IMG_003725,/home/yanbo/下载/batches/batch_person-fallen-v2-camera1p5m/final/324_h03-kneeling-04.png,16392ce139623dcead3dc9e6c9c492a2b1dc95c6b12bbdf467e79045a5b6473b,0,hard_negative,pf_v2_aigc_h03-kneeling,pf_v2_aigc_h03-kneeling,DEV,P2_DESIGN,ai_generated,kneeling_or_half_kneeling,negative,"The person is kneeling on the floor, not lying down or horizontally collapsed.",false,/home/yanbo/下载/batches/batch_person-fallen-v2-camera1p5m/prompts/324_h03-kneeling-04.txt,false
IMG_003726,/home/yanbo/下载/batches/batch_person-fallen-v2-camera1p5m/final/325_h03-kneeling-05.png,0c2c8ab08df945d01ae69aea7d9c57f73a9db4e3c88a362ea2e0216b2a433e06,0,hard_negative,pf_v2_aigc_h03-kneeling,pf_v2_aigc_h03-kneeling,DEV,P2_DESIGN,ai_generated,kneeling_or_half_kneeling,negative,"The person is kneeling on the floor, not lying, prone, supine, side-lying, horizontally collapsed, or curled in a lying state.",false,/home/yanbo/下载/batches/batch_person-fallen-v2-camera1p5m/prompts/325_h03-kneeling-05.txt,false
IMG_003727,/home/yanbo/下载/batches/batch_person-fallen-v2-camera1p5m/final/326_h03-kneeling-06.png,32aebc215aa35c65df2b994cf493dc70b1234b21fcf72caa58f454761fd3d3d8,0,hard_negative,pf_v2_aigc_h03-kneeling,pf_v2_aigc_h03-kneeling,DEV,P2_DESIGN,ai_generated,kneeling_or_half_kneeling,negative,"The person is kneeling on the floor, not lying down or collapsed.",false,/home/yanbo/下载/batches/batch_person-fallen-v2-camera1p5m/prompts/326_h03-kneeling-06.txt,false
IMG_003728,/home/yanbo/下载/batches/batch_person-fallen-v2-camera1p5m/final/327_h03-kneeling-07.png,59c6841fe35ddf9c5c53fa57c3908516e081068c1c9272b3beadbc2375a14b42,0,hard_negative,pf_v2_aigc_h03-kneeling,pf_v2_aigc_h03-kneeling,DEV,P2_DESIGN,ai_generated,kneeling_or_half_kneeling,negative,"The person is kneeling on the floor, not lying down or horizontally collapsed.",false,/home/yanbo/下载/batches/batch_person-fallen-v2-camera1p5m/prompts/327_h03-kneeling-07.txt,false
IMG_003729,/home/yanbo/下载/batches/batch_person-fallen-v2-camera1p5m/final/328_h03-kneeling-08.png,5ffddfb69084de8140cc48c025565813a115bdcb4ab7f3795a3edef67341cb2e,0,hard_negative,pf_v2_aigc_h03-kneeling,pf_v2_aigc_h03-kneeling,DEV,P2_DESIGN,ai_generated,kneeling_or_half_kneeling,positive,person is lying face-down on the floor with a substantial part of the body supported by the ground surface.,true,/home/yanbo/下载/batches/batch_person-fallen-v2-camera1p5m/prompts/328_h03-kneeling-08.txt,false
IMG_003730,/home/yanbo/下载/batches/batch_person-fallen-v2-camera1p5m/final/329_h03-kneeling-09.png,5edf07d26c5eb6d7cae80f2a262e808ea87dbfb5f683430326b265e8a2028eb6,0,hard_negative,pf_v2_aigc_h03-kneeling,pf_v2_aigc_h03-kneeling,DEV,P2_DESIGN,ai_generated,kneeling_or_half_kneeling,negative,"The person is kneeling on the ground, not lying, prone, or horizontally collapsed. This posture does not satisfy the positive definition for 'person_fallen'.",false,/home/yanbo/下载/batches/batch_person-fallen-v2-camera1p5m/prompts/329_h03-kneeling-09.txt,false
IMG_003731,/home/yanbo/下载/batches/batch_person-fallen-v2-camera1p5m/final/330_h03-kneeling-10.png,2945077368eabff86b0a88694c309b66a40b7b4224c9ade8d5cf2056b3e0fd12,0,hard_negative,pf_v2_aigc_h03-kneeling,pf_v2_aigc_h03-kneeling,DEV,P2_DESIGN,ai_generated,kneeling_or_half_kneeling,negative,"The person is kneeling on one knee, not lying or collapsed on the floor.",false,/home/yanbo/下载/batches/batch_person-fallen-v2-camera1p5m/prompts/330_h03-kneeling-10.txt,false
IMG_003732,/home/yanbo/下载/batches/batch_person-fallen-v2-camera1p5m/final/331_h04-kneeling-01.png,5c88c36cb9519b09e448c3487508aa73ed4bd2a763f46680bf9322017a3df9e0,0,hard_negative,pf_v2_aigc_h04-kneeling,pf_v2_aigc_h04-kneeling,DEV,P2_DESIGN,ai_generated,kneeling_or_half_kneeling,negative,"The person is kneeling on the floor, not lying down or collapsed.",false,/home/yanbo/下载/batches/batch_person-fallen-v2-camera1p5m/prompts/331_h04-kneeling-01.txt,false
IMG_003733,/home/yanbo/下载/batches/batch_person-fallen-v2-camera1p5m/final/332_h04-kneeling-02.png,1a97fb68f1b7856a23da903b44dd63534a8c2936bf4554b90da171c6d99128ed,0,hard_negative,pf_v2_aigc_h04-kneeling,pf_v2_aigc_h04-kneeling,DEV,P2_DESIGN,ai_generated,kneeling_or_half_kneeling,negative,"The person is kneeling on the floor, not lying down or horizontally collapsed.",false,/home/yanbo/下载/batches/batch_person-fallen-v2-camera1p5m/prompts/332_h04-kneeling-02.txt,false
IMG_003734,/home/yanbo/下载/batches/batch_person-fallen-v2-camera1p5m/final/333_h04-kneeling-03.png,fb291c9e0e88809b9c1bbf3023a4e133b56f9db057cd1b019396c800187c6d46,0,hard_negative,pf_v2_aigc_h04-kneeling,pf_v2_aigc_h04-kneeling,DEV,P2_DESIGN,ai_generated,kneeling_or_half_kneeling,negative,"The person is kneeling on the floor, not lying down or horizontally collapsed.",false,/home/yanbo/下载/batches/batch_person-fallen-v2-camera1p5m/prompts/333_h04-kneeling-03.txt,false
IMG_003735,/home/yanbo/下载/batches/batch_person-fallen-v2-camera1p5m/final/334_h04-kneeling-04.png,81dc5bb723c3ef2385587823a37b33ea00c313aa9142416f4225c1f7bd9cc780,0,hard_negative,pf_v2_aigc_h04-kneeling,pf_v2_aigc_h04-kneeling,DEV,P2_DESIGN,ai_generated,kneeling_or_half_kneeling,negative,"The person is kneeling on the floor, not lying down or collapsed.",false,/home/yanbo/下载/batches/batch_person-fallen-v2-camera1p5m/prompts/334_h04-kneeling-04.txt,false
IMG_003736,/home/yanbo/下载/batches/batch_person-fallen-v2-camera1p5m/final/335_h04-kneeling-05.png,a5f49b6be5465bc6bc6b528ff6582663251262079bbf4ef39c09f8f94af1fd6a,0,hard_negative,pf_v2_aigc_h04-kneeling,pf_v2_aigc_h04-kneeling,DEV,P2_DESIGN,ai_generated,kneeling_or_half_kneeling,negative,"The person is sitting on the floor in a kneeling or half-kneeling posture, not lying down. They are maintaining a seated position while interacting with objects on the floor.",false,/home/yanbo/下载/batches/batch_person-fallen-v2-camera1p5m/prompts/335_h04-kneeling-05.txt,false
IMG_003737,/home/yanbo/下载/batches/batch_person-fallen-v2-camera1p5m/final/336_h04-kneeling-06.png,a34dc5ac505694fb09bf451aa1f857cb16f576943981e81bbde97849691e2244,0,hard_negative,pf_v2_aigc_h04-kneeling,pf_v2_aigc_h04-kneeling,DEV,P2_DESIGN,ai_generated,kneeling_or_half_kneeling,negative,"The person is kneeling on the floor, not lying down or collapsed.",false,/home/yanbo/下载/batches/batch_person-fallen-v2-camera1p5m/prompts/336_h04-kneeling-06.txt,false
IMG_003738,/home/yanbo/下载/batches/batch_person-fallen-v2-camera1p5m/final/337_h04-kneeling-07.png,cf0fab739e5b2dba3b00eaabca7a446d0681ad5c6c05a8dbb6b0d7c28861bfcd,0,hard_negative,pf_v2_aigc_h04-kneeling,pf_v2_aigc_h04-kneeling,DEV,P2_DESIGN,ai_generated,kneeling_or_half_kneeling,negative,"The person is kneeling on the floor, not lying down or horizontally collapsed.",false,/home/yanbo/下载/batches/batch_person-fallen-v2-camera1p5m/prompts/337_h04-kneeling-07.txt,false
IMG_003739,/home/yanbo/下载/batches/batch_person-fallen-v2-camera1p5m/final/338_h04-kneeling-08.png,c8cb3323d15195f6ab37a8612bda59fe1b5c5709447488b249b6ad10f803b39d,0,hard_negative,pf_v2_aigc_h04-kneeling,pf_v2_aigc_h04-kneeling,DEV,P2_DESIGN,ai_generated,kneeling_or_half_kneeling,positive,"A person is clearly lying horizontally on the floor in a collapsed or prone position, supported by the ground surface.",true,/home/yanbo/下载/batches/batch_person-fallen-v2-camera1p5m/prompts/338_h04-kneeling-08.txt,false
IMG_003740,/home/yanbo/下载/batches/batch_person-fallen-v2-camera1p5m/final/339_h04-kneeling-09.png,95ef71cca5f36a01b13631fe23712631906745bb360b3232c4788152083d3e8e,0,hard_negative,pf_v2_aigc_h04-kneeling,pf_v2_aigc_h04-kneeling,DEV,P2_DESIGN,ai_generated,kneeling_or_half_kneeling,negative,"The person is kneeling on the ground, not lying down or in a collapsed state.",false,/home/yanbo/下载/batches/batch_person-fallen-v2-camera1p5m/prompts/339_h04-kneeling-09.txt,false
IMG_003741,/home/yanbo/下载/batches/batch_person-fallen-v2-camera1p5m/final/340_h04-kneeling-10.png,0fd7a8679875274d283899f60951ec8bbfb07d48c512677d4326f8c28f1490dd,0,hard_negative,pf_v2_aigc_h04-kneeling,pf_v2_aigc_h04-kneeling,DEV,P2_DESIGN,ai_generated,kneeling_or_half_kneeling,negative,"The person is kneeling on the floor, not lying down or in a collapsed state.",false,/home/yanbo/下载/batches/batch_person-fallen-v2-camera1p5m/prompts/340_h04-kneeling-10.txt,false
IMG_003742,/home/yanbo/下载/batches/batch_person-fallen-v2-camera1p5m/final/341_h05-squatting-01.png,c9a1818d75502dd3d49f09aec32fd72a5c3d4f4753628f8e446bd05431687831,0,hard_negative,pf_v2_aigc_h05-squatting,pf_v2_aigc_h05-squatting,DEV,P2_DESIGN,ai_generated,squatting_or_crouching,negative,"The person is kneeling on the floor, not lying down or collapsed.",false,/home/yanbo/下载/batches/batch_person-fallen-v2-camera1p5m/prompts/341_h05-squatting-01.txt,false
IMG_003743,/home/yanbo/下载/batches/batch_person-fallen-v2-camera1p5m/final/342_h05-squatting-02.png,c01f918d19a67837bd2ac6ffef2744eda19c79753cb42a35e8813f6607eed406,0,hard_negative,pf_v2_aigc_h05-squatting,pf_v2_aigc_h05-squatting,DEV,P2_DESIGN,ai_generated,squatting_or_crouching,negative,"The person is squatting and reaching for an item on a shelf; they are not lying, prone, or horizontally collapsed on the floor.",false,/home/yanbo/下载/batches/batch_person-fallen-v2-camera1p5m/prompts/342_h05-squatting-02.txt,false
IMG_003744,/home/yanbo/下载/batches/batch_person-fallen-v2-camera1p5m/final/343_h05-squatting-03.png,1ed23067edcea8314d40a89b2f0099b09a4158392f566ffda462ffbf94f69dec,0,hard_negative,pf_v2_aigc_h05-squatting,pf_v2_aigc_h05-squatting,DEV,P2_DESIGN,ai_generated,squatting_or_crouching,negative,"The person is in a squatting or kneeling posture, not lying, prone, or horizontally collapsed on the floor.",false,/home/yanbo/下载/batches/batch_person-fallen-v2-camera1p5m/prompts/343_h05-squatting-03.txt,false
IMG_003745,/home/yanbo/下载/batches/batch_person-fallen-v2-camera1p5m/final/344_h05-squatting-04.png,ea21f40aae14122b6aad0d2b26e191b6a5831ee2cfd5243299715cfeceda9682,0,hard_negative,pf_v2_aigc_h05-squatting,pf_v2_aigc_h05-squatting,DEV,P2_DESIGN,ai_generated,squatting_or_crouching,negative,"The person is clearly in a squatting or kneeling posture, not lying down or horizontally collapsed on the floor.",false,/home/yanbo/下载/batches/batch_person-fallen-v2-camera1p5m/prompts/344_h05-squatting-04.txt,false
IMG_003746,/home/yanbo/下载/batches/batch_person-fallen-v2-camera1p5m/final/345_h05-squatting-05.png,1e4dc4cdacc66d3065bdf94b0485b2471346e343c932d4b151577c9ce4914840,0,hard_negative,pf_v2_aigc_h05-squatting,pf_v2_aigc_h05-squatting,DEV,P2_DESIGN,ai_generated,squatting_or_crouching,negative,"The person is sitting on the floor, not lying down or collapsed.",false,/home/yanbo/下载/batches/batch_person-fallen-v2-camera1p5m/prompts/345_h05-squatting-05.txt,false
IMG_003747,/home/yanbo/下载/batches/batch_person-fallen-v2-camera1p5m/final/346_h05-squatting-06.png,ebc7a165a2f361248ae7b5da7d777e9a8cefcac5782919f245795395f5e4dad4,0,hard_negative,pf_v2_aigc_h05-squatting,pf_v2_aigc_h05-squatting,DEV,P2_DESIGN,ai_generated,squatting_or_crouching,negative,"The person is squatting on the floor, not lying, prone, or horizontally collapsed.",false,/home/yanbo/下载/batches/batch_person-fallen-v2-camera1p5m/prompts/346_h05-squatting-06.txt,false
IMG_003748,/home/yanbo/下载/batches/batch_person-fallen-v2-camera1p5m/final/347_h05-squatting-07.png,f7ed8f5d26dcd88e619f034c2433fcc5e45099454abf424c90e0f40b041529f1,0,hard_negative,pf_v2_aigc_h05-squatting,pf_v2_aigc_h05-squatting,DEV,P2_DESIGN,ai_generated,squatting_or_crouching,negative,"The person is kneeling on the floor, not lying down or collapsed.",false,/home/yanbo/下载/batches/batch_person-fallen-v2-camera1p5m/prompts/347_h05-squatting-07.txt,false
IMG_003749,/home/yanbo/下载/batches/batch_person-fallen-v2-camera1p5m/final/348_h05-squatting-08.png,57fb50e97101ae1cda04436212fb0824c636fe0e3c9191df396359df86b78885,0,hard_negative,pf_v2_aigc_h05-squatting,pf_v2_aigc_h05-squatting,DEV,P2_DESIGN,ai_generated,squatting_or_crouching,negative,"The person is kneeling on the floor, not lying down or collapsed.",false,/home/yanbo/下载/batches/batch_person-fallen-v2-camera1p5m/prompts/348_h05-squatting-08.txt,false
IMG_003750,/home/yanbo/下载/batches/batch_person-fallen-v2-camera1p5m/final/349_h05-squatting-09.png,1d65e08d16ef340f6405ccb60f352ea7050ebc21d5a07c0596a4300c3832ec60,0,hard_negative,pf_v2_aigc_h05-squatting,pf_v2_aigc_h05-squatting,DEV,P2_DESIGN,ai_generated,squatting_or_crouching,positive,"person is curled up on the floor with substantial body supported by the ground, consistent with a lying/collapsed state.",true,/home/yanbo/下载/batches/batch_person-fallen-v2-camera1p5m/prompts/349_h05-squatting-09.txt,false
IMG_003751,/home/yanbo/下载/batches/batch_person-fallen-v2-camera1p5m/final/350_h05-squatting-10.png,96b35071dbdb8c08a0b6cdcea3b29254263c2e8f23bc580f16a05affdaef1cb4,0,hard_negative,pf_v2_aigc_h05-squatting,pf_v2_aigc_h05-squatting,DEV,P2_DESIGN,ai_generated,squatting_or_crouching,negative,"The person in the foreground is kneeling on the floor, not lying down. The person in the background is standing. No one is lying or horizontally collapsed on the floor.",false,/home/yanbo/下载/batches/batch_person-fallen-v2-camera1p5m/prompts/350_h05-squatting-10.txt,false
IMG_003762,/home/yanbo/下载/batches/batch_person-fallen-v2-camera1p5m/final/361_h07-deep-bending-picking-up-items-01.png,3cd2d69225587134247c61e84a90055f9263867f885b60900d79f8b8694c91d7,0,hard_negative,pf_v2_aigc_h07-deep-bending-picking-up-items,pf_v2_aigc_h07-deep-bending-picking-up-items,DEV,P2_DESIGN,ai_generated,deep_bending_or_picking,negative,"The person is bending over, reaching toward the floor, but is clearly in a standing/squatting posture with legs supporting their weight. They are not lying, prone, or horizontally collapsed on the ground.",false,/home/yanbo/下载/batches/batch_person-fallen-v2-camera1p5m/prompts/361_h07-deep-bending-picking-up-items-01.txt,false
IMG_003763,/home/yanbo/下载/batches/batch_person-fallen-v2-camera1p5m/final/362_h07-deep-bending-picking-up-items-02.png,7bf20fa13e69139b8874c930ee245517752c005e62842c8cf2cfcef474aec026,0,hard_negative,pf_v2_aigc_h07-deep-bending-picking-up-items,pf_v2_aigc_h07-deep-bending-picking-up-items,DEV,P2_DESIGN,ai_generated,deep_bending_or_picking,negative,"The person is bending over to pick something up from the floor, maintaining an upright torso and supported by legs. This posture does not meet the definition of lying, prone, supine, side-lying, horizontally collapsed, or curled in a lying state.",false,/home/yanbo/下载/batches/batch_person-fallen-v2-camera1p5m/prompts/362_h07-deep-bending-picking-up-items-02.txt,false
IMG_003764,/home/yanbo/下载/batches/batch_person-fallen-v2-camera1p5m/final/363_h07-deep-bending-picking-up-items-03.png,4e2129d39ced0b8e46b950449cd4ad48a5fa5bfc7391129916c226441a2ef9de,0,hard_negative,pf_v2_aigc_h07-deep-bending-picking-up-items,pf_v2_aigc_h07-deep-bending-picking-up-items,DEV,P2_DESIGN,ai_generated,deep_bending_or_picking,negative,"person is squatting or bending over, not lying or collapsed on the floor.",false,/home/yanbo/下载/batches/batch_person-fallen-v2-camera1p5m/prompts/363_h07-deep-bending-picking-up-items-03.txt,false
IMG_003765,/home/yanbo/下载/batches/batch_person-fallen-v2-camera1p5m/final/364_h07-deep-bending-picking-up-items-04.png,73297f5338a958b2cbfb7d2852f21215f4f3c2796efdd1c0d411aca59420b63c,0,hard_negative,pf_v2_aigc_h07-deep-bending-picking-up-items,pf_v2_aigc_h07-deep-bending-picking-up-items,DEV,P2_DESIGN,ai_generated,deep_bending_or_picking,negative,"The person is bending over, reaching towards the floor, but is clearly standing and supported by their legs. They are not lying, prone, or horizontally collapsed.",false,/home/yanbo/下载/batches/batch_person-fallen-v2-camera1p5m/prompts/364_h07-deep-bending-picking-up-items-04.txt,false
IMG_003766,/home/yanbo/下载/batches/batch_person-fallen-v2-camera1p5m/final/365_h07-deep-bending-picking-up-items-05.png,bc4efb01b55985b35af985f38408d386d11cfd7fd11f6a739d781c11df2a5519,0,hard_negative,pf_v2_aigc_h07-deep-bending-picking-up-items,pf_v2_aigc_h07-deep-bending-picking-up-items,DEV,P2_DESIGN,ai_generated,deep_bending_or_picking,negative,"The person is bending over and picking up an object from the floor, maintaining an upright posture with legs extended. This is classified as 'bending over' or 'picking something up', which falls under the NEGATIVE category.",false,/home/yanbo/下载/batches/batch_person-fallen-v2-camera1p5m/prompts/365_h07-deep-bending-picking-up-items-05.txt,false
IMG_003767,/home/yanbo/下载/batches/batch_person-fallen-v2-camera1p5m/final/366_h07-deep-bending-picking-up-items-06.png,831c2c6bfb1688043d0446b34aafb679bf35a3f31111dcd322a6256278fdef1d,0,hard_negative,pf_v2_aigc_h07-deep-bending-picking-up-items,pf_v2_aigc_h07-deep-bending-picking-up-items,DEV,P2_DESIGN,ai_generated,deep_bending_or_picking,negative,"The person is bending over at the waist, reaching down towards the floor, but is clearly standing upright on their feet. They are not lying, prone, or horizontally collapsed.",false,/home/yanbo/下载/batches/batch_person-fallen-v2-camera1p5m/prompts/366_h07-deep-bending-picking-up-items-06.txt,false
IMG_003768,/home/yanbo/下载/batches/batch_person-fallen-v2-camera1p5m/final/367_h07-deep-bending-picking-up-items-07.png,79425afdceda6470c49498d375bdeb97e3b0ec24b6a4362771a0071f0c98f474,0,hard_negative,pf_v2_aigc_h07-deep-bending-picking-up-items,pf_v2_aigc_h07-deep-bending-picking-up-items,DEV,P2_DESIGN,ai_generated,deep_bending_or_picking,negative,"The person is bending over at the waist, reaching towards the floor, but is clearly standing upright with legs apart. This posture is consistent with squatting or bending, not lying or being fallen.",false,/home/yanbo/下载/batches/batch_person-fallen-v2-camera1p5m/prompts/367_h07-deep-bending-picking-up-items-07.txt,false
IMG_003769,/home/yanbo/下载/batches/batch_person-fallen-v2-camera1p5m/final/368_h07-deep-bending-picking-up-items-08.png,eb3a93d5001918d6667baef0276e5a9ab6386e2d4e3a911e3bfb5b11e7990f18,0,hard_negative,pf_v2_aigc_h07-deep-bending-picking-up-items,pf_v2_aigc_h07-deep-bending-picking-up-items,DEV,P2_DESIGN,ai_generated,deep_bending_or_picking,negative,"The person is bending over, likely picking something up or performing ground maintenance, but is not lying, prone, or horizontally collapsed on the floor.",false,/home/yanbo/下载/batches/batch_person-fallen-v2-camera1p5m/prompts/368_h07-deep-bending-picking-up-items-08.txt,false
IMG_003770,/home/yanbo/下载/batches/batch_person-fallen-v2-camera1p5m/final/369_h07-deep-bending-picking-up-items-09.png,31e8875b4138b283db834f0e157c46911c3afc0b6a3e61e4dade64dc5ae0b9dd,0,hard_negative,pf_v2_aigc_h07-deep-bending-picking-up-items,pf_v2_aigc_h07-deep-bending-picking-up-items,DEV,P2_DESIGN,ai_generated,deep_bending_or_picking,negative,"The person is bending over at the waist, reaching toward the ground, but is clearly standing upright with legs extended and torso vertical. This posture does not meet the definition of lying, prone, supine, side-lying, horizontally collapsed, or curled in a lying state.",false,/home/yanbo/下载/batches/batch_person-fallen-v2-camera1p5m/prompts/369_h07-deep-bending-picking-up-items-09.txt,false
IMG_003771,/home/yanbo/下载/batches/batch_person-fallen-v2-camera1p5m/final/370_h07-deep-bending-picking-up-items-10.png,7972361e975c8ecd25f7e1913a677d6a3a4398700459712f51f483a610003079,0,hard_negative,pf_v2_aigc_h07-deep-bending-picking-up-items,pf_v2_aigc_h07-deep-bending-picking-up-items,DEV,P2_DESIGN,ai_generated,deep_bending_or_picking,negative,"The central person is bending over to pick something up from the floor, not lying down. The person on the left is standing. The person on the right is sitting on a sofa.",false,/home/yanbo/下载/batches/batch_person-fallen-v2-camera1p5m/prompts/370_h07-deep-bending-picking-up-items-10.txt,false
IMG_003772,/home/yanbo/下载/batches/batch_person-fallen-v2-camera1p5m/final/371_h08-deep-bending-picking-up-items-01.png,f04fb21225a9ff7f6c6452c2b9958413bffe162dafc13672883e5f8b88f90b19,0,hard_negative,pf_v2_aigc_h08-deep-bending-picking-up-items,pf_v2_aigc_h08-deep-bending-picking-up-items,DEV,P2_DESIGN,ai_generated,deep_bending_or_picking,negative,"The person is bending over and picking something up from the floor, not lying down or in a collapsed state.",false,/home/yanbo/下载/batches/batch_person-fallen-v2-camera1p5m/prompts/371_h08-deep-bending-picking-up-items-01.txt,false
IMG_003773,/home/yanbo/下载/batches/batch_person-fallen-v2-camera1p5m/final/372_h08-deep-bending-picking-up-items-02.png,4b1351f2a093e5e070086aba2464c9f523abb19afe101a9b27134d10c88311a2,0,hard_negative,pf_v2_aigc_h08-deep-bending-picking-up-items,pf_v2_aigc_h08-deep-bending-picking-up-items,DEV,P2_DESIGN,ai_generated,deep_bending_or_picking,negative,"The person is bending over and reaching for an object on the floor, maintaining an upright torso and supported by legs. This posture does not meet the definition of lying, prone, supine, side-lying, horizontally collapsed, or curled in a lying state.",false,/home/yanbo/下载/batches/batch_person-fallen-v2-camera1p5m/prompts/372_h08-deep-bending-picking-up-items-02.txt,false
IMG_003774,/home/yanbo/下载/batches/batch_person-fallen-v2-camera1p5m/final/373_h08-deep-bending-picking-up-items-03.png,21a12c82ab225ee00d3c587a42019afc9d9f89044201cc7d65d40a513e89779a,0,hard_negative,pf_v2_aigc_h08-deep-bending-picking-up-items,pf_v2_aigc_h08-deep-bending-picking-up-items,DEV,P2_DESIGN,ai_generated,deep_bending_or_picking,negative,"The person is bending over, reaching for an object on the floor. This posture is consistent with picking something up or performing ground maintenance, not lying, prone, or collapsed.",false,/home/yanbo/下载/batches/batch_person-fallen-v2-camera1p5m/prompts/373_h08-deep-bending-picking-up-items-03.txt,false
IMG_003775,/home/yanbo/下载/batches/batch_person-fallen-v2-camera1p5m/final/374_h08-deep-bending-picking-up-items-04.png,4af3beb43796a537b6d2a6b06b4cdee75b0dfaf302f41b74ac9c42815cb454d2,0,hard_negative,pf_v2_aigc_h08-deep-bending-picking-up-items,pf_v2_aigc_h08-deep-bending-picking-up-items,DEV,P2_DESIGN,ai_generated,deep_bending_or_picking,negative,"The person is bending over, picking something up from the floor. They are not lying, prone, supine, side-lying, horizontally collapsed, or curled in a lying state.",false,/home/yanbo/下载/batches/batch_person-fallen-v2-camera1p5m/prompts/374_h08-deep-bending-picking-up-items-04.txt,false
IMG_003776,/home/yanbo/下载/batches/batch_person-fallen-v2-camera1p5m/final/375_h08-deep-bending-picking-up-items-05.png,684d51921547237aa0163f511155f18a911860610defed850f7af3353bdd43a7,0,hard_negative,pf_v2_aigc_h08-deep-bending-picking-up-items,pf_v2_aigc_h08-deep-bending-picking-up-items,DEV,P2_DESIGN,ai_generated,deep_bending_or_picking,negative,"The person is bending over, likely picking something up from the floor, but is not lying, prone, or horizontally collapsed.",false,/home/yanbo/下载/batches/batch_person-fallen-v2-camera1p5m/prompts/375_h08-deep-bending-picking-up-items-05.txt,false
IMG_003777,/home/yanbo/下载/batches/batch_person-fallen-v2-camera1p5m/final/376_h08-deep-bending-picking-up-items-06.png,5ed852acfb613f62d806ae9387a129a8441078e95bf98a8681a85b2019d7c1ff,0,hard_negative,pf_v2_aigc_h08-deep-bending-picking-up-items,pf_v2_aigc_h08-deep-bending-picking-up-items,DEV,P2_DESIGN,ai_generated,deep_bending_or_picking,negative,"The person is bending over, likely picking something up or performing ground maintenance, but is not lying, prone, supine, side-lying, horizontally collapsed, or curled in a lying state.",false,/home/yanbo/下载/batches/batch_person-fallen-v2-camera1p5m/prompts/376_h08-deep-bending-picking-up-items-06.txt,false
IMG_003778,/home/yanbo/下载/batches/batch_person-fallen-v2-camera1p5m/final/377_h08-deep-bending-picking-up-items-07.png,98746b30c8fb3d5defaae1cabb25c4d708a6c9ba8306a1785888431a99b2e8f9,0,hard_negative,pf_v2_aigc_h08-deep-bending-picking-up-items,pf_v2_aigc_h08-deep-bending-picking-up-items,DEV,P2_DESIGN,ai_generated,deep_bending_or_picking,negative,"The person is bending over at the waist, reaching down towards the floor, likely to pick something up or clean. This posture is consistent with squatting or bending, not lying, prone, or collapsed.",false,/home/yanbo/下载/batches/batch_person-fallen-v2-camera1p5m/prompts/377_h08-deep-bending-picking-up-items-07.txt,false
IMG_003779,/home/yanbo/下载/batches/batch_person-fallen-v2-camera1p5m/final/378_h08-deep-bending-picking-up-items-08.png,9b9c53476c8f197ebb4c7069c8ffa54f1a72385f8db028076dd3824d0888e142,0,hard_negative,pf_v2_aigc_h08-deep-bending-picking-up-items,pf_v2_aigc_h08-deep-bending-picking-up-items,DEV,P2_DESIGN,ai_generated,deep_bending_or_picking,negative,"The person is bending over, reaching for an object on the floor. This posture is consistent with picking something up or performing ground maintenance, not lying down or being collapsed.",false,/home/yanbo/下载/batches/batch_person-fallen-v2-camera1p5m/prompts/378_h08-deep-bending-picking-up-items-08.txt,false
IMG_003780,/home/yanbo/下载/batches/batch_person-fallen-v2-camera1p5m/final/379_h08-deep-bending-picking-up-items-09.png,3ca6ded7e9efd01403f5f564bf3bbaa2ce7cc53a9e4d4c9c5327c6e862dd35ae,0,hard_negative,pf_v2_aigc_h08-deep-bending-picking-up-items,pf_v2_aigc_h08-deep-bending-picking-up-items,DEV,P2_DESIGN,ai_generated,deep_bending_or_picking,negative,"person is bending over, not lying or collapsed on the ground",false,/home/yanbo/下载/batches/batch_person-fallen-v2-camera1p5m/prompts/379_h08-deep-bending-picking-up-items-09.txt,false
IMG_003781,/home/yanbo/下载/batches/batch_person-fallen-v2-camera1p5m/final/380_h08-deep-bending-picking-up-items-10.png,bddb297fd24794a0fb12903c66b06983947d457f7cd37306d8b8b8cada0f3978,0,hard_negative,pf_v2_aigc_h08-deep-bending-picking-up-items,pf_v2_aigc_h08-deep-bending-picking-up-items,DEV,P2_DESIGN,ai_generated,deep_bending_or_picking,negative,"The person in the foreground is bending over, reaching for an object on the floor. This posture is consistent with picking something up or performing ground maintenance, not lying down or being in a collapsed state. Other individuals in the background are standing or sitting at a table.",false,/home/yanbo/下载/batches/batch_person-fallen-v2-camera1p5m/prompts/380_h08-deep-bending-picking-up-items-10.txt,false
IMG_003782,/home/yanbo/下载/batches/batch_person-fallen-v2-camera1p5m/final/381_h09-exercise-push-up-plank-01.png,44e8623e2ad766479925476c92fbab18bc3c1e7ba9e45c5654134bc13c936f2c,0,hard_negative,pf_v2_aigc_h09-exercise-push-up-plank,pf_v2_aigc_h09-exercise-push-up-plank,DEV,P2_DESIGN,ai_generated,exercise_pushup_or_plank,positive,person is lying face-down on the industrial floor in a prone position with body supported by the ground,true,/home/yanbo/下载/batches/batch_person-fallen-v2-camera1p5m/prompts/381_h09-exercise-push-up-plank-01.txt,false
IMG_003783,/home/yanbo/下载/batches/batch_person-fallen-v2-camera1p5m/final/382_h09-exercise-push-up-plank-02.png,7dedf3f76b5dee1261b3a17ffca7cddd821fba988c617c2009b9040b935b1821,0,hard_negative,pf_v2_aigc_h09-exercise-push-up-plank,pf_v2_aigc_h09-exercise-push-up-plank,DEV,P2_DESIGN,ai_generated,exercise_pushup_or_plank,negative,"The person is in a plank or push-up exercise position, supported by hands and feet on the floor, which is explicitly listed as a negative example.",false,/home/yanbo/下载/batches/batch_person-fallen-v2-camera1p5m/prompts/382_h09-exercise-push-up-plank-02.txt,false
IMG_003784,/home/yanbo/下载/batches/batch_person-fallen-v2-camera1p5m/final/383_h09-exercise-push-up-plank-03.png,fe68b7260d64c41240854528bd9b8288ee9273426440d9565c628b7b96b5d279,0,hard_negative,pf_v2_aigc_h09-exercise-push-up-plank,pf_v2_aigc_h09-exercise-push-up-plank,DEV,P2_DESIGN,ai_generated,exercise_pushup_or_plank,negative,"The person is performing a plank or push-up exercise, maintaining a horizontal body position supported by hands and feet, which is classified as an exercise pose rather than a fallen or lying state.",false,/home/yanbo/下载/batches/batch_person-fallen-v2-camera1p5m/prompts/383_h09-exercise-push-up-plank-03.txt,false
IMG_003785,/home/yanbo/下载/batches/batch_person-fallen-v2-camera1p5m/final/384_h09-exercise-push-up-plank-04.png,a77070411d9ef6b04478c49bacf57f784dccc1ec7c4ba101221f19a027028dec,0,hard_negative,pf_v2_aigc_h09-exercise-push-up-plank,pf_v2_aigc_h09-exercise-push-up-plank,DEV,P2_DESIGN,ai_generated,exercise_pushup_or_plank,negative,"person is in a plank/push-up position, not lying or collapsed on the floor.",false,/home/yanbo/下载/batches/batch_person-fallen-v2-camera1p5m/prompts/384_h09-exercise-push-up-plank-04.txt,false
IMG_003786,/home/yanbo/下载/batches/batch_person-fallen-v2-camera1p5m/final/385_h09-exercise-push-up-plank-05.png,f7e3f93d49290d8262bf2f119da7e4d34e03675776f035ed52eb7b863efcd793,0,hard_negative,pf_v2_aigc_h09-exercise-push-up-plank,pf_v2_aigc_h09-exercise-push-up-plank,DEV,P2_DESIGN,ai_generated,exercise_pushup_or_plank,positive,"A person is lying face-down on the floor in a prone position, supported by the floor surface.",true,/home/yanbo/下载/batches/batch_person-fallen-v2-camera1p5m/prompts/385_h09-exercise-push-up-plank-05.txt,false
IMG_003787,/home/yanbo/下载/batches/batch_person-fallen-v2-camera1p5m/final/386_h09-exercise-push-up-plank-06.png,4b03baae4546eb6f47fb73a16830c7a1ba949f331babc98b0bbccba0c05b7c11,0,hard_negative,pf_v2_aigc_h09-exercise-push-up-plank,pf_v2_aigc_h09-exercise-push-up-plank,DEV,P2_DESIGN,ai_generated,exercise_pushup_or_plank,negative,"The person is performing a plank or push-up exercise, maintaining a horizontal body position supported by hands and feet on the floor. This is an active exercise posture, not a lying, collapsed, or fallen state.",false,/home/yanbo/下载/batches/batch_person-fallen-v2-camera1p5m/prompts/386_h09-exercise-push-up-plank-06.txt,false
IMG_003788,/home/yanbo/下载/batches/batch_person-fallen-v2-camera1p5m/final/387_h09-exercise-push-up-plank-07.png,4708f5506f9bc32adfa05ccf4926c76a7841034d02e658a652a832c7cb4a4adc,0,hard_negative,pf_v2_aigc_h09-exercise-push-up-plank,pf_v2_aigc_h09-exercise-push-up-plank,DEV,P2_DESIGN,ai_generated,exercise_pushup_or_plank,negative,"The person is performing a plank or push-up exercise, maintaining a horizontal body position supported by hands and toes, which is classified as an exercise pose rather than a fallen or lying state.",false,/home/yanbo/下载/batches/batch_person-fallen-v2-camera1p5m/prompts/387_h09-exercise-push-up-plank-07.txt,false
IMG_003789,/home/yanbo/下载/batches/batch_person-fallen-v2-camera1p5m/final/388_h09-exercise-push-up-plank-08.png,21f4286a344ea0ac02c3f5ce64d9873282b0e088c68b5f15cb1aaee753ab9c96,0,hard_negative,pf_v2_aigc_h09-exercise-push-up-plank,pf_v2_aigc_h09-exercise-push-up-plank,DEV,P2_DESIGN,ai_generated,exercise_pushup_or_plank,negative,"The person is performing a plank or push-up exercise, maintaining a horizontal body position supported by hands and feet, which is classified as an exercise pose rather than a fallen or lying state.",false,/home/yanbo/下载/batches/batch_person-fallen-v2-camera1p5m/prompts/388_h09-exercise-push-up-plank-08.txt,false
IMG_003790,/home/yanbo/下载/batches/batch_person-fallen-v2-camera1p5m/final/389_h09-exercise-push-up-plank-09.png,f1247d624540a5c7d88d0ec34acd267160c564003bea77c3aae1df5cfcafe50b,0,hard_negative,pf_v2_aigc_h09-exercise-push-up-plank,pf_v2_aigc_h09-exercise-push-up-plank,DEV,P2_DESIGN,ai_generated,exercise_pushup_or_plank,negative,"The person is performing push-ups, which is an exercise pose and does not satisfy the positive definition of lying, prone, or collapsed.",false,/home/yanbo/下载/batches/batch_person-fallen-v2-camera1p5m/prompts/389_h09-exercise-push-up-plank-09.txt,false
IMG_003791,/home/yanbo/下载/batches/batch_person-fallen-v2-camera1p5m/final/390_h09-exercise-push-up-plank-10.png,38734fed0f3668e0742c0ab92ea498ec156e09d8300ecf9c3c49cc36154805b7,0,hard_negative,pf_v2_aigc_h09-exercise-push-up-plank,pf_v2_aigc_h09-exercise-push-up-plank,DEV,P2_DESIGN,ai_generated,exercise_pushup_or_plank,negative,"The person is performing push-ups, which is an exercise pose and does not satisfy the positive definition of lying or being fallen.",false,/home/yanbo/下载/batches/batch_person-fallen-v2-camera1p5m/prompts/390_h09-exercise-push-up-plank-10.txt,false
