image_filename,sha256,dhash,exact_duplicate,duplicate_of,near_duplicate_group
01_p01-supine-on-floor-01.png,3f8831314ec9403dafb006291009877fe8a2d85b9930710f92a6048b23d50c70,616d7860605860e6,no,,
02_p01-supine-on-floor-02.png,0efbb9f5706f84c5382a0ba30bec46d35ed7b875072c5dbea115139e58a47d8a,c5c5cd07181c0f1f,no,,
03_p01-supine-on-floor-03.png,00226efe88ae972b085592e830ecd461400e627e3f30514aa0bc5174fefc707d,27878f8f878f8f8f,no,,
04_p01-supine-on-floor-04.png,b2c04a5ef00e87142592beb2ab5dade093473c24353132baa4f9fa651be1a6a4,15179f9f17331f1f,no,,
05_p01-supine-on-floor-05.png,5c47f738bf7bbfe499cb85f5b8ab7601c3229c4405845c536d6e814c64dc6c79,b5b1998d8d959989,no,,
06_p01-supine-on-floor-06.png,9dc8c1e15e4e31d1c22d5a868a207d56530752c6902fa9c678d824ba7a6e8bb6,c343070713313006,no,,
07_p01-supine-on-floor-07.png,2d18f5d7a8e1fb5d146ba1167c7a02d08ea63e72f6c3dacfcce8997cd19695b2,8f26263371588c84,no,,
08_p01-supine-on-floor-08.png,abc8eeef34ef97fc9ac4511ae695e911ec950c384ff3a959cf1a05e24955588e,6c6c2c2c5b646532,no,,
09_p01-supine-on-floor-09.png,4791a565447bec69f60b175570fb4bdb5efc1dde5d2474f50073b03398cd012e,47c7c32f2565c1c5,no,,
100_p10-partially-occluded-fallen-person-10.png,663731c7d5fa6323b5b1a136d1cef8a31364fd4e96752a4af1949592156d9a4a,6a22a3a3e2cc4e06,no,,
101_p11-small-target-far-distance-01.png,f327b0dcb961def4c67f39a4c460daae976157cf6017b79d643f3fc3d55af1e6,c2c6e6ca1a120303,no,,
102_p11-small-target-far-distance-02.png,7dd82c1193905c39dd7f736b62b0940445267a7d522c490745e1974ef0adc9a3,1b9f1a7c366f4f4f,no,,
103_p11-small-target-far-distance-03.png,ec6a6a7279346eb6b1a4a3163a99c66b8b405ccf20e3a0e3cf33d5bfb6930720,c9cdcdd6d6c2c3c1,no,,
104_p11-small-target-far-distance-04.png,f26f261140525e10c003f8427e3e0bb8d614b6aa4e14ff6856dd039b13a1137d,4d4d4d5f4d4fcf0c,no,,
105_p11-small-target-far-distance-05.png,52728e6db03a58114bd6d0faed5cba15585186d757237594ab5c2912ca4ce2ca,eae8eae2c687367e,no,,
106_p11-small-target-far-distance-06.png,70f969de8c82a8dc3fda0e7f36862d19da8c5cfc5d9340a33050a3da6e68b349,d959793b1b33373f,no,,
107_p11-small-target-far-distance-07.png,d8f59162f45467f3e783a0ce414dafcbbd077df657c422332b88dea4213aded4,dd47475bdeae2e1e,no,,
108_p11-small-target-far-distance-08.png,f35b1ba98530a2038160a370e963a0890fd4bbc846f3a97330e2a8f0b2300ef6,d678d8f0f4d49991,no,,
109_p11-small-target-far-distance-09.png,a845ea4ea68b331dc883ec7e9b81d613a0d71b5a12f0ff22ea26078d325592a8,3363030363130313,no,,
10_p01-supine-on-floor-10.png,38ce6cfd624925a391aacf8d6c267d8413b097d6ec4ded21c7df9f4bff2cfeff,59d1e94f35717767,no,,
110_p11-small-target-far-distance-10.png,efe45d0ff9a1ad063fa930140a73f54bdf564c3a9b239ebedef1217d31366066,39594d4486870713,no,,
111_p12-small-target-far-distance-01.png,13e8ef71870c18d10ac9cc45523bbe4f41cbf083965e4a221e973326dcf56bb4,1c4e0d1c17b19a3f,no,,
112_p12-small-target-far-distance-02.png,4246436d0560d692bc2a83933ff0ccc245b079b9dc388f87f12af3ba4c0efbde,0f8e4b0d0f4f071f,no,,
113_p12-small-target-far-distance-03.png,4f075f1149ff33cfcbcec68d07edbf4cc29988b3f720ccf0b5d74fdce70facef,d4cf8f2632060606,no,,
114_p12-small-target-far-distance-04.png,e2928c129ae6704a885c150d43502ddb40a423dc0f8553a21174ef5dae51e0f0,27a6a6e6c6a78686,no,,
115_p12-small-target-far-distance-05.png,622d392259b400aa43fa2e5b1dce8794622f280a4fa06fdaf4da1909f5e5deb0,272717475fcd8f8f,no,,
116_p12-small-target-far-distance-06.png,a14ab07cc237f1a4f11a5051bece00f00a840747d4b99370ef4aae4a0f04676e,7a726068e48c0600,no,,
117_p12-small-target-far-distance-07.png,8e10fb3e2510598863ef827bd869e44e59f9e066ef57c50ffbde24611b85d0ce,2b0b99190c15050f,no,,
118_p12-small-target-far-distance-08.png,653d2f7b8ae607c5a1d8519b1896aebc1d0e8906e07b7e3d07e5acaf8d44dde7,359d9b1303022626,no,,
119_p12-small-target-far-distance-09.png,1d937f7e58326096314cee37f9fd8fe698daca3701c607433ed1e5051c852e0d,c3e29607090c1b53,no,,
11_p02-supine-on-floor-01.png,b4de656feff104baf2db6ddaddd657dbf850a940b31683a66e179b52e650ffba,57117bcf0b1b7367,no,,
120_p12-small-target-far-distance-10.png,1f10a05af9f62318af661e1b51e57d9d11f2c1131af580c18997ad8cfeb9a419,3131bc9c336f8e8f,no,,
121_p13-multi-person-scene-with-one-lying-person-01.png,c52e27d28166379f0bf4e7014d269248cc2878c8b7666f6623a1d37a0020d1cc,8a9cdc1f1b391d18,no,,
122_p13-multi-person-scene-with-one-lying-person-02.png,25860012ebf9600a4fdee82d33b2ac5b3d7d0e4ab8e7da58bf18b9a7dc1f163f,8dab8b9f8e9a1c1c,no,,
123_p13-multi-person-scene-with-one-lying-person-03.png,771b0ace516d4c2c30fc25a7af11f23ad483de9c257c18411115d2977c1ae5b2,4949404040484c0c,no,,
124_p13-multi-person-scene-with-one-lying-person-04.png,e45842d8c9a5a6acaefd80a5cae41a9e188428ec65dd44a47945bd1fce7147e6,c9cccc8c8fa7b317,no,,
125_p13-multi-person-scene-with-one-lying-person-05.png,7a5f34441fd413216c2b9f8986c63217e803e97536356b527de20889e445f81b,b6b6cbcedada5e57,no,,
126_p13-multi-person-scene-with-one-lying-person-06.png,99cb3837b7ae580e12c124c8254c72e6969a6b4eab30d48fa4304f231dd3cdc7,3a1e3f252767f139,no,,
127_p13-multi-person-scene-with-one-lying-person-07.png,30fbf8f91e9d4c43c8f3bd055e10c04ab652a1e808669b0cbf75b75888bd16cf,d3cf494d4e180a0f,no,,
128_p13-multi-person-scene-with-one-lying-person-08.png,7d8f0c1464e4c7566b8b7cbca3914e4a510015d240297a75da22a21e949e80c0,7c5b4b4b1a5a5b1b,no,,
129_p13-multi-person-scene-with-one-lying-person-09.png,f78d8ca52d5bc3ed76775ddad8cee820d472856a9ceea09669d20568c1fe8d09,2c292e879b090100,no,,
12_p02-supine-on-floor-02.png,9bf58dce8362de316637a40ce17ef8cf5a4a65455b6bb9bdc22a40bb860abee4,46474706f8e1c787,no,,
130_p13-multi-person-scene-with-one-lying-person-10.png,921827a544364c2ea9c94f4a919f980641f4f42318a453d1a7a7cb29c5e73795,2e0c8d9cb6eeee67,no,,
131_p14-multi-person-scene-with-one-lying-person-01.png,6758e8af8c38f7003789531610b7d7864e0248cee328bb432ebb82554016971e,94b5574707e36333,no,,
132_p14-multi-person-scene-with-one-lying-person-02.png,35841787251043fed8fc37689f30d4616c2c36546d43917e035ec5a0929a44d2,53dbeacf8bbc3e4f,no,,
133_p14-multi-person-scene-with-one-lying-person-03.png,6ecbdbfe9e463de38f9fda73623b695ca2057fd6b280a94d1edd659acb5cf93a,aeeae6eee40c4e6e,no,,
134_p14-multi-person-scene-with-one-lying-person-04.png,f8dc7665581f06955e7e51fcb1d794d700397c5f2497c479ad21d0d821edf8ad,1b9b9b1b1e276f4f,no,,
135_p14-multi-person-scene-with-one-lying-person-05.png,6dedb4240116565288e9a37accf8ac9d9a5b27997daca1cccb208dcbc603ada2,6727a7878f8f3f2f,no,,
136_p14-multi-person-scene-with-one-lying-person-06.png,53eb38450e8698b310091c2fd508870414d28cdbe07e33e7a9ece2da0b18bc28,9414140444507207,no,,
137_p14-multi-person-scene-with-one-lying-person-07.png,b7550d1504c6d43d4d342a8e154d080f3b9d5b6cdf4d64fc8e2ece062c50fa0a,e2e1ecacb2e6e6a6,no,,
138_p14-multi-person-scene-with-one-lying-person-08.png,450dd9643001f245eaa5d70daa8823790d9e7f56d84b62a051ba2706e056c2f8,505e4b021280f2da,no,,
139_p14-multi-person-scene-with-one-lying-person-09.png,a0f85291d3074380372602c5b29b8d86e00b0462f33eeae4efd04867127a8cb5,e6a222042c64241f,no,,
13_p02-supine-on-floor-03.png,560f13e4a70db0d94d90f60f41b9d100fbae87b7b0cd3a69bd00a4515b4dfb52,951434340ec81a1e,no,,
140_p14-multi-person-scene-with-one-lying-person-10.png,04e15104110c832d8c810e34bf62c039d91dc7ade3b070e480b6d05d227744cb,33272e3626366707,no,,
141_p15-low-light-shadow-mild-blur-01.png,4135013549e0f3cde667b25bcad2ba4e1979c7250427f33633aa44d5d172e6b4,47c1414389a1a107,no,,
142_p15-low-light-shadow-mild-blur-02.png,6358d7ad3faaac7d4decf4fd6b4bdb0fe676236cf08930002f2bd2e8f43145a4,dacb430b39410307,no,,
143_p15-low-light-shadow-mild-blur-03.png,5d847470e681641cec0bc293fa78093159f3fba120119f0f47a9e1459b9d0af2,f9e5cdcdc7931311,no,,
144_p15-low-light-shadow-mild-blur-04.png,651d085cacfda0c5e22c6d535021f963394359054b14a585256786174e1ffcd8,cccccc0c34306c6e,no,,
145_p15-low-light-shadow-mild-blur-05.png,6f09b5476bc7f5eab501ffdbdb51420faa910402c87d41c077911a10bb40efdb,2515058595ad9a0d,no,,
146_p15-low-light-shadow-mild-blur-06.png,8258539a334cd708b993308f910bfb2dced41983a61f4440e140d86dc678a24a,9995a7c7d94d0707,no,,
147_p15-low-light-shadow-mild-blur-07.png,07c28fb3697ce4496e5bce8d075eafd75577adfb2ff210e7f05b02b688b3bdfb,b1353b13194c4a4d,no,,
148_p15-low-light-shadow-mild-blur-08.png,0b24ae9b7e0a76c86ddd34c7674ae5894296ee663cdf5c8b84fb06f05a63453e,cbcd4a6b63939f3b,no,,
149_p15-low-light-shadow-mild-blur-09.png,0fdaecc05b08523b66c02dbb421201e067f9d1a7e39a0c8359bfaedba36a912c,af868f9f677b1f37,no,,
14_p02-supine-on-floor-04.png,5d32e551633bc5f3cbccce2413e955e88ff6bb590eb8acf1a89ec25d9e39aa59,393c3d3d6c677757,no,,
150_p15-low-light-shadow-mild-blur-10.png,e18de79c3e44756e41a26bd69430787bd3c57680f10858097f8eab3c8941804d,2c24848f1b191a09,no,,
151_p16-low-light-shadow-mild-blur-01.png,5cf380c66e6e35edb104538bd3ab918322674acfc19441da318597dcab67a478,13a3b3336331141a,no,,
152_p16-low-light-shadow-mild-blur-02.png,af3e8bd79b1ca10fa6927cf7da2ec620ecd3ff4e72d23296aa950893700c02bf,5a5b1b9b1b703919,no,,
153_p16-low-light-shadow-mild-blur-03.png,68573dcc1a6915087f16611dcd86eca0b7f22eb3a3a817fbdea1f26a010c9920,127b5b3333311103,no,,
154_p16-low-light-shadow-mild-blur-04.png,0b22f7171b4846d15c4fe910c0aa29c2ab265d8f0b52ff3e717eccd43daf9abc,1d1c1c0c2436a38b,no,,
155_p16-low-light-shadow-mild-blur-05.png,74dbbb76d48d53b485ac2196a6d7e1c2a79b027b3bce7e6c3b5100076dc62665,76968e8e9eae2e3d,no,,
156_p16-low-light-shadow-mild-blur-06.png,818e2cf7659da136bf39484dd1f0826628fb3590fccfb85f2aab3388126e9bf8,650d05141410781c,no,,
157_p16-low-light-shadow-mild-blur-07.png,c75a527ca5db85a465831aac2f5e6f172973005137333af99943523fda1a0c4a,a72707163333271f,no,,
158_p16-low-light-shadow-mild-blur-08.png,2e8e49c0c65da5f31d493959bc317219f25cc620bc3c6a4261531b10e676ba5d,8edace8e0e315b47,no,,
159_p16-low-light-shadow-mild-blur-09.png,67a931690a7dccf8e50c8b162b03388c6b4220f5a4b98776babba81ea5446428,a686072f9db1e8c9,no,,
15_p02-supine-on-floor-05.png,72e402106d3615e66ed2debf52639aef09664d5d70fdb8cc36336a6dee349d22,190f0f0e1e362e27,no,,
160_p16-low-light-shadow-mild-blur-10.png,972c31b2bd8d9e4e52550bc0790994af8831b04e975e0aa8b0a7eb58071c170b,6c6e44b0b0d42424,no,,
161_p17-abnormal-support-surface-01.png,6a3b29e937f5d2d38ac01f36a2269f4bf7ce2c3f4550d4abfe38afb484aa76e0,16b3e0f8fcc1fc1e,no,,
162_p17-abnormal-support-surface-02.png,436d86d2e5b77b736d1b9ba926f3b8cece4b19b1a922d43fc0d8e26e49d82898,d8c9c3e931713123,no,,
163_p17-abnormal-support-surface-03.png,37a1c66c732ce9a3e7615141dbe420b6f38556c707bfecdaca493b41e7a4c512,fb79f9c9cd496377,no,,
164_p17-abnormal-support-surface-04.png,8d2c25ee3660147ef837e631c3b690dafe9a602b2455d40113ac0d951b118469,2f2f2f27a7a68f87,no,,
165_p17-abnormal-support-surface-05.png,c0d7bb1f6af17840ef1f7acb4dc30ea2292010446751f0f13223217a9215fb96,7171113131716161,no,,
166_p17-abnormal-support-surface-06.png,77a0f3a71e1430922e4731af6949094fb97d3c94809292367f8276a69a127e63,3333b3f3f5b8b893,no,,
167_p17-abnormal-support-surface-07.png,a63137c56e7773b85d5a0a7949f3e51e34ee594d0c21a1e4b5d0c7b025829819,09192f3738717313,no,,
168_p17-abnormal-support-surface-08.png,486c6e50f7962d5b32c18539eff86b9dc93ea43acb9c8a5d6ad1049b38339433,dddd191f50ecbb0f,no,,
169_p17-abnormal-support-surface-09.png,8f3c81b28abf39c8247b66071802fb434eeaa0043330d83f5a89a7c60e179b53,62e3e6e77479de7f,no,,
16_p02-supine-on-floor-06.png,2e9ea4788510caf75d1b8e17db7a510b0a68ad2f97d75835a51c421dc1865380,d61c1e1f76f39b87,no,,
170_p17-abnormal-support-surface-10.png,ac540e3aff9e2d9912305d40bf4a95a83df0286cff7aa3c7a07f71380ff8a5a2,1b43637979706b73,no,,
171_p18-abnormal-support-surface-01.png,c437b74de8d07bd3072a379475896538a1ad495f8b7a5817ff2ded7d3d12859a,6346d9d8f2dcd9df,no,,
172_p18-abnormal-support-surface-02.png,22d91d7616acda2fcacc049f0d2f299cc4992d2a944826f82b219b143bd10d9d,4b4bdb6363338907,no,,
173_p18-abnormal-support-surface-03.png,731f98a3fe5d66753ba07a4a544a798df82956e4c08a16251d6fc609b88583a5,4d0c0804d8a0af8f,no,,
174_p18-abnormal-support-surface-04.png,e702de0fc5c37bca607b9fd7ccb7994172625cc73afe88cc9ea4060fa3e4f1b8,f357737b7b3b3d3f,no,,
175_p18-abnormal-support-surface-05.png,125cee2dcd24fbdd97642a640d23844abd747f03e4122f825bc24f76f62c35f1,dcab969f94b3b3d5,no,,
176_p18-abnormal-support-surface-06.png,1381e3ad30a27ba66a0a337f7a57f6066bd134d29eb33c1d97463945e104e96b,6e6ea0b0b0303838,no,,
177_p18-abnormal-support-surface-07.png,251e3c7a3456fbfd1c8bed68a487bece1deed7fabb8d6c9dc5803298dcc03ade,193107476316c671,no,,
178_p18-abnormal-support-surface-08.png,a3460a93de4473c9338a458de20e2ae1e36b633979f3d33665c653a1dc20fecd,a8aa909090b6880c,no,,
179_p18-abnormal-support-surface-09.png,3ff93f899ac57671fa107fce88639cc997ee54068464199a0af564efa225977d,5263e1f5f7e2d0d1,no,,
17_p02-supine-on-floor-07.png,03f04df8719f4f00db8f20614cc8b2dac09a6f1fdd4e26ec246375a43cce72f9,4b4b4b2b6373676f,no,,
180_p18-abnormal-support-surface-10.png,bd3c3dcc2aa778e6aee0976792115ee43f4cbb4fcabae83bace1ecb624f393c2,7f399b933372ecc7,no,,
181_p19-active-voluntary-lying-on-ground-01.png,8fd156a8c439704b329f46bd6faba4b4667d0cf8f114fa5f8b4b3debf98c720a,d3c6468721380c1e,no,,
182_p19-active-voluntary-lying-on-ground-02.png,917e156f1263be2b899ecf4c87b971e87ee962fc1525ed4324baee7c3d15c45b,79b1393535e1605d,no,,
183_p19-active-voluntary-lying-on-ground-03.png,06168c86cc88b96431afc5272762478431ae1a20a29cd5dd29b10f8601d10baa,b2b034fc4c6161b1,no,,
184_p19-active-voluntary-lying-on-ground-04.png,b54730ddcf274d24a82b0f6141131ee0c35f3d95308d830e06a58a5174dd5bb3,646c4c6665784c87,no,,
185_p19-active-voluntary-lying-on-ground-05.png,9c0a9ba8adc62f632d444eb5eeaaead0a31ec3584caddb950e1e126cb6e49ff7,a6a68e9ca4948c8c,no,,
186_p19-active-voluntary-lying-on-ground-06.png,2f16a0969310f13bacfcb0c025c6e65b4a80fa3eefd6f9d6f9f88a064f66da97,60796d6da3333131,no,,
187_p19-active-voluntary-lying-on-ground-07.png,2eb145bb33077aee65d852b9db97ff7e16a6443237e06e0e49ad286c266694de,9f8d9d0f37373747,no,,
188_p19-active-voluntary-lying-on-ground-08.png,409b9aafcd21596649d9506d1a1cb6e6d2c418c0dede71731a284f08ce3da50e,e5bb1bc7d3c7cb83,no,,
189_p19-active-voluntary-lying-on-ground-09.png,f0896d5057b1d237729d0b6dbacb6052187fcaa3f1650ba4bad3e8dd48de6f05,1de3050931f3d383,no,,
18_p02-supine-on-floor-08.png,6881ae0e92af78ee265a345ee5b2601e4ce3545a239f37f0fc65e19cdbce3046,93939646e5e62e17,no,,
190_p19-active-voluntary-lying-on-ground-10.png,dce8cb218c852a5f46cde0734b70bc3398faf0b4479f04ace0bc0844cb09b8e8,ceda4c0e3b195c0c,no,,
191_p20-static-lying-on-ground-01.png,5824382aae59fe61af98dccf89fcdf96008082adf4b8ea5242f2229fc1f365e9,3c48cb0b19131787,no,,
192_p20-static-lying-on-ground-02.png,97eb294edd0f3e0fea3a61c12217cc676ee2e92940d159c5d3e017ccb94c2329,26228363c1590d07,no,,
193_p20-static-lying-on-ground-03.png,56e5011a38e4a5b734eeece9c4211db4809c55842a21345e66e8a638f0a2ccb4,6b5a0a1e1832170b,no,,
194_p20-static-lying-on-ground-04.png,7e1206f44540e5ec3fe459c7f2aa021a27a7ab5ba240a6023a149e58ee29b61c,9bdbdb9f2733474f,no,,
195_p20-static-lying-on-ground-05.png,6f57b16285c4e6edfe6de3daa00e0f70c69141498b3c491179c721759cce7a79,e9e9cdc3f0d88c86,no,,
196_p20-static-lying-on-ground-06.png,fd1daa698feb788e484468dd09275d04427cea7a76f2961d3207361992a57851,666666b434ec2c34,no,,
197_p20-static-lying-on-ground-07.png,8e69fe60639e78401589d986a5517e8a48ce49822e9857e9ef11fb33a92adfb4,1a4e9f9913070707,no,,
198_p20-static-lying-on-ground-08.png,8743fc7160d123ceb4ffc38b36fc5ae589daa0516020a68a6b55144ce4e64c85,26862534111b9e9e,no,,
199_p20-static-lying-on-ground-09.png,0d95ed8fd7b4b792671117cb4dc10b2532137a69f7f6e94ce2494be460957df7,1000003061000008,no,,
19_p02-supine-on-floor-09.png,b874a600936c52aeddb2d3a93719f0fe02937076b115354fa5d3417153f9027f,78f0e0802060311d,no,,
200_p20-static-lying-on-ground-10.png,d04a76e9519f62f74f8ea3fc772195a79084bae2f811bde50e3d7e9ccf4997ca,9494891634312c2e,no,,
201_n01-normal-standing-01.png,457cfa92c5ab41f354d579c4d14852a123235fc8e559db33a211b7302b050029,3c3af7d9dcde9797,no,,
202_n01-normal-standing-02.png,920c606e31ac7bcaa90a07a65cb3c274e2f1c2c9c013bc9a6d0a9d606b5c9679,2829490f2f6f2f0f,no,,
203_n01-normal-standing-03.png,a1cd8e89742ed199a07308870b4962f4340aef43264a81c77a6a79722d89d926,e6c6e6e2e8ece8ea,no,,
204_n01-normal-standing-04.png,ce9dc025af14a475e18224fc33de4e53f4c219f05c455b849eda6519a28280f2,1f1f1f5f1f1b1d1d,no,,
205_n01-normal-standing-05.png,4fa6866d8b13f3823e1035a827511e4ffd540a6d33ecd03a46d1cb139a5cbb90,405210130e0e0626,no,,
206_n01-normal-standing-06.png,6786cd4c5ce2d5100e95e9ca8a85a3ee6c0074d2661b445a20b694d5bf35814f,a9a7b3baaaaaaaaa,no,,
207_n01-normal-standing-07.png,e6d31485e30861fae7d360b9d9e23306e8b4317762269bf9239faa555516baee,ab346d3b3a0e8e8e,no,,
208_n01-normal-standing-08.png,5dbf27cf5cbc6edd6b8d4aedddf6f42e9ac9809a1f40a430e968ab70da572ea4,310b39393d2b0b0b,no,,
209_n01-normal-standing-09.png,cf12a0c87783adfbb55c87a7b1f10fd0a02c273e0a80097167298edaf9349965,b38303a3a7c74707,no,,
20_p02-supine-on-floor-10.png,5bac427ba05af7d58237cbf9d1d3606a4615caa7c3c7a8e01d301442ce4c7f63,b38f8f997973674f,no,,
210_n01-normal-standing-10.png,83bedc0973a8c202da41709e7b7ff62f64b014c5d58c8b2a11779b40c3285a87,8eacac9465e4dcde,no,,
211_n02-normal-walking-01.png,84620ef986b653f83fe4161a06054c03b14bfde35ca3588d66b6dcdfeb104929,416b4b4b4e4fc74b,no,,
212_n02-normal-walking-02.png,2a5c2d55fe21dcfb62d6193ee70d56c16a38f892c0ca6991f871e9220a1e4114,5858693333332327,no,,
213_n02-normal-walking-03.png,df7262d5f0764ffcdeac7c699684178eace0c41aa85f58c6b96a19726c2938a5,606872f7d7efcbdf,no,,
214_n02-normal-walking-04.png,fc149aaea8829ea06f3ed12651debf67d1b41ee5405a8479d2855176ad1207f8,990d25a6a6a60e0e,no,,
215_n02-normal-walking-05.png,3ea5da470a7ca94ea0f92d87746573becb0e70b5d600f444a579417cca00be40,b1999a9296960787,no,,
216_n02-normal-walking-06.png,5236377d0e960a946da10b1df70dee4dedb6b1ee8dfab55782303b948b178395,b1b9b2b4b4b58787,no,,
217_n02-normal-walking-07.png,832f2687a61e8d82e1f5571fe27fb39531c55823e664a34cf284c8af48b2a9d0,36163455151c9c9e,no,,
218_n02-normal-walking-08.png,e5272b7ba0585b8642824a52f893afc42fc446c0ea9e9b7b11ed2b6eb4615835,cc6da93367878b8d,no,,
219_n02-normal-walking-09.png,e12aa00ebca5ce986b5df9f5e39d562be46c2c28dec4a2f9fe6d3e9c9554a048,3e0662a070571739,no,,
21_p03-prone-on-floor-01.png,f0afef1f06a16d9f91cbc9eb9a52cecd79d692a10c0624b6f169255a562f6374,2427238391a30313,no,,
220_n02-normal-walking-10.png,350be842f28a57c01d24f1ba08b664e57ee67df4d22eb4d566fb272af8819347,4ec62233278b1838,no,,
221_n03-normal-seated-on-chair-stool-01.png,134dfe24ba4a545900acbfdb83b4a62b70449aaadd890b1c75651779c8f2e888,8cece62470124191,no,,
222_n03-normal-seated-on-chair-stool-02.png,965a36ac17f63bff6182aea6c810412c18e5e0b5a8edd978ef54aa65f471699a,86e0e2e3c9c08010,no,,
223_n03-normal-seated-on-chair-stool-03.png,b0def42df09f987a7c46fd51ecb0ffb1a9d3017e809f2dcb08e60c5ec55a7c0f,869c9c9c9cdcdcd8,no,,
224_n03-normal-seated-on-chair-stool-04.png,aca00613e4666301061ddffe9cd1b2f87f0ac0326ec85e74625925198bfd7117,864626e6d61666e7,no,,
225_n03-normal-seated-on-chair-stool-05.png,decbb91e43f7888ab015c46a93a6681e9ed58d0513898f92b2566cf9f62b736b,2424242c2c24240c,no,,
226_n03-normal-seated-on-chair-stool-06.png,918bcd9792f6b32b77c3d03234683d235158ee718233c5e8848c6c07f9d3136f,7131313131312101,no,,
227_n03-normal-seated-on-chair-stool-07.png,70840adc6065155f16f6ee3bea719f65bf73e3ef9ae255e1e6150dba45ac2f84,9b9b35978b31385e,no,,
228_n03-normal-seated-on-chair-stool-08.png,d54811000d65c588d8507882501b378d11f35a8e4bd81d24bdf06c37b63a7c9f,098969d9990c0c8f,no,,
229_n03-normal-seated-on-chair-stool-09.png,321f3a35a48e0a9f07f6f244168a419b8af6fa0e74498afebb4b61b11e640241,69ebe16081040802,no,,
22_p03-prone-on-floor-02.png,531968ccc4c4000ca558dc91f46f4aa132767e2df19281d2506c4cbbd62c3e0f,61693119486c0703,no,,
230_n03-normal-seated-on-chair-stool-10.png,d2415691cfd3ce59b490d558f1a3b1d4609756643ae69e8afac57b35b82a93d7,76460202260f0707,no,,
231_n04-normal-seated-on-chair-stool-01.png,9968329187d7c0273dcc1769c05d88e846009f0fd54a7d280664fca6706c0a46,291b9b99d1818105,no,,
232_n04-normal-seated-on-chair-stool-02.png,21558e45c831388c100ae3529b6804577a40ca367bb9f836b04e4c3520c2df66,db8325b3b3c3c3c3,no,,
233_n04-normal-seated-on-chair-stool-03.png,8bdf1601258e589a61a1ddaabcf4d9f5d44b83c59f28ad97f6030858e1d7ff54,2929383a363c383c,no,,
234_n04-normal-seated-on-chair-stool-04.png,181b3cafa82863a1ca5bb12aea16b6dacf16f78f5f346890cc2575880695f72a,222222e626e28686,no,,
235_n04-normal-seated-on-chair-stool-05.png,1702a8a274a13fb451ca23ccafdc997a8830cc7adda330b5df0b90ab6aedef73,213b3b4a2c0c0f8f,no,,
236_n04-normal-seated-on-chair-stool-06.png,ef1b9e81ee1523dbbb21b07d027980742531a74f55e456b369a433de82844d0c,a7232535333939bd,no,,
237_n04-normal-seated-on-chair-stool-07.png,9cbe78bbf831d21c6e1c849718050658b28230501cc176dd49023302702e5d89,9debabc1d9dbdbdb,no,,
238_n04-normal-seated-on-chair-stool-08.png,95d750ee89b98302502ce9d5dd13c9cfd0bb861ce62ff17fb6bb95ba2852da1f,4547070d05c6c6c7,no,,
239_n04-normal-seated-on-chair-stool-09.png,1d98c7785efcb98a45f71e366224ff1f43a9e4607bd7f11ac5a840e3fedbe349,c787def2f65d6f8f,no,,
23_p03-prone-on-floor-03.png,86547becdc828b66ad9504dc73a3f4554738ec7030b623ec6830ae18fb351a4a,313008a8d8d8ac2c,no,,
240_n04-normal-seated-on-chair-stool-10.png,970f4760193d0f57e0b8a9307c58746c25e11ef6272e39ffb938b3e6b0100fc4,6404b469b7971f0f,no,,
241_n05-normal-work-activity-01.png,9f097226ab0671e7a218fd1c82a58aebe647087f9a516133b29a28046bfc2abc,fedef86b3fbb1f3f,no,,
242_n05-normal-work-activity-02.png,61f62d3713f09e213c5c6907ba0a919c642e6906a6f69bf8da0bb3a5166322fb,46a6a66626a7a686,no,,
243_n05-normal-work-activity-03.png,8365c94dd5b4f02db8356dede98e882f3d6565b8fda4260e81a214c9e1c314b3,0fc9cd4ecbcbcbef,no,,
244_n05-normal-work-activity-04.png,94101fe845662bffc2c777c22fbd05325f40c7430b920dcefbfe616b2d8f8bbb,2626268626a6a606,no,,
245_n05-normal-work-activity-05.png,d9d6cd153d044702ab5b5c7c742b8b9f0bfe1e6fbcc1876b64efb6da24f28b90,a8a8c0c0c2c3c383,no,,
246_n05-normal-work-activity-06.png,7f8500c8ea49da59bce9fd30b27e3b866415ba174fea8fd967d9cf75d7b91772,8696a6dedaba3a1e,no,,
247_n05-normal-work-activity-07.png,95620c5fac3a9c5da240bf74298f8edcb95bdd361a43e836056f69e8d81ad366,3b035b4d4f5b1d1c,no,,
248_n05-normal-work-activity-08.png,8a82f11e4ece013b8e4753087d1d7fb186f0f67158d1f4e39aa438f5308286fa,088a86161b190e0f,no,,
249_n05-normal-work-activity-09.png,f7ba24ba75b052e04cf3929eaeb01599b85303454742cecd2d9ad35189a11a83,2375b1f0113bfbff,no,,
24_p03-prone-on-floor-04.png,fc2bc25c7a7c65641f3f35cd41cab981571e82d00231d5cb3f676954c03684f1,05254d053b737727,no,,
250_n05-normal-work-activity-10.png,0b26abc51c7b63fab900a8c777f2c37a368a32a632a96741f4b20d82482e6d7c,8c0c6cb83361040c,no,,
251_n06-normal-work-activity-01.png,0d5585e07f3b9fedc834975e2be54f134752f0ccb301ee4e02cd2c06106f94c8,c8ecedc8f0c90005,no,,
252_n06-normal-work-activity-02.png,c8a9bc514c15da3f2da23703dc11bb453d11c54b1bebcec486122e3fb87d5379,664e4f8f8dcfcf0e,no,,
253_n06-normal-work-activity-03.png,8c72d44ee172f2ae89a43f5c104baaa598077ae72eecae1fac52666811ee2c15,d349495a4b4ecac3,no,,
254_n06-normal-work-activity-04.png,708a9188aea6197ec36ef5ab262e62630b980f9a8a03797a477212ae97dd969d,8eaea8ac8c8c0c0c,no,,
255_n06-normal-work-activity-05.png,a9dec425e7a51445e33666ad77fc90f0add301fc713c1fbd6a83de6a81d2df72,311464243838989c,no,,
256_n06-normal-work-activity-06.png,15b2e5f1094add6b6262cc9d02d72f3cbacf86a9d4023024b7f9cbfc8d7a1dd8,abb3b2a2b3939b8f,no,,
257_n06-normal-work-activity-07.png,7d581bcff51b91f01017bb3a2479b738f8702d3532dc02bb5be374eb3acbfa33,3d2d97c76f6c4e8f,no,,
258_n06-normal-work-activity-08.png,2775217a73b3fec9852ead7ed28b5b4d76904b4a4f146e32928fc4c249a2f0b5,998f8e9c94460686,no,,
259_n06-normal-work-activity-09.png,48dc5ad464b297860fc6a28647999f2c6eb1c00a37fd106e0a75d32094aebe81,8e2b2c0c4e5f4fdd,no,,
25_p03-prone-on-floor-05.png,562f3ef69ce6291a666cffda86e701c7f20b92195677ac0bffc96dbf792f87e1,3232b01c30320f1f,no,,
260_n06-normal-work-activity-10.png,bd7cb37950286e8775216a9371b0eece1f9d46cfb09f046e0205804bd042b6a7,cdede5e222068707,no,,
261_n07-mild-bending-01.png,0f86a510ad912179633dea734f4457dc1945b5bbe1a9a123613bae400af636ee,1fceee6c6464e6c3,no,,
262_n07-mild-bending-02.png,e9e96ce08e4925312a49684d8381e0129c3b5722dbecbd610b4a40481f41cffb,43e2e76767676727,no,,
263_n07-mild-bending-03.png,acc221510be882f798e7e1c06e2b25f23bdf1419dbc036d0b4f22689505c7bc6,78797973f3f3636f,no,,
264_n07-mild-bending-04.png,d15359dc17844ccf5775d2e324f7af0dc44b728120bc9257ab9d57ed9bf91549,0f6e6a6a4bcd8e0f,no,,
265_n07-mild-bending-05.png,8307f620f96d4c6cbe58314eb71ed9be3ccf45d23727e8b6592f9477bb37fa6b,5858697777537256,no,,
266_n07-mild-bending-06.png,5cba43b31c38a875466a807fac5daaf80e715c1a1cacc3bed578bc9716930cdd,1e261e1e1e1e1a1a,no,,
267_n07-mild-bending-07.png,00533f22a7b735ce2dd0ba71594e60a7ac5dfbea9803ebbfe380b15f7c4ca55e,3a0e8e9808072767,no,,
268_n07-mild-bending-08.png,04d272b852fd59fbf31c8d1bd6846056e4e67a3dbbb13979b3e6d5628d3c5fbf,c58d0d6d0d060707,no,,
269_n07-mild-bending-09.png,b52e224f7c9bd37635012043f162b27d00b45efe2df6f03805c7bc1edaba3b8f,a7cd4f4743830100,no,,
26_p03-prone-on-floor-06.png,ffea712d59fccabbaf558579286df4d7fe6c99afeb817ce0bf8dad7d3377a921,5a4ac86cb4320f0f,no,,
270_n07-mild-bending-10.png,8d6788595b06d3e93c60d1a37e08fd1f6674d7e682ac5e208670a407130ca387,c14d55f1d2d0e465,no,,
271_n08-multi-person-normal-activity-01.png,e74b50e0d919b056cade5af81e31a42fb9de0d4a42efc691d09fda59ff3070fd,329dbe4f1e1f1f1b,no,,
272_n08-multi-person-normal-activity-02.png,3a7d548ee86198d44e926fda2d9fd05e7188f76974f8bc0e6663f03981120003,c78686d2c6c243d3,no,,
273_n08-multi-person-normal-activity-03.png,a3389fa90175ef6b7dd3e30e9280de3efd67dd48742937b417471d97b928d2ce,4161525061210607,no,,
274_n08-multi-person-normal-activity-04.png,f63a9dcfc130083a98a6e072eca29224a6fcf9b87295cc01035cddc7993cbf46,0f2525e50f070f0f,no,,
275_n08-multi-person-normal-activity-05.png,ace8bebe3612865ba94b98237bbac400737c66e91d581e5d44be58dd67103825,365ed662cbcb1327,no,,
276_n08-multi-person-normal-activity-06.png,88bb0cd0b836c73715058a3a30fa6ebf4fb466280c4a62f775ecdf3490a602f7,d9d9d9d1d9c9c9c9,no,,
277_n08-multi-person-normal-activity-07.png,867239e2cbd3fcf7d403a985f450c3c8862854b339efa18130652c25be8790ac,ec6d50545c363637,no,,
278_n08-multi-person-normal-activity-08.png,c5a16d8f66e68e54d9eac3959bcfa04972eb2bb6439e14920befb9ad075626b2,c74f959d8d266767,no,,
279_n08-multi-person-normal-activity-09.png,52f50e02c7fb5442b2cb713f7d7949a3d9c3b99c94801770fd23caf83c5fb3c7,4f4e8e8e8e8e8f87,no,,
27_p03-prone-on-floor-07.png,6609e71caae836680300eb0b9a5b375fed21f3fc3538aa102667e729b25864b6,e465a10b3366e727,no,,
280_n08-multi-person-normal-activity-10.png,cc16082b0347ea0a78146dc2ee0b1957b0121913b788c67a76f73498a5b1d5d6,9282cace4a0a0c0c,no,,
281_n09-empty-ordinary-environment-01.png,b15f534d0ce5649d38c13506ce2e488dd0a3378ee1a6ecb916a1b89668dec306,333b33a323031303,no,,
282_n09-empty-ordinary-environment-02.png,6f96b81e66cc9744e4e95f9b78d50cde298b12ec0ca0fffc7fb0f25a5b83612b,2331090909094101,no,,
283_n09-empty-ordinary-environment-03.png,b226ae42618934900520e3cfcf7b58693d7ecc3355e19a1cd31c0d7c416c668a,9484a79799d89989,no,,
284_n09-empty-ordinary-environment-04.png,ac0a32101e6a1f0ac83402cbc7be6296435de5720adafe68033405092ffa7481,1c1c54141c1c1c1d,no,,
285_n09-empty-ordinary-environment-05.png,c4a3a2545d1cefcf3fb6bccd30c5cdd36a839ab16bc626edc2fe2b325d9de848,141c191b1f17171f,no,,
286_n09-empty-ordinary-environment-06.png,f26ea4366bb8774e2ac03983deb805df388991eff351289d53e850c6a334239f,949696969b959c96,no,,
287_n09-empty-ordinary-environment-07.png,68ce664709425e1ffd1c42f0e2b23ec5c02e367a75ac8a9e9a3ea8dc1dd5ee23,d1e323e9ed6c5b5f,no,,
288_n09-empty-ordinary-environment-08.png,41f36cef63e125a0818ea93dbd706549c6b0b075fc4e7a13cd9fc5b95b8c704d,32734a191b111513,no,,
289_n09-empty-ordinary-environment-09.png,5b8038f39aaa1dcec4232202e694d4a4d51f588b34c2563a9f8ecca523aeb709,6d653c3f7f3f3f1f,no,,
28_p03-prone-on-floor-08.png,5584ace79f64b843dbea6e6eccf78e5e0700837c1b506bf79c82085f472e285b,2da8a5a525242425,no,,
290_n09-empty-ordinary-environment-10.png,848328fbe03cc1c49d51b367c20f8d93a4e2f960dab850dffa75eb31481fa259,7470c947cfc1c0c0,no,,
291_n10-empty-ordinary-environment-01.png,343c24bc1858330a09579d2eb392edd13575b03ff2f859ec2fea5bbe26ccbdd6,0b090c0f0f0f0707,no,,
292_n10-empty-ordinary-environment-02.png,c1af3c93554d7c7a8dce2fdcfbb70e5e57253c0e1986cdbe7d4d08bf9495cadd,8dc561cc8d8f0f0e,no,,
293_n10-empty-ordinary-environment-03.png,1a56ddaa13a22b1ff57ad4e2371a567f12411359319254b3837f7e311eff8753,988c09a90d0c0c0e,no,,
294_n10-empty-ordinary-environment-04.png,c0fa7065680316270522f7b0191f6d2103cc326b38090c01a854a6d324d097b4,8c8c8f0f0f0f0f0f,no,,
295_n10-empty-ordinary-environment-05.png,a0ed7789107366acd206f7ebd76e604f519ed6b9da616e5ade1b759e7b32cee6,f191190989090c0c,no,,
296_n10-empty-ordinary-environment-06.png,c9f2d9867a3a734d8feee362dfec1eb6db77396e9a4299c3cde9141824a7e4fc,8db5b6959cac8f8f,no,,
297_n10-empty-ordinary-environment-07.png,44df2a6d8599d15dce81d6b362bb5d45fa5ec27695deb63f24c89696aed573a0,3e56d6454646d787,no,,
298_n10-empty-ordinary-environment-08.png,01998bbbccfe92cf0fef6c67641bb2e0728ea4071487515c184c2a5520a4d1b7,0a436a6b53535317,no,,
299_n10-empty-ordinary-environment-09.png,6ed28568e808d76d93eaa2162694394d68dc4b6decfa44ca7d39899db68b1298,9f9ff7071f3f3f15,no,,
29_p03-prone-on-floor-09.png,5e672724004a81b5b2d705c84a7bfb3bd5dadec21ca063c60d35dcc09debb938,fcbc000060624685,no,,
300_n10-empty-ordinary-environment-10.png,c73615ff2ead991d63116598175c5d97e7bc289cc89c73399c1c2e8867f58ff9,6676968e0e0e191c,no,,
301_h01-sitting-on-floor-01.png,5f82ee8030a64dfae05bb4583c289b09c8ebc33280dc2f6e4a53a10bbb60b2fc,33353263731b1b17,no,,
302_h01-sitting-on-floor-02.png,5e18806b0d663d3a7b16e0bf3564749c245323f6fc828cd80add4c68d279c87f,666627e7e3e36969,no,,
303_h01-sitting-on-floor-03.png,27d688b997b3048bf57efd35520fa34bd3adccda66575f1ddb0bcc298629ce4b,b82264687870d6c2,no,,
304_h01-sitting-on-floor-04.png,4bca926036b8d0324b411c6828586467b408df92eb1db27af3b8dd25bf443e17,86b6a626a6b3a121,no,,
305_h01-sitting-on-floor-05.png,2b6115e018583759cfe5df4bd1fcd315bb592af2d089c3a701da59fbbbf0e6e0,9b5b1b1b4b67531f,no,,
306_h01-sitting-on-floor-06.png,73bc09ee9ef0fd6bbb582bbe0db98cd4469f12a8834626f5fa2cc0b71ba6acbd,9c9d9d97b3831311,no,,
307_h01-sitting-on-floor-07.png,aebf6050b3fb73755b48cad44728ca0f55ae95c078047887335bcfcc57776c47,5c1c09078f898383,no,,
308_h01-sitting-on-floor-08.png,d9f51b8ff2d02493d7ecd7d16b28d4480d32456bbd87bf21b040cc6b3d4eeb33,6191367c7e767e7e,no,,
309_h01-sitting-on-floor-09.png,b18857cefb35aee71924a5cca2bd68a70cb29e28e5ec82e53e447f3301f1da13,4c4e5ed879b9dd9d,no,,
30_p03-prone-on-floor-10.png,21a5aa9d0b90a82dff6f58e818f3f4cd2c2c7f83a07fac1b12e2a6bcb2b74a4b,6c96cece25391b33,no,,
310_h01-sitting-on-floor-10.png,5785e793610f7f7677b6c4d9b947c828a4e56e2d327d06adba47f377dfb5dc43,3383d33330336626,no,,
311_h02-sitting-on-floor-01.png,a08dc0677c5f0c67aecd4897fe8c39f6112c2732b2182b3d889b03b5a98b617d,505ef8e0e0d29202,no,,
312_h02-sitting-on-floor-02.png,74c096570ad1109e55ec956d25c76b0c3fe1a9dc51eef03da1642c07d7a765b9,8209090141e12207,no,,
313_h02-sitting-on-floor-03.png,26e8e9b1f421aeada92548231e0b832e6d0554ffe2dab403516c7c7a2df75a5c,040905050d332707,no,,
314_h02-sitting-on-floor-04.png,da3050615af0f957ee851f59d0ba1728110d72e2ce5799555015baa71545303d,2707072727070707,no,,
315_h02-sitting-on-floor-05.png,de763ff98de5ee15d2e08431d68de418de7ea91184c26b17329924d58a43cfea,383b3347d395bdd7,no,,
316_h02-sitting-on-floor-06.png,51defa65e8ab2e4ac0e0b5d0903a50bd79b93ab562f59ceac93d10e35c3d7026,6765656d6536e7d1,no,,
317_h02-sitting-on-floor-07.png,a492fa3a45b44a5055130be2502affe0940bb028630d22086170baa7a9120e9c,0f0f4e976de7a707,no,,
318_h02-sitting-on-floor-08.png,47c966c7e3000e227ea832590ab7f537270c4f411e1e5f9090b91012315ee2f3,b111333928ba3938,no,,
319_h02-sitting-on-floor-09.png,535a93d41730af7911e98c7078fc4d470a277fdd4048c6e80cb57ed8e7db3439,7b6b333213331305,no,,
31_p04-prone-on-floor-01.png,b0bc6b665f847380a62540bd0387a6356f273185253e134cc9d731120aee9ba7,f47c6c8c0c682070,no,,
320_h02-sitting-on-floor-10.png,87f2d821c7096f9fb25574f6272bb3ccd52ae160cf83b591930e5b2ea4bc6b99,20c6c68e838b1b1b,no,,
321_h03-kneeling-01.png,8abaec058bf120acbbc5434c306d186beb4b4ab37623f024a025f10b349d0950,1551313131313232,no,,
322_h03-kneeling-02.png,bbf2f9c60794f8bc935d2c5b0b8b4f103c4e98e20d82758d877739c54216a75c,eeea6a1a3232723a,no,,
323_h03-kneeling-03.png,571f202fd7c667dc9f715fafd3e988e9d01f736b0771132dffa4771b057e7be2,f99992d692b8d8d1,no,,
324_h03-kneeling-04.png,16392ce139623dcead3dc9e6c9c492a2b1dc95c6b12bbdf467e79045a5b6473b,2322b6c6d2f3f3b3,no,,
325_h03-kneeling-05.png,0c2c8ab08df945d01ae69aea7d9c57f73a9db4e3c88a362ea2e0216b2a433e06,23b3232f1e3e361e,no,,
326_h03-kneeling-06.png,32aebc215aa35c65df2b994cf493dc70b1234b21fcf72caa58f454761fd3d3d8,a6a2a6a6b7a3b206,no,,
327_h03-kneeling-07.png,59c6841fe35ddf9c5c53fa57c3908516e081068c1c9272b3beadbc2375a14b42,6b6b636f57bab2a2,no,,
328_h03-kneeling-08.png,5ffddfb69084de8140cc48c025565813a115bdcb4ab7f3795a3edef67341cb2e,aca8a6a7f3676747,no,,
329_h03-kneeling-09.png,5edf07d26c5eb6d7cae80f2a262e808ea87dbfb5f683430326b265e8a2028eb6,872e6f6be566677f,no,,
32_p04-prone-on-floor-02.png,ebdcd19a6884c77a2a854aad2cc33d145633833b0ef739e0c6b5fd302bf87dee,526262c759f89987,no,,
330_h03-kneeling-10.png,2945077368eabff86b0a88694c309b66a40b7b4224c9ade8d5cf2056b3e0fd12,646064e464646003,no,,
331_h04-kneeling-01.png,5c88c36cb9519b09e448c3487508aa73ed4bd2a763f46680bf9322017a3df9e0,1b43d3e3e533b322,no,,
332_h04-kneeling-02.png,1a97fb68f1b7856a23da903b44dd63534a8c2936bf4554b90da171c6d99128ed,2facaa3332322531,no,,
333_h04-kneeling-03.png,fb291c9e0e88809b9c1bbf3023a4e133b56f9db057cd1b019396c800187c6d46,331b4b2733333333,no,,
334_h04-kneeling-04.png,81dc5bb723c3ef2385587823a37b33ea00c313aa9142416f4225c1f7bd9cc780,3434243230303c3d,no,,
335_h04-kneeling-05.png,a5f49b6be5465bc6bc6b528ff6582663251262079bbf4ef39c09f8f94af1fd6a,9fdf5fdfd59d9c1e,no,,
336_h04-kneeling-06.png,a34dc5ac505694fb09bf451aa1f857cb16f576943981e81bbde97849691e2244,67070717131b1919,no,,
337_h04-kneeling-07.png,cf0fab739e5b2dba3b00eaabca7a446d0681ad5c6c05a8dbb6b0d7c28861bfcd,0e9c9c8c0c311b1b,no,,
338_h04-kneeling-08.png,c8cb3323d15195f6ab37a8612bda59fe1b5c5709447488b249b6ad10f803b39d,858d81b18dd9d9c9,no,,
339_h04-kneeling-09.png,95ef71cca5f36a01b13631fe23712631906745bb360b3232c4788152083d3e8e,9397979998888705,no,,
33_p04-prone-on-floor-03.png,a0e0ec4f94be40b43c9f805fbffbb25dc69995126cf2caaf25bdc16b8b8b5d98,2e0a3a1ab2a09397,no,,
340_h04-kneeling-10.png,0fd7a8679875274d283899f60951ec8bbfb07d48c512677d4326f8c28f1490dd,3191d185cb6b2707,no,,
341_h05-squatting-01.png,c9a1818d75502dd3d49f09aec32fd72a5c3d4f4753628f8e446bd05431687831,5060e21a1e3e2e8e,no,,
342_h05-squatting-02.png,c01f918d19a67837bd2ac6ffef2744eda19c79753cb42a35e8813f6607eed406,cb492963e7b3a2a3,no,,
343_h05-squatting-03.png,1ed23067edcea8314d40a89b2f0099b09a4158392f566ffda462ffbf94f69dec,474b614555564747,no,,
344_h05-squatting-04.png,ea21f40aae14122b6aad0d2b26e191b6a5831ee2cfd5243299715cfeceda9682,0606064666460646,no,,
345_h05-squatting-05.png,1e4dc4cdacc66d3065bdf94b0485b2471346e343c932d4b151577c9ce4914840,2f0f373333373733,no,,
346_h05-squatting-06.png,ebc7a165a2f361248ae7b5da7d777e9a8cefcac5782919f245795395f5e4dad4,4acaeacad8d48682,no,,
347_h05-squatting-07.png,f7ed8f5d26dcd88e619f034c2433fcc5e45099454abf424c90e0f40b041529f1,090d2c8c09d99c9c,no,,
348_h05-squatting-08.png,57fb50e97101ae1cda04436212fb0824c636fe0e3c9191df396359df86b78885,c3c3c70726063636,no,,
349_h05-squatting-09.png,1d65e08d16ef340f6405ccb60f352ea7050ebc21d5a07c0596a4300c3832ec60,5b5b5b1b69d9193c,no,,
34_p04-prone-on-floor-04.png,6e170627385d2e2dbdeeb95c19602073232c77b509190eb778642409cf8c0a43,0b0a0c8caca4a4a4,no,,
350_h05-squatting-10.png,96b35071dbdb8c08a0b6cdcea3b29254263c2e8f23bc580f16a05affdaef1cb4,ab828e9e3d3c1e97,no,,
351_h06-squatting-01.png,9d51842db456f20284d6d821eea6fc180cf491666bb736d8adecd47b93d88344,7535353036362733,no,,
352_h06-squatting-02.png,21e39b5f62d3e42f57b1f4a6eb3d6e2de4b48a193a7508edd3dc2914c62b7452,275e3d3d31353533,no,,
353_h06-squatting-03.png,4db498f7d89028b884b3ad72b466542296ceea8b6434cec90c51d30a21bdcd22,762c2c2c2c083939,no,,
354_h06-squatting-04.png,5f443d6393dbe2f28eb5fa6a524207ee05b4d6e0649b8ef7fb3096a7391d9ee3,0f0a09993818080c,no,,
355_h06-squatting-05.png,0677f623922ae8c0833c4608b442c97f115863391363ec031746984b2a1f7bcc,820e0e8c07274f4d,no,,
356_h06-squatting-06.png,0701ddbdd49380437869cac2251251f3aa0b305fca47da6de7c2fa171e582854,eacecececccccccc,no,,
357_h06-squatting-07.png,02d0518049b36e6c2705a4571f7092c9c48fd6f79e4979e7771788eb9107f992,999e57d3c7470787,no,,
358_h06-squatting-08.png,30bae33ef6a87738d1ee9d7d6ce2d42944cd954b3f4062fd6de26355e168188b,e4666e2474766edf,no,,
359_h06-squatting-09.png,549d55d23c0e591fd1d4500c7b2ead5eb5f4f6657d9d5bad963feac31c5a9b2f,26ae273534b80e0f,no,,
35_p04-prone-on-floor-05.png,f8e866b52682ef59c44ca191aded4a9fd7248b59937cf0db5cb460fb729f06d1,985858481818181f,no,,
360_h06-squatting-10.png,e94ff2a0fe9a16ac49da733e32db3d60fa436f385d1fcb0188577a76ff65c6ac,d3d3d3d29a9a9b09,no,,
361_h07-deep-bending-picking-up-items-01.png,3cd2d69225587134247c61e84a90055f9263867f885b60900d79f8b8694c91d7,0c8c233a3c37373e,no,,
362_h07-deep-bending-picking-up-items-02.png,7bf20fa13e69139b8874c930ee245517752c005e62842c8cf2cfcef474aec026,1f3f2f353437333d,no,,
363_h07-deep-bending-picking-up-items-03.png,4e2129d39ced0b8e46b950449cd4ad48a5fa5bfc7391129916c226441a2ef9de,1293918b87654b06,no,,
364_h07-deep-bending-picking-up-items-04.png,73297f5338a958b2cbfb7d2852f21215f4f3c2796efdd1c0d411aca59420b63c,a7a7a2de8eae1f1f,no,,
365_h07-deep-bending-picking-up-items-05.png,bc4efb01b55985b35af985f38408d386d11cfd7fd11f6a739d781c11df2a5519,b2a6b6b696961e1f,no,,
366_h07-deep-bending-picking-up-items-06.png,831c2c6bfb1688043d0446b34aafb679bf35a3f31111dcd322a6256278fdef1d,a6a6a6a6c6cece8f,no,,
367_h07-deep-bending-picking-up-items-07.png,79425afdceda6470c49498d375bdeb97e3b0ec24b6a4362771a0071f0c98f474,4a1aba3230191c36,no,,
368_h07-deep-bending-picking-up-items-08.png,eb3a93d5001918d6667baef0276e5a9ab6386e2d4e3a911e3bfb5b11e7990f18,3482d2d2070f0f0f,no,,
369_h07-deep-bending-picking-up-items-09.png,31e8875b4138b283db834f0e157c46911c3afc0b6a3e61e4dade64dc5ae0b9dd,191d7ce4e8481061,no,,
36_p04-prone-on-floor-06.png,f1b5913e989719018e6e4aaa961deeb9ff74526f6a8e219894b2361843fb3f7d,6969696868d92e3e,no,,
370_h07-deep-bending-picking-up-items-10.png,7972361e975c8ecd25f7e1913a677d6a3a4398700459712f51f483a610003079,0341496a2f232360,no,,
371_h08-deep-bending-picking-up-items-01.png,f04fb21225a9ff7f6c6452c2b9958413bffe162dafc13672883e5f8b88f90b19,66a6e2b134961617,no,,
372_h08-deep-bending-picking-up-items-02.png,4b1351f2a093e5e070086aba2464c9f523abb19afe101a9b27134d10c88311a2,2e64642f2f272f0f,no,,
373_h08-deep-bending-picking-up-items-03.png,21a12c82ab225ee00d3c587a42019afc9d9f89044201cc7d65d40a513e89779a,cdc4d2f2f2f3f3c7,no,,
374_h08-deep-bending-picking-up-items-04.png,4af3beb43796a537b6d2a6b06b4cdee75b0dfaf302f41b74ac9c42815cb454d2,1d9ddd9b9311101c,no,,
375_h08-deep-bending-picking-up-items-05.png,684d51921547237aa0163f511155f18a911860610defed850f7af3353bdd43a7,eeefcfee9fcecec6,no,,
376_h08-deep-bending-picking-up-items-06.png,5ed852acfb613f62d806ae9387a129a8441078e95bf98a8681a85b2019d7c1ff,4747531253131307,no,,
377_h08-deep-bending-picking-up-items-07.png,98746b30c8fb3d5defaae1cabb25c4d708a6c9ba8306a1785888431a99b2e8f9,91919149d3978b0f,no,,
378_h08-deep-bending-picking-up-items-08.png,9b9c53476c8f197ebb4c7069c8ffa54f1a72385f8db028076dd3824d0888e142,cc696898acac6c6e,no,,
379_h08-deep-bending-picking-up-items-09.png,3ca6ded7e9efd01403f5f564bf3bbaa2ce7cc53a9e4d4c9c5327c6e862dd35ae,3311151503310103,no,,
37_p04-prone-on-floor-07.png,0e1ff5321d28285e1d16e15fa827f563e8337975bbab243c95ab0921a4a035d0,151d1e1632191d1e,no,,
380_h08-deep-bending-picking-up-items-10.png,bddb297fd24794a0fb12903c66b06983947d457f7cd37306d8b8b8cada0f3978,505b1c1033276747,no,,
381_h09-exercise-push-up-plank-01.png,44e8623e2ad766479925476c92fbab18bc3c1e7ba9e45c5654134bc13c936f2c,d616171567672337,no,,
382_h09-exercise-push-up-plank-02.png,7dedf3f76b5dee1261b3a17ffca7cddd821fba988c617c2009b9040b935b1821,0f8b9bd3b3314b89,no,,
383_h09-exercise-push-up-plank-03.png,fe68b7260d64c41240854528bd9b8288ee9273426440d9565c628b7b96b5d279,9989c1a4323e1f3f,no,,
384_h09-exercise-push-up-plank-04.png,a77070411d9ef6b04478c49bacf57f784dccc1ec7c4ba101221f19a027028dec,a383c2e2f2eb3303,no,,
385_h09-exercise-push-up-plank-05.png,f7e3f93d49290d8262bf2f119da7e4d34e03675776f035ed52eb7b863efcd793,e36373a33b270f1e,no,,
386_h09-exercise-push-up-plank-06.png,4b03baae4546eb6f47fb73a16830c7a1ba949f331babc98b0bbccba0c05b7c11,cbebe2f1796e6f7f,no,,
387_h09-exercise-push-up-plank-07.png,4708f5506f9bc32adfa05ccf4926c76a7841034d02e658a652a832c7cb4a4adc,381b5b3327e38b0b,no,,
388_h09-exercise-push-up-plank-08.png,21f4286a344ea0ac02c3f5ce64d9873282b0e088c68b5f15cb1aaee753ab9c96,2c2c1b2e2d0f0f07,no,,
389_h09-exercise-push-up-plank-09.png,f1247d624540a5c7d88d0ec34acd267160c564003bea77c3aae1df5cfcafe50b,3e3e1c1c3a191917,no,,
38_p04-prone-on-floor-08.png,0b287efdfc3024b27a31b7ea34b57c0bb430c8ec44d51c7e3d7ba4d1866d5a88,373e2326253e3f1d,no,,
390_h09-exercise-push-up-plank-10.png,38734fed0f3668e0742c0ab92ea498ec156e09d8300ecf9c3c49cc36154805b7,1766e7f3a7270317,no,,
391_h10-exercise-push-up-plank-01.png,89f0c6b751a3fc4538d934f18cbf75abc3b6719bcade4b0b531c203e44d721c3,879b9bb33637cf4f,no,,
392_h10-exercise-push-up-plank-02.png,3e4d7e5fe90a8a30bf63a219aa6473320f0776546f99aee49410053e6c32e758,ca92c3c9b90f0303,no,,
393_h10-exercise-push-up-plank-03.png,5fde9a687c2d7bab3e19ccc3071680f7ba5a21eaa665cb144f86ab38ab1ab627,121646de933b1f1f,no,,
394_h10-exercise-push-up-plank-04.png,703e735086d99182053612c80c9c6ea191cce537dfeb1d2c61626e6efb394b1b,4b0f0f154d1f0f0f,no,,
395_h10-exercise-push-up-plank-05.png,57174e902bab4a4d1477fdb6ec7ffa0c7a7458cf89db796153745afe4ffbb19c,96979793b3b38393,no,,
396_h10-exercise-push-up-plank-06.png,b9a1657ef4ebf2367368ce7885465511ce790a08431195cf4714d84018599f74,9d9d999991b10111,no,,
397_h10-exercise-push-up-plank-07.png,fd83f0b1328d4a65b2fd7492af0781dcc050a19361b41e7a19d46a9630fff142,999315575d25343c,no,,
398_h10-exercise-push-up-plank-08.png,1c9d75f4a8dfc096708c8977808fe92a4f8a9cca8ef2b3b140770ba7d4b5c60f,6175454567636646,no,,
399_h10-exercise-push-up-plank-09.png,d687192e8099815b736d2f895e63bfa75411bb0b7585600eaa1dc22edd2978d4,33363736f050180f,no,,
39_p04-prone-on-floor-09.png,d773a98449579e05400caa96f3404a34bee9c963473ba701f36540506ec3c914,1bf58f0f73631f37,no,,
400_h10-exercise-push-up-plank-10.png,4d7aa71171de2ca38a44896049251c1dbf4395c8907cb6e4cd169e9356424456,c6e464ec48cc5091,no,,
401_h11-crawling-under-equipment-inspection-01.png,cac451940fc64ddced44b15628f08b7618922521d8da412d5deaedadf876a3a2,099bd3335b988819,no,,
402_h11-crawling-under-equipment-inspection-02.png,ef729088133e5ad62aad99296acd23ad386b3cdcfb2531a05fd42e3761149ea0,393b3f3b35776357,no,,
403_h11-crawling-under-equipment-inspection-03.png,1db53aef77ba24f7d2cd4f78fe254555ec844ac3258796d8cd88825b7d1b0f1d,9c9ab2f0f4e4e4e0,no,,
404_h11-crawling-under-equipment-inspection-04.png,4abbcee850e7c6b0ed6e043cae4a10892e5502f0705fd8bf2bce014ee8ad9c27,cecfcfc8cbc9c889,no,,
405_h11-crawling-under-equipment-inspection-05.png,8820768b55dd9b07c8d0589459ca0a8e5ee5404ee710ad1930f0084083825031,a3a981b139120647,no,,
406_h11-crawling-under-equipment-inspection-06.png,4e023daecd3b5953c668f2e9da36cc495d266016b85340172fac47ecd98715b1,2b292d2db5b1b9bb,no,,
407_h11-crawling-under-equipment-inspection-07.png,209808e39feff002661292876bd8f31539dcefb64653374cb63e4ede8437cf9e,9a9a9a9a98aed34d,no,,
408_h11-crawling-under-equipment-inspection-08.png,06415ce063427d056e000e1530439daae92a6f45181f587e1672d2585c20ad55,97979f171f9f9696,no,,
409_h11-crawling-under-equipment-inspection-09.png,9bdccc82d49745c8bbacebf0606e6b4383e9e62829d105a7d8a6a4128f79ebaf,9b1b3333634fdf9f,no,,
40_p04-prone-on-floor-10.png,38d1d21b30b887accd43d41597b0a96be07060130854671098423feb919a1d43,9f9f37335915070f,no,,
410_h11-crawling-under-equipment-inspection-10.png,d32e9013a0df3097fd0c3d9613f5fa347bbbea3c542225f88ff571cb61a42c38,4842e3e2f2d30303,no,,
411_h12-crawling-under-equipment-inspection-01.png,52dacbf848906973e13a5dacfd50474d2baabb5751a71e938d316f47c0269aa0,2464606269657ef7,no,,
412_h12-crawling-under-equipment-inspection-02.png,1060a050b89a8a175bf95ad7d5af45b192fd2259c56e9733d6f19b5eb349b1e6,c64647636369ee6f,no,,
413_h12-crawling-under-equipment-inspection-03.png,2cc830e9749cd5eaedf44f02f3810a55ce3928fc243a0a99b0e8bbef93246992,565673f3e272f0f0,no,,
414_h12-crawling-under-equipment-inspection-04.png,58c5667aefe82b6bfe21b7d6c5037c9a804dffdbd234cf015f799e11b2626454,0e4e4e6e7676d7a6,no,,
415_h12-crawling-under-equipment-inspection-05.png,6cba94f1515684b6125b8651135ff1ff55cf9fdb2455c268a317b6f39890acca,0707074f45640606,no,,
416_h12-crawling-under-equipment-inspection-06.png,adf62563a50e71af40d77d9a800e13865f73304b1f7546db91499e1e821e6a93,3131392425353525,no,,
417_h12-crawling-under-equipment-inspection-07.png,257a990dc10932772e9899ee9ce8a1638fc614b2859943b4589b991e522b6214,33331b1333330f07,no,,
418_h12-crawling-under-equipment-inspection-08.png,996236a1b74dcfde44a2d2a1909a1cc77f3e7065b57bb0780c01846acabd044c,311525351d1d3f3f,no,,
419_h12-crawling-under-equipment-inspection-09.png,13c3bf3840d3399f6ad13d068963abf376766e7977c5661bdb7cdf93764bdb12,abad313331370f1b,no,,
41_p05-side-lying-on-floor-01.png,2a56166420080f6334e879608539170bdb9c06953e57519f7df004838705a3e2,b2b8383c627b373f,no,,
420_h12-crawling-under-equipment-inspection-10.png,b0aff707e4a2f6cd126e256924de2c81ff4a24a82c42c26a20710d8f9a2fd047,9e1e30b0a1050703,no,,
421_h13-normal-lying-on-bed-01.png,46f6c7a99ea910f38b01fd662f77f2ed0a3e7eb28f481889041aa902ea650162,62c460621383303d,no,,
422_h13-normal-lying-on-bed-02.png,c3b8158da16440a5e8486b6bb5d61241b17ecb20a5d9eaf0c0c286df543edcac,79d7e765777c60f4,no,,
423_h13-normal-lying-on-bed-03.png,c8062dec19242123c02dd2eb19de0e10210819a653974741663ea10855938af2,ece9e9d1cdc3e5e7,no,,
424_h13-normal-lying-on-bed-04.png,c9e7f1f277b76a18474b1c9d4a28fff8a629341c530a542b484c00092095551d,1d19f9e1e1c99991,no,,
425_h13-normal-lying-on-bed-05.png,60d450dcb20ee65c339dfe8ae9af55afcba6e42d11738af332a85a1d48d8dc94,c1d3c387878f8f9b,no,,
426_h13-normal-lying-on-bed-06.png,4eb0f59edac1bb39a44d99a0d4fed42836c0820281a37c15c380473cf88c13af,3939383c3c171b1f,no,,
427_h13-normal-lying-on-bed-07.png,8f136aac3578b0bd02044d60e08d340715e5d45eb426dcbc9ec287d0ea281233,25296665cdac0e8e,no,,
428_h13-normal-lying-on-bed-08.png,fe1fb50671627bf0006826be2bf62ce7d0324a39637948470ec730c629436747,585c494c1e4e6e2d,no,,
429_h13-normal-lying-on-bed-09.png,bd82558ae84a060f0dca6df86e2de9384f62ce55df932edfc9a8fdd16fcc9ef3,494909616048d1c1,no,,
42_p05-side-lying-on-floor-02.png,c3e644298d54499a3202d20f1f667081fe45ef7900eff0951afcbd2e1c73dfcd,c727478733786407,no,,
430_h13-normal-lying-on-bed-10.png,f2cdd1e876695c0f778dd80e7aaf3bf1f6fde24df4fb7a0c6c3f58e70096228c,87312551183c3f27,no,,
431_h14-normal-lying-on-bed-01.png,1f879755c890c0c9cbc47966b6e2625af4567e4eae49a1f6b96979cd18749052,edcd51498b299c4e,no,,
432_h14-normal-lying-on-bed-02.png,0d37a5dd98879d0030be0f39e6eff68f134550cfd5af9679fe58a0f95b9cce47,6c6e131da68e8686,no,,
433_h14-normal-lying-on-bed-03.png,b458f966197df7ac523823bc947830fc050d9cc9ea1ae24ffdf74204f330170a,bdb4be67616b9f1f,no,,
434_h14-normal-lying-on-bed-04.png,60ef0ac470b590898e537f1158b8576a7f1c4d242d274a8e2f4d0c3b05319654,0d0c8d8d8b1b1b2b,no,,
435_h14-normal-lying-on-bed-05.png,aa5b0709cfa39bec15a3ed7c1d4e77727a612281b27099e30089b12f697b8e1a,652d2dadad151c1e,no,,
436_h14-normal-lying-on-bed-06.png,3549021aef62c2c5676b3262f0aafd3e1075636d4a8443c60898d420de45d8a4,cae3e3e0db9b3373,no,,
437_h14-normal-lying-on-bed-07.png,3e68c7b0b82d6437ea1fe4e9fbef1d4099730cfa50bf2d28f5e6b63caa25f908,008387d6d7c6cc47,no,,
438_h14-normal-lying-on-bed-08.png,98af917191392b811fd9e2e1a9146ccdd8238b52c1405276695f3316ff156df4,0747565465372727,no,,
439_h14-normal-lying-on-bed-09.png,9577e3f84bec3724324d2655a020e6f55403ed9cf1a46cae4d389ffd3e55b9d1,1a70e18331390d89,no,,
43_p05-side-lying-on-floor-03.png,27ab8404612d800fa1e25c2b6dfaab48a4dea15df2e9946e3a192a8ac2dff522,5374746652e3c787,no,,
440_h14-normal-lying-on-bed-10.png,32cbd3b84dcb717cb22c14e8c0a1089420313605dab4d481e758fec3e7dcb78c,f1b1b1ddcb496d39,no,,
441_h15-normal-lying-on-sofa-or-recliner-01.png,4c4513995584aae794805f837a42ebacef2f35e2067881081042c9881a6b9c58,ec213f326864343c,no,,
442_h15-normal-lying-on-sofa-or-recliner-02.png,34fbf5f7d21a4e5ab060526c9d40495bf2224373886d7741bce9ad7d446ab2ed,31279783c1f1f1f1,no,,
443_h15-normal-lying-on-sofa-or-recliner-03.png,a431e3f73a598c7ab8ceb4c4b8a4665afcb49728fb40ec498d903fcc4b33ce3b,7470f8e8e8881878,no,,
444_h15-normal-lying-on-sofa-or-recliner-04.png,965273fb442a82450c2da366e22648a4b2900170943e4f915e570b8a82a1125a,141446c4c4e4e5b5,no,,
445_h15-normal-lying-on-sofa-or-recliner-05.png,7ba099da8a7bd707833fc1c1c6100e824bbbb2cfac01112476ef5fae4947da45,5111414169697139,no,,
446_h15-normal-lying-on-sofa-or-recliner-06.png,d7502e188ce03a477fe78877b55ac552b8f1a8f6368bdaac687940e6f3d8eea3,a9bbbbb8bc9e8e8e,no,,
447_h15-normal-lying-on-sofa-or-recliner-07.png,94a8e171cf5bb824c72eb84d510654101b8ae1e27a4dac2da7077d92b98a7406,6551a893d3c3c3c6,no,,
448_h15-normal-lying-on-sofa-or-recliner-08.png,618fcec7f36972fa4094a8d0b184794972a509eb6a945ed8fc79c5c6aa1689ae,3949d150786b777b,no,,
449_h15-normal-lying-on-sofa-or-recliner-09.png,0d314b9a6a543ece3ab8175a9ef93c6745c3609b946fea7a062b120f45270b4c,1202417139380000,no,,
44_p05-side-lying-on-floor-04.png,45e4c31209b3a7baede57f45f9dee5ca938abd06bf17e18f4135b2d72a200f6a,0c0d0c1e31610f0f,no,,
450_h15-normal-lying-on-sofa-or-recliner-10.png,6cc5bac47452b51c8da4f6cc683fdf863623a5e1aa68f461f6e5e62e66465c2e,c3420a66e6c7c78e,no,,
451_h16-dummy-mannequin-poster-01.png,61b19442a94aa1a06179b8dd7d8d8493a84a5cfde4bbcb99ab21e71fb1a74618,159e34010385d973,no,,
452_h16-dummy-mannequin-poster-02.png,294338a403d06fe09d5d31d1438eb5164a68a0c04196491add90d09d33200b06,d99961e1b1230303,no,,
453_h16-dummy-mannequin-poster-03.png,0c127701fdce43cabff2f71bc735cfa35b4d8a5f8777782c61f444c3af9e8fb0,899911999858747c,no,,
454_h16-dummy-mannequin-poster-04.png,50f9f6882bcfe326812317f160a55107f7f09bbd2eadfcef271c5c03ac6f0cea,cfcdcdcd8f470f0f,no,,
455_h16-dummy-mannequin-poster-05.png,9bf3658b2b308f926a5cdc8c7f0a45015aad8da0cf42918180c6984932e200e1,321737b3b0b03bbe,no,,
456_h16-dummy-mannequin-poster-06.png,c8bfe86d93936469cb08a62aa5bc063152c2244b1880ff946c178903855e8085,7066666e66676727,no,,
457_h16-dummy-mannequin-poster-07.png,5892e1a7a5ffeae8987de335f028ee827b22df6c340522930674011e6b1f924e,4fc7841d92190d07,no,,
458_h16-dummy-mannequin-poster-08.png,cd41a9ff56625d884ea1029ed61e09392ca5596a9ad6fcb6c549543f186cd7f5,1d998e4ee7c10d0f,no,,
459_h16-dummy-mannequin-poster-09.png,76259a722e45bfd9a6097583dfd229f143dbb4d1a9fbda6ab76a703bd0d18663,c74d020717270303,no,,
45_p05-side-lying-on-floor-05.png,bd92eda4b83fdab8da9176185c1497fe9ff75cfbc151e0e9cda00a8d9f89bc13,1a1a9a9e96b49c8f,no,,
460_h16-dummy-mannequin-poster-10.png,7689157de5748d571d1d29ba4aa26f35e5073c8874aacd08fb6338da00f8ad37,393b6371f9995373,no,,
461_h17-partial-body-causing-illusion-01.png,d54d29b90512641b4db2b26b2bf5da63465277bfab85b9fb513dd303df8587df,9b9bcbf3b87e7c3e,no,,
462_h17-partial-body-causing-illusion-02.png,9689588dea0ba406d4f544c7a6e61e4fa03fddf6df4997eeccc6d60cd89772fc,4647020a0c610303,no,,
463_h17-partial-body-causing-illusion-03.png,1ce519d807c7899f85e6892f5c0b4ef1533ee1d3775b707c7dd9aa25b3f45818,dcccc9c9d3d1d1e1,no,,
464_h17-partial-body-causing-illusion-04.png,98ddd0359a6a6f84b1cd1d2a135103c8bff90688123377f68bf9515b31b701b6,4f0787a4260406c7,no,,
465_h17-partial-body-causing-illusion-05.png,f32ca9b5086c045ae9b86016ac3b67b9e3dd8b58dc47b072b58cec0e5eba4f83,0b291a1a1f1e0e0e,no,,
466_h17-partial-body-causing-illusion-06.png,bbac479ba463ecbec4bf0228a2db31b9ab432ec6c1a8c80750fdfe6e7fb83028,6e694949494b4e4f,no,,
467_h17-partial-body-causing-illusion-07.png,6af1dfe0b032a18225b6a8f6eb7a1302cab4d2ca823ac84ef56c2a932831d090,b3a3096767870f0e,no,,
468_h17-partial-body-causing-illusion-08.png,f8a61f9b6e17433dba7d95c40c5393d2c951bb865647e3e16d08fbf896dbbf4e,0f8b929fcc0f0f0f,no,,
469_h17-partial-body-causing-illusion-09.png,de8f82f254ef0864d85ae51786f9bf5a0b543862ef8b902b78c9e5e36986cf34,cc0de028d8b18082,no,,
46_p05-side-lying-on-floor-06.png,1aa07102c66e87fd6004b84996a0fec67f8f3abc55bed2067e96cd000bf9a0aa,34362e18783b0307,no,,
470_h17-partial-body-causing-illusion-10.png,e655290bba2753813a6bfb02b2df89e3d3250efb0f726146d8a3a366180813c5,59b999a9efc7c786,no,,
471_h18-screen-mirror-photo-depiction-01.png,1b34b119b76107799faafc472309340ea53e59577e39e3cbd70e66f51e3d7c6d,879f969096303a7b,no,,
472_h18-screen-mirror-photo-depiction-02.png,c9648cc0d4d9c45a782f9fd8f097ca2db6312846677e4315a7f7236d9b778368,13131718381c1f1f,no,,
473_h18-screen-mirror-photo-depiction-03.png,88a31766d184f25d0cda9c1bbbb371dad9a4360849cdc10199839e4f72b6a1f9,a0b1b7e3a363631f,no,,
474_h18-screen-mirror-photo-depiction-04.png,192de9d1b4b4f4de9ea9c182d6aab74cb7d9cf9a2db4d5d70c8ed54ee9c6aace,13b3b1353373f3a3,no,,
475_h18-screen-mirror-photo-depiction-05.png,8faf52bf06fe2622e0e210de6f6a220c3a83d4586a16df2ade51ae7d6ea6de63,ccec6c6c2c2c6c6c,no,,
476_h18-screen-mirror-photo-depiction-06.png,2fab70e4e59f34d23cc7aa30faf18bbb45225f4398a08ca5f9218a8e9cd9c6c4,257599991d35a5c5,no,,
477_h18-screen-mirror-photo-depiction-07.png,a291f09636f99fe287612ebbead98417ef0780a43507e1363c57c1d87c5fb854,631b52f373733134,no,,
478_h18-screen-mirror-photo-depiction-08.png,c81d1041b8a7c1b6904a8cbb8d57ac0eb7817fd6da07f0fa06296a840145f60c,6c6d6d6c6c2c3c7c,no,,
479_h18-screen-mirror-photo-depiction-09.png,96f24147e536c8ca97cdfa97fadd81486e65ccbc74c474dcc6db58ef6573a470,47c783b3c7c7c7c7,no,,
47_p05-side-lying-on-floor-07.png,bbcc10a0ae8771d24f9d903beb69eef522f8742deb28eb3bb147f8cd94d27edd,060f2e2761e08e0f,no,,
480_h18-screen-mirror-photo-depiction-10.png,4750a311f4544344885c7c19d63b8c7cd19b07cf71f811cc6a5943a36bb3180d,c86a4312770f0e0e,no,,
481_u01-severely-occluded-tiny-blurry-01.png,c28f0f3bc296c8b52d6e90ae7618e7aad279755f516654e31039960069cb8f37,2d074f134c0e8e0e,no,,
482_u01-severely-occluded-tiny-blurry-02.png,dd1742034ee494f2f0de52522923f97876704ec2d7f40ccb3e4a8a4cbc091245,1f9c981c1e1e1f1b,no,,
483_u01-severely-occluded-tiny-blurry-03.png,88985a656737878cc709410da4eb0fab05efb88c4de009116bf70628bb332709,160e0a8694188c9c,no,,
484_u01-severely-occluded-tiny-blurry-04.png,25f2c8f537284dd7f41222b3d6be8d20bd0f509d1f7f239e3e39c40739877855,cfcfcfcf8f0e0f8f,no,,
485_u01-severely-occluded-tiny-blurry-05.png,74577dd73f281871070dc3178943ef64b31aaf86fd5b93932cbfd36e8eef36f7,9a9b1b1a9e9e9e1e,no,,
486_u01-severely-occluded-tiny-blurry-06.png,7e4a0770ae2ecf8cc1c8d2a4330c9623a0e1b96bf4354c3164e94cc7b16e09ea,9c8c8c8caceccccc,no,,
487_u01-severely-occluded-tiny-blurry-07.png,b6a20d373c06d1756ded8b4bfcc563353b59d28c395efd4d5ba505cae103d1fd,1919193734fecbcd,no,,
488_u01-severely-occluded-tiny-blurry-08.png,01b250a89c0615b5a4bd6d294b490fd1e9d354b95c753a2cebb954b293094df1,6626305656070747,no,,
489_u01-severely-occluded-tiny-blurry-09.png,392db083355cfc01773a3223d05f41e93f5a3dd838167b5b6a54a7ef8af149b4,8e8e8e0f8d1d0c06,no,,
48_p05-side-lying-on-floor-08.png,456144ecfb646cade4916bacfb4fa3d5a43cd9dd578dbb9f021842a9b201dfb7,0f8fefa92f0f0f0f,no,,
490_u01-severely-occluded-tiny-blurry-10.png,7c41ad0e30fb97508822f9d3439b3222742d7212c8eaa396dfe50209c240a583,27636c6d6f4fce8e,no,,
491_u02-unclear-support-surface-partial-body-01.png,6c3308d03bfb85ef13872b4a2e7f112a79234e20a9d59946f69409fd506295cf,666666747363c386,no,,
492_u02-unclear-support-surface-partial-body-02.png,ad5ccfebaccf856f079af18e0be494bdcbf9eeca99fd7deb224d08cedb4ca03b,6363430f4d430313,no,,
493_u02-unclear-support-surface-partial-body-03.png,2be33ac4a9f2bbdabf6fe5f2346839997a0d26aac19d1445af42bf4d6ba16448,99991d341213d191,no,,
494_u02-unclear-support-surface-partial-body-04.png,7751027a80e172832764bd0b04fd0e8a453f101fb85b0fefdf0a8d7335f4a4dc,4f4f0f0f1f373b2f,no,,
495_u02-unclear-support-surface-partial-body-05.png,dfab34c5d36c51359e3f79cfa0d9e8c2d76f6d91044c49af74b67388bbd09c84,6473514d6965657d,no,,
496_u02-unclear-support-surface-partial-body-06.png,1bd363ac273eef3c3db4f9289e57c2526f110d0cdcb28c1447fd78025e427bf8,3438282c2c2e2e0e,no,,
497_u02-unclear-support-surface-partial-body-07.png,90a111dc0af4c91f31a1da651a1334fde32399b9c9752d6fe2f056c105406782,18526333139f9f9f,no,,
498_u02-unclear-support-surface-partial-body-08.png,4ec2bd96bf61c94c874b8f0039c30fd90a0b66ed0c223eedc09294be71c1cce6,d327273332363733,no,,
499_u02-unclear-support-surface-partial-body-09.png,de6e0304d704194197e83db7b5f6b1c3cb1eedbe7ef008c3e5f5ec9e718bd090,4e4e435040406060,no,,
49_p05-side-lying-on-floor-09.png,62327680277259c675a6504f4dc31fb69739f19221e2a2a8e631806a19882e15,383d1fb370d8ac8e,no,,
500_u02-unclear-support-surface-partial-body-10.png,ac6398bbca6c770708577ac616f17c5d08fa679bf6bf21e17cf6f101d9b8cb21,313123870503979b,no,,
50_p05-side-lying-on-floor-10.png,a6c5520e3615d1510868fa7eb35ac9a4a431ad5b9c6797810db0fecb1783bd16,1c0a0f33794d0703,no,,
51_p06-side-lying-on-floor-01.png,543366363d22efbbb907b006f3f86b877eea519fe5c6c98dad0cd699d9078b8f,585c583931799994,no,,
52_p06-side-lying-on-floor-02.png,9104b3c0cec7c4dc79881416cab26f85c6798fe75823c2315f7692b1b04991de,9357534e1170c50f,no,,
53_p06-side-lying-on-floor-03.png,40ab0258a86ac7e8afb15911af2081069b68e301b7a5af23371b895ffa142564,8c0343437770610f,no,,
54_p06-side-lying-on-floor-04.png,6e58218f754b18cfefcf1a55867e1f9ce0beb569d3c45cecc50f06f5b4d96c11,0f8d0e19330f0f0f,no,,
55_p06-side-lying-on-floor-05.png,40cd8ba87bfcbb00225de96b16624ec4872550b11252d00d3c2115e271eaadda,73c7c70793070f13,no,,
56_p06-side-lying-on-floor-06.png,b4ce4b7c71ee6cd208998d8e86e0051c6af3508cc497dbee82600ef9d19ee92e,2424243830261f0f,no,,
57_p06-side-lying-on-floor-07.png,1e44db1135509a6e0df16af3d900148b4a3e959a17a1519196655ce3761a62e2,371f2f2762391f07,no,,
58_p06-side-lying-on-floor-08.png,7e1dc717a13c06a582f22d3f729af0a05f6c6b3fa31fb9fa915c88f5a0f34c50,6ecccc2c66666717,no,,
59_p06-side-lying-on-floor-09.png,c23b8a580e2bf51df5820f66f974c76f2a7e2df2b876307aa8d74a8791cc2691,982171c50d236717,no,,
60_p06-side-lying-on-floor-10.png,95af36458be5ba10a6c1268ff6a6389338c3afd7d31462322e7ee0a93db19282,6a694e3733310309,no,,
61_p07-irregular-sprawled-posture-01.png,cb3fc95186cc9c5c8dba3642c4f7c827e2db6f76e0bc774ca4877489681ba90a,2664622060380e26,no,,
62_p07-irregular-sprawled-posture-02.png,a4b5e371a0c9a8426002ddcb06ff647bc733113b32d853dd1b5e8126ebd82662,0b0b0b0f1b2b87af,no,,
63_p07-irregular-sprawled-posture-03.png,c155e11cc5dbc7515c11c36d9a08eaa9ac188ad362db12571a3f839a0a2e83a6,d8dcc5d3f3675353,no,,
64_p07-irregular-sprawled-posture-04.png,b06508f0ff5e35e38aa70f6e7045bbd6ce1de7735ac0a9f9b75256bfabbff882,9507879733735b0b,no,,
65_p07-irregular-sprawled-posture-05.png,0fe945e667d39d7701aa99658ece8ac840c880671c67fa3c45411adafe12808b,622222282e271b03,no,,
66_p07-irregular-sprawled-posture-06.png,a6db45bafd81f698513469b4ff4a2d511eb7835a2b68143d6f0d7176ca77f841,ab8b9a9aa6b69692,no,,
67_p07-irregular-sprawled-posture-07.png,6752cbcf9b14a772e8124d7d7e19378a6675f95622ac0a8153462f610a40bc30,9f9f8d8fb3332b49,no,,
68_p07-irregular-sprawled-posture-08.png,f0a0f5419bbb53b7663c9dd28db06adb77f0f0258eeb41fdd3b6d4514e76660e,6c4941450733330d,no,,
69_p07-irregular-sprawled-posture-09.png,d8438107d83700364347ad3c26d071f64fe0431d0dcd4e5b8e60199876d4a51d,c3c1810131313121,no,,
70_p07-irregular-sprawled-posture-10.png,d3a538a2a1e5d2abca0f6117f64111daa0d2f3084088fe1bb7ff074b429806f2,363575dc98b09889,no,,
71_p08-irregular-sprawled-posture-01.png,6329713947ec4d5b2cff88fe809abf4feb9e8d016de5890149a64527094f0b52,733b3e3379298f0f,no,,
72_p08-irregular-sprawled-posture-02.png,62eed352082d639f7ec1da9a08bf8f4fd2709e3f427db78c21f125784c557919,280c1f373373190f,no,,
73_p08-irregular-sprawled-posture-03.png,6b30f078fd10835d53b923b3493e7405c7369707c233f93babed2ed9bce4d9a4,a841f17171580000,no,,
74_p08-irregular-sprawled-posture-04.png,5a679c20b46a78140a1723a94372f44733409706248382250009951f8c54c5af,1f0d0d0d27332b23,no,,
75_p08-irregular-sprawled-posture-05.png,5484e98bd9beb2564cdaa7f1895e38eca19d8ce2e1b14c9b4ca379bb63853c39,1717070f0f9f8f8f,no,,
76_p08-irregular-sprawled-posture-06.png,8d55ff9191c8345510d898d4ce7f4e102bc545da00a04d34b4348b44dbc30b49,e6e6e666ccc880a0,no,,
77_p08-irregular-sprawled-posture-07.png,68912e9f3ab5ff7d86ad8b23771f54ae9d1c88fec150a78a012c04b3c15edf4f,0d8f8f2561e32f1f,no,,
78_p08-irregular-sprawled-posture-08.png,739161dbbfddb42ee17f17a670b0cdbc70de120b7796ccd7720ee8a9d1d8212d,a666667333237363,no,,
79_p08-irregular-sprawled-posture-09.png,19d4936d216437d25279b52eb0280761729d18816227652dec371e24ae7ee99d,23633b7069453b0d,no,,
80_p08-irregular-sprawled-posture-10.png,6e124de18d12ec3eea5142bf50c80b334edefcd5d34dfc410ef75fd60405655c,878e8e33331b090f,no,,
81_p09-partially-occluded-fallen-person-01.png,e62e16f8fb837016a69468b137086d3495628988ef8717a9c6b8d14eecc2e0e4,96561d3c1a337a1a,no,,
82_p09-partially-occluded-fallen-person-02.png,bbf1df2f25f5b2702af333b76b4a08995937d5989b427028174f4e7b126338d7,646444183061290c,no,,
83_p09-partially-occluded-fallen-person-03.png,0f93f5393507cd1a609576151a94cf082b5e3633e185ce328026a5784947c561,c3d1d1e1e3b39383,no,,
84_p09-partially-occluded-fallen-person-04.png,5c2f3bc886da280fa8217ae4bc973dd735037fad49ec0e1617b0cf9421be1d24,68eeef4f1f13370e,no,,
85_p09-partially-occluded-fallen-person-05.png,da621cc3e61d215a22c281bfb8d53cba5d73c234a7109c2f85b8ea76a3486037,2529291d1d1e3707,no,,
86_p09-partially-occluded-fallen-person-06.png,145e156c1caf26aa510910deff6d1c00dd82d5a67a28768b11caca8386ced559,3030323030302022,no,,
87_p09-partially-occluded-fallen-person-07.png,4b0f60f00bb5d135540bb23d2cfa20481a1b0c9da02f09c5c7de0abe90f61761,2287327276cbd707,no,,
88_p09-partially-occluded-fallen-person-08.png,f0119f65ad035e78e986a6e92519d01dbe2133459c902b93af98639fe24fcd1a,4f6f6365f4786084,no,,
89_p09-partially-occluded-fallen-person-09.png,c27370d0f1c4f96f05871e8134b8c33126330b4901a9172fcaa1034597aeb759,c6c78766624f0e0f,no,,
90_p09-partially-occluded-fallen-person-10.png,05b1b4f1a63222037efc034cc5b772813078ba137841efc7d82be001cb5acf69,f8f0119105850707,no,,
91_p10-partially-occluded-fallen-person-01.png,7f85564bcb6fd735166050f0605b6719600ab691613a1115ca3fe423ad1fbf60,6170781d36884a05,no,,
92_p10-partially-occluded-fallen-person-02.png,967ed34a039e4037156c3a5aa25cb2a872e79cc7ad8cf5e588d2d12924e1d7d5,4a3c3df0e67e5f7f,no,,
93_p10-partially-occluded-fallen-person-03.png,4749ea15173ecae9b6e8419327d00422c0250884826afc7d0b550f3d1508a8ff,4c4c4c9d989c8a95,no,,
94_p10-partially-occluded-fallen-person-04.png,2593e27c2a3553c972ec437b1d44c2ce43fb21de8b8a1465da02e70ccd9fb748,a727676bcf262666,no,,
95_p10-partially-occluded-fallen-person-05.png,b6f296d8a7aa82b277c369a2b321956993c64ad3e6f4b3c7328294c2719d315e,1a1a5a5664664c8d,no,,
96_p10-partially-occluded-fallen-person-06.png,bb6ced4cdb8a21b8e00a65a3918e247e8f0fd101a11fdbf5d207a3b33a48cc57,d7da9c7869d99949,no,,
97_p10-partially-occluded-fallen-person-07.png,44636d1b9c57594ac54a1a4912e5cf63178ed66566510bbbf7fb5b1b1e874b88,a7c7c7c792425393,no,,
98_p10-partially-occluded-fallen-person-08.png,ef5432742429ff4aa120057740cd5954ed171776f8c2317dbe744fcf296252d7,6060212120200040,no,,
99_p10-partially-occluded-fallen-person-09.png,c1986b13f838a910c7e2958d9851f9d61140c6f9ef8011a98ce6454153f1c5e1,e9d991d1f1304880,no,,
