diagnostic_id,diagnostic_class,expected_pose_family,selection_basis,item_id,source_family,prompt_id,media_id,group_id,source_split,v3_split,image_path,image_sha256,image_sha_basis,prompt_path,prompt_sha256,taxonomy,old_role,old_label,ground_truth,metric_stratum,source_provenance_status,gt_type,gt_source,human_semantic_review_required,formal_v3_evaluation
PFV4D_0001,floor_sitting,floor_sitting,FROZEN_TAXONOMY_AND_STABLE_ID_ONLY,P4D_PLAN::PF_P4D_HN_SIT_G001_V01,P4D_FROZEN_PLAN_440,PF_P4D_HN_SIT_G001_V01,,PF_P4D_HN_SIT_G001,NEW_DESIGN,V3_DEV,/home/yanbo/下载/batches/batch-person-fallen-v2-p4d-hardneg-fullregen-r2-camera1p5m/final/PF_P4D_HN_SIT_G001_V01.png,e2a581d85bad33fe876ee72c81c6ed053fc8ab9c62975f9daa63beb4393052fa,FAST_CLOSE_EXPECTED_AND_ACTUAL,/home/yanbo/下载/batches/batch_person-fallen-v2-p4d-hardneg-rev1-camera1p5m/prompts/PF_P4D_HN_SIT_G001_V01.txt,8457b5040240fdd57d98ae5bb02251b9dfb94502bf650ebec2ab57018186ef5a,floor_sitting,hard_negative,negative,negative,hard_negative,P4D_FAST_CLOSE_PROVENANCE_MECHANICAL_LINEAGE_PASS,PROMPT_DERIVED_SYNTHETIC_GT,FROZEN_GENERATION_PROMPT_AND_PLANNED_ROLE,false,true
PFV4D_0002,floor_sitting,floor_sitting,FROZEN_TAXONOMY_AND_STABLE_ID_ONLY,P4D_PLAN::PF_P4D_HN_SIT_G001_V02,P4D_FROZEN_PLAN_440,PF_P4D_HN_SIT_G001_V02,,PF_P4D_HN_SIT_G001,NEW_DESIGN,V3_DEV,/home/yanbo/下载/batches/batch-person-fallen-v2-p4d-hardneg-fullregen-r2-camera1p5m/final/PF_P4D_HN_SIT_G001_V02.png,d21e3b0133297066faa98825f1b244b103aa41b025a604ab263570ced2abc6ae,FAST_CLOSE_EXPECTED_AND_ACTUAL,/home/yanbo/下载/batches/batch_person-fallen-v2-p4d-hardneg-rev1-camera1p5m/prompts/PF_P4D_HN_SIT_G001_V02.txt,50a601f6f68a7a5b163ed7b7912cb046500a0629ebf1fa884e7e05490af4c4e9,floor_sitting,hard_negative,negative,negative,hard_negative,P4D_FAST_CLOSE_PROVENANCE_MECHANICAL_LINEAGE_PASS,PROMPT_DERIVED_SYNTHETIC_GT,FROZEN_GENERATION_PROMPT_AND_PLANNED_ROLE,false,true
PFV4D_0003,floor_sitting,floor_sitting,FROZEN_TAXONOMY_AND_STABLE_ID_ONLY,P4D_PLAN::PF_P4D_HN_SIT_G001_V03,P4D_FROZEN_PLAN_440,PF_P4D_HN_SIT_G001_V03,,PF_P4D_HN_SIT_G001,NEW_DESIGN,V3_DEV,/home/yanbo/下载/batches/batch-person-fallen-v2-p4d-hardneg-fullregen-r2-camera1p5m/final/PF_P4D_HN_SIT_G001_V03.png,674601dc13de3a69747b95d3c61fcef59f1fbf0e4aff3cb3ab4b27dcbfd899d7,FAST_CLOSE_EXPECTED_AND_ACTUAL,/home/yanbo/下载/batches/batch_person-fallen-v2-p4d-hardneg-rev1-camera1p5m/prompts/PF_P4D_HN_SIT_G001_V03.txt,037ce19367f033d97dca0bbc8e7757b3e6dda321dcf44478aaa55198e1a32044,floor_sitting,hard_negative,negative,negative,hard_negative,P4D_FAST_CLOSE_PROVENANCE_MECHANICAL_LINEAGE_PASS,PROMPT_DERIVED_SYNTHETIC_GT,FROZEN_GENERATION_PROMPT_AND_PLANNED_ROLE,false,true
PFV4D_0004,floor_sitting,floor_sitting,FROZEN_TAXONOMY_AND_STABLE_ID_ONLY,P4D_PLAN::PF_P4D_HN_SIT_G001_V04,P4D_FROZEN_PLAN_440,PF_P4D_HN_SIT_G001_V04,,PF_P4D_HN_SIT_G001,NEW_DESIGN,V3_DEV,/home/yanbo/下载/batches/batch-person-fallen-v2-p4d-hardneg-fullregen-r2-camera1p5m/final/PF_P4D_HN_SIT_G001_V04.png,6c15404fd1f16c2c4e478e153bd3d7cc723e4e279c80ea6e91832cc998c0aa89,FAST_CLOSE_EXPECTED_AND_ACTUAL,/home/yanbo/下载/batches/batch_person-fallen-v2-p4d-hardneg-rev1-camera1p5m/prompts/PF_P4D_HN_SIT_G001_V04.txt,fe4762f481c9de4f3c83d4bdbb52f90df85ec53d6868333bdf98aeba7b5d25b9,floor_sitting,hard_negative,negative,negative,hard_negative,P4D_FAST_CLOSE_PROVENANCE_MECHANICAL_LINEAGE_PASS,PROMPT_DERIVED_SYNTHETIC_GT,FROZEN_GENERATION_PROMPT_AND_PLANNED_ROLE,false,true
PFV4D_0005,floor_sitting,floor_sitting,FROZEN_TAXONOMY_AND_STABLE_ID_ONLY,P4D_PLAN::PF_P4D_HN_SIT_G001_V05,P4D_FROZEN_PLAN_440,PF_P4D_HN_SIT_G001_V05,,PF_P4D_HN_SIT_G001,NEW_DESIGN,V3_DEV,/home/yanbo/下载/batches/batch-person-fallen-v2-p4d-hardneg-fullregen-r2-camera1p5m/final/PF_P4D_HN_SIT_G001_V05.png,8a601a296c493209ea6d0e4d3c42904a94ece62d0d799b801df68eeb49a3ec96,FAST_CLOSE_EXPECTED_AND_ACTUAL,/home/yanbo/下载/batches/batch_person-fallen-v2-p4d-hardneg-rev1-camera1p5m/prompts/PF_P4D_HN_SIT_G001_V05.txt,8903c290d95542423a083d187a94814a17c5f374775fd69ddccfb8aa64b99804,floor_sitting,hard_negative,negative,negative,hard_negative,P4D_FAST_CLOSE_PROVENANCE_MECHANICAL_LINEAGE_PASS,PROMPT_DERIVED_SYNTHETIC_GT,FROZEN_GENERATION_PROMPT_AND_PLANNED_ROLE,false,true
PFV4D_0006,floor_sitting,floor_sitting,FROZEN_TAXONOMY_AND_STABLE_ID_ONLY,P4D_PLAN::PF_P4D_HN_SIT_G002_V01,P4D_FROZEN_PLAN_440,PF_P4D_HN_SIT_G002_V01,,PF_P4D_HN_SIT_G002,NEW_DESIGN,V3_DEV,/home/yanbo/下载/batches/batch-person-fallen-v2-p4d-hardneg-fullregen-r2-camera1p5m/final/PF_P4D_HN_SIT_G002_V01.png,5d5f299d58ecc1b07020fa3b42f858d18ebaef9a26d8c2764f942d098bfbb183,FAST_CLOSE_EXPECTED_AND_ACTUAL,/home/yanbo/下载/batches/batch_person-fallen-v2-p4d-hardneg-rev1-camera1p5m/prompts/PF_P4D_HN_SIT_G002_V01.txt,47697e2923fb9b4c34e16b6bd0eccfb2bd7735f9ed9c2a4dfbaa2fb44e21ca74,floor_sitting,hard_negative,negative,negative,hard_negative,P4D_FAST_CLOSE_PROVENANCE_MECHANICAL_LINEAGE_PASS,PROMPT_DERIVED_SYNTHETIC_GT,FROZEN_GENERATION_PROMPT_AND_PLANNED_ROLE,false,true
PFV4D_0007,floor_sitting,floor_sitting,FROZEN_TAXONOMY_AND_STABLE_ID_ONLY,P4D_PLAN::PF_P4D_HN_SIT_G002_V02,P4D_FROZEN_PLAN_440,PF_P4D_HN_SIT_G002_V02,,PF_P4D_HN_SIT_G002,NEW_DESIGN,V3_DEV,/home/yanbo/下载/batches/batch-person-fallen-v2-p4d-hardneg-fullregen-r2-camera1p5m/final/PF_P4D_HN_SIT_G002_V02.png,2acb0923c09fb9a05e838a3f6a0c204ff7e591bd59e6eefe91bc5f861ebca5a0,FAST_CLOSE_EXPECTED_AND_ACTUAL,/home/yanbo/下载/batches/batch_person-fallen-v2-p4d-hardneg-rev1-camera1p5m/prompts/PF_P4D_HN_SIT_G002_V02.txt,5fea79c209c78eb411266cb3f668d803833209d456edbb8541a2c22eaea3a049,floor_sitting,hard_negative,negative,negative,hard_negative,P4D_FAST_CLOSE_PROVENANCE_MECHANICAL_LINEAGE_PASS,PROMPT_DERIVED_SYNTHETIC_GT,FROZEN_GENERATION_PROMPT_AND_PLANNED_ROLE,false,true
PFV4D_0008,floor_sitting,floor_sitting,FROZEN_TAXONOMY_AND_STABLE_ID_ONLY,P4D_PLAN::PF_P4D_HN_SIT_G002_V03,P4D_FROZEN_PLAN_440,PF_P4D_HN_SIT_G002_V03,,PF_P4D_HN_SIT_G002,NEW_DESIGN,V3_DEV,/home/yanbo/下载/batches/batch-person-fallen-v2-p4d-hardneg-fullregen-r2-camera1p5m/final/PF_P4D_HN_SIT_G002_V03.png,a458075e4d53995d5a06b79b7845b3762afb2f5df3a1b4f9f88d8306f605e349,FAST_CLOSE_EXPECTED_AND_ACTUAL,/home/yanbo/下载/batches/batch_person-fallen-v2-p4d-hardneg-rev1-camera1p5m/prompts/PF_P4D_HN_SIT_G002_V03.txt,38481f5dd1bd755cbe76dcc73a2a338d336e94504d599c3fe1b189cb62e5f7fc,floor_sitting,hard_negative,negative,negative,hard_negative,P4D_FAST_CLOSE_PROVENANCE_MECHANICAL_LINEAGE_PASS,PROMPT_DERIVED_SYNTHETIC_GT,FROZEN_GENERATION_PROMPT_AND_PLANNED_ROLE,false,true
PFV4D_0009,floor_sitting,floor_sitting,FROZEN_TAXONOMY_AND_STABLE_ID_ONLY,P4D_PLAN::PF_P4D_HN_SIT_G002_V04,P4D_FROZEN_PLAN_440,PF_P4D_HN_SIT_G002_V04,,PF_P4D_HN_SIT_G002,NEW_DESIGN,V3_DEV,/home/yanbo/下载/batches/batch-person-fallen-v2-p4d-hardneg-fullregen-r2-camera1p5m/final/PF_P4D_HN_SIT_G002_V04.png,0983512e462a6aceae3035e2f75ce3acbb144d94e6ab657a60bd91117a1f2ff2,FAST_CLOSE_EXPECTED_AND_ACTUAL,/home/yanbo/下载/batches/batch_person-fallen-v2-p4d-hardneg-rev1-camera1p5m/prompts/PF_P4D_HN_SIT_G002_V04.txt,7dc530bcd9852562431e2383eb32722bfa8d66315c16aa59d3e24f750203a686,floor_sitting,hard_negative,negative,negative,hard_negative,P4D_FAST_CLOSE_PROVENANCE_MECHANICAL_LINEAGE_PASS,PROMPT_DERIVED_SYNTHETIC_GT,FROZEN_GENERATION_PROMPT_AND_PLANNED_ROLE,false,true
PFV4D_0010,floor_sitting,floor_sitting,FROZEN_TAXONOMY_AND_STABLE_ID_ONLY,P4D_PLAN::PF_P4D_HN_SIT_G002_V05,P4D_FROZEN_PLAN_440,PF_P4D_HN_SIT_G002_V05,,PF_P4D_HN_SIT_G002,NEW_DESIGN,V3_DEV,/home/yanbo/下载/batches/batch-person-fallen-v2-p4d-hardneg-fullregen-r2-camera1p5m/final/PF_P4D_HN_SIT_G002_V05.png,18ee5f3c112248004e858561f6aa0273a1359b5840fc325cefe6aa803b857b37,FAST_CLOSE_EXPECTED_AND_ACTUAL,/home/yanbo/下载/batches/batch_person-fallen-v2-p4d-hardneg-rev1-camera1p5m/prompts/PF_P4D_HN_SIT_G002_V05.txt,6a6ea6c25eda8bccfb9e2052278695a5b7749a9fffc1b18b850c85c0058b158e,floor_sitting,hard_negative,negative,negative,hard_negative,P4D_FAST_CLOSE_PROVENANCE_MECHANICAL_LINEAGE_PASS,PROMPT_DERIVED_SYNTHETIC_GT,FROZEN_GENERATION_PROMPT_AND_PLANNED_ROLE,false,true
PFV4D_0011,floor_sitting,floor_sitting,FROZEN_TAXONOMY_AND_STABLE_ID_ONLY,P4D_PLAN::PF_P4D_HN_SIT_G003_V01,P4D_FROZEN_PLAN_440,PF_P4D_HN_SIT_G003_V01,,PF_P4D_HN_SIT_G003,NEW_DESIGN,V3_DEV,/home/yanbo/下载/batches/batch-person-fallen-v2-p4d-hardneg-fullregen-r2-camera1p5m/final/PF_P4D_HN_SIT_G003_V01.png,82c93c11913b624d905bbe6229fb23e3c28feced12dc8004e04a8a5e7e3f721b,FAST_CLOSE_EXPECTED_AND_ACTUAL,/home/yanbo/下载/batches/batch_person-fallen-v2-p4d-hardneg-rev1-camera1p5m/prompts/PF_P4D_HN_SIT_G003_V01.txt,cd5f06b9d914bfaf65b39d00a6e89f9c26c154fba6ea2bf4304f8308a98fca87,floor_sitting,hard_negative,negative,negative,hard_negative,P4D_FAST_CLOSE_PROVENANCE_MECHANICAL_LINEAGE_PASS,PROMPT_DERIVED_SYNTHETIC_GT,FROZEN_GENERATION_PROMPT_AND_PLANNED_ROLE,false,true
PFV4D_0012,floor_sitting,floor_sitting,FROZEN_TAXONOMY_AND_STABLE_ID_ONLY,P4D_PLAN::PF_P4D_HN_SIT_G003_V02,P4D_FROZEN_PLAN_440,PF_P4D_HN_SIT_G003_V02,,PF_P4D_HN_SIT_G003,NEW_DESIGN,V3_DEV,/home/yanbo/下载/batches/batch-person-fallen-v2-p4d-hardneg-fullregen-r2-camera1p5m/final/PF_P4D_HN_SIT_G003_V02.png,cdf600081cce213b1f9bad1c9f9fbfed646e637c5236cf94207930eeefd4b0b4,FAST_CLOSE_EXPECTED_AND_ACTUAL,/home/yanbo/下载/batches/batch_person-fallen-v2-p4d-hardneg-rev1-camera1p5m/prompts/PF_P4D_HN_SIT_G003_V02.txt,e007e022535ddda747ea46a0737dcd9fad53b20a0b4e0a13d833d07571193db0,floor_sitting,hard_negative,negative,negative,hard_negative,P4D_FAST_CLOSE_PROVENANCE_MECHANICAL_LINEAGE_PASS,PROMPT_DERIVED_SYNTHETIC_GT,FROZEN_GENERATION_PROMPT_AND_PLANNED_ROLE,false,true
PFV4D_0013,floor_sitting,floor_sitting,FROZEN_TAXONOMY_AND_STABLE_ID_ONLY,P4D_PLAN::PF_P4D_HN_SIT_G003_V03,P4D_FROZEN_PLAN_440,PF_P4D_HN_SIT_G003_V03,,PF_P4D_HN_SIT_G003,NEW_DESIGN,V3_DEV,/home/yanbo/下载/batches/batch-person-fallen-v2-p4d-hardneg-fullregen-r2-camera1p5m/final/PF_P4D_HN_SIT_G003_V03.png,46e0ab9a8342d2fcafe30c36d58e79d718b6e4c9599bb81dda89718beddeb572,FAST_CLOSE_EXPECTED_AND_ACTUAL,/home/yanbo/下载/batches/batch_person-fallen-v2-p4d-hardneg-rev1-camera1p5m/prompts/PF_P4D_HN_SIT_G003_V03.txt,adac94a9716abcf12e45f452d0fd74e38f05b30c9a0498e835de033f663a983f,floor_sitting,hard_negative,negative,negative,hard_negative,P4D_FAST_CLOSE_PROVENANCE_MECHANICAL_LINEAGE_PASS,PROMPT_DERIVED_SYNTHETIC_GT,FROZEN_GENERATION_PROMPT_AND_PLANNED_ROLE,false,true
PFV4D_0014,floor_sitting,floor_sitting,FROZEN_TAXONOMY_AND_STABLE_ID_ONLY,P4D_PLAN::PF_P4D_HN_SIT_G003_V04,P4D_FROZEN_PLAN_440,PF_P4D_HN_SIT_G003_V04,,PF_P4D_HN_SIT_G003,NEW_DESIGN,V3_DEV,/home/yanbo/下载/batches/batch-person-fallen-v2-p4d-hardneg-fullregen-r2-camera1p5m/final/PF_P4D_HN_SIT_G003_V04.png,508aafa44c932eafee7b1820477be13106729fffa88645274c533de97f008c20,FAST_CLOSE_EXPECTED_AND_ACTUAL,/home/yanbo/下载/batches/batch_person-fallen-v2-p4d-hardneg-rev1-camera1p5m/prompts/PF_P4D_HN_SIT_G003_V04.txt,ac6c84c00b43f11805559fe36ae37ddb6c0a2442a7bbe7b29655306856430a94,floor_sitting,hard_negative,negative,negative,hard_negative,P4D_FAST_CLOSE_PROVENANCE_MECHANICAL_LINEAGE_PASS,PROMPT_DERIVED_SYNTHETIC_GT,FROZEN_GENERATION_PROMPT_AND_PLANNED_ROLE,false,true
PFV4D_0015,floor_sitting,floor_sitting,FROZEN_TAXONOMY_AND_STABLE_ID_ONLY,P4D_PLAN::PF_P4D_HN_SIT_G003_V05,P4D_FROZEN_PLAN_440,PF_P4D_HN_SIT_G003_V05,,PF_P4D_HN_SIT_G003,NEW_DESIGN,V3_DEV,/home/yanbo/下载/batches/batch-person-fallen-v2-p4d-hardneg-fullregen-r2-camera1p5m/final/PF_P4D_HN_SIT_G003_V05.png,d4b910a71663ae1b2d90e1edb5af4980842e20eb492d861eb965db1d5c14ab0d,FAST_CLOSE_EXPECTED_AND_ACTUAL,/home/yanbo/下载/batches/batch_person-fallen-v2-p4d-hardneg-rev1-camera1p5m/prompts/PF_P4D_HN_SIT_G003_V05.txt,e3713bde3bd9de2edc811137d47e26178cefb840d9bfdd6a48bb1879e966c718,floor_sitting,hard_negative,negative,negative,hard_negative,P4D_FAST_CLOSE_PROVENANCE_MECHANICAL_LINEAGE_PASS,PROMPT_DERIVED_SYNTHETIC_GT,FROZEN_GENERATION_PROMPT_AND_PLANNED_ROLE,false,true
PFV4D_0016,floor_sitting,floor_sitting,FROZEN_TAXONOMY_AND_STABLE_ID_ONLY,P4D_PLAN::PF_P4D_HN_SIT_G004_V01,P4D_FROZEN_PLAN_440,PF_P4D_HN_SIT_G004_V01,,PF_P4D_HN_SIT_G004,NEW_DESIGN,V3_DEV,/home/yanbo/下载/batches/batch-person-fallen-v2-p4d-hardneg-fullregen-r2-camera1p5m/final/PF_P4D_HN_SIT_G004_V01.png,9cc7238930c1217ea2d18dc48dbdea669e51a458fa066a7b6898b4246cbc93d9,FAST_CLOSE_EXPECTED_AND_ACTUAL,/home/yanbo/下载/batches/batch_person-fallen-v2-p4d-hardneg-rev1-camera1p5m/prompts/PF_P4D_HN_SIT_G004_V01.txt,b679b5073038eec3341843397175850480240eed20cb9c705b36a06a2e1a2485,floor_sitting,hard_negative,negative,negative,hard_negative,P4D_FAST_CLOSE_PROVENANCE_MECHANICAL_LINEAGE_PASS,PROMPT_DERIVED_SYNTHETIC_GT,FROZEN_GENERATION_PROMPT_AND_PLANNED_ROLE,false,true
PFV4D_0017,floor_sitting,floor_sitting,FROZEN_TAXONOMY_AND_STABLE_ID_ONLY,P4D_PLAN::PF_P4D_HN_SIT_G004_V02,P4D_FROZEN_PLAN_440,PF_P4D_HN_SIT_G004_V02,,PF_P4D_HN_SIT_G004,NEW_DESIGN,V3_DEV,/home/yanbo/下载/batches/batch-person-fallen-v2-p4d-hardneg-fullregen-r2-camera1p5m/final/PF_P4D_HN_SIT_G004_V02.png,b4a496f7a6980d1cb33c30bb54ebb18ee79a76b3f689ee24e77f1c812603559e,FAST_CLOSE_EXPECTED_AND_ACTUAL,/home/yanbo/下载/batches/batch_person-fallen-v2-p4d-hardneg-rev1-camera1p5m/prompts/PF_P4D_HN_SIT_G004_V02.txt,4517579bd4a99a33eb794f019ea69b9ffe8d5cf0864148f890fe7ace47c4ed61,floor_sitting,hard_negative,negative,negative,hard_negative,P4D_FAST_CLOSE_PROVENANCE_MECHANICAL_LINEAGE_PASS,PROMPT_DERIVED_SYNTHETIC_GT,FROZEN_GENERATION_PROMPT_AND_PLANNED_ROLE,false,true
PFV4D_0018,floor_sitting,floor_sitting,FROZEN_TAXONOMY_AND_STABLE_ID_ONLY,P4D_PLAN::PF_P4D_HN_SIT_G004_V03,P4D_FROZEN_PLAN_440,PF_P4D_HN_SIT_G004_V03,,PF_P4D_HN_SIT_G004,NEW_DESIGN,V3_DEV,/home/yanbo/下载/batches/batch-person-fallen-v2-p4d-hardneg-fullregen-r2-camera1p5m/final/PF_P4D_HN_SIT_G004_V03.png,352eb78ed02788e59e264fdb495cb474d8ec9d29b877f5edc586785a602ea523,FAST_CLOSE_EXPECTED_AND_ACTUAL,/home/yanbo/下载/batches/batch_person-fallen-v2-p4d-hardneg-rev1-camera1p5m/prompts/PF_P4D_HN_SIT_G004_V03.txt,a75917ee0b99d79614495110c80eda9f42c0b1f2781039beadb627a259d372ea,floor_sitting,hard_negative,negative,negative,hard_negative,P4D_FAST_CLOSE_PROVENANCE_MECHANICAL_LINEAGE_PASS,PROMPT_DERIVED_SYNTHETIC_GT,FROZEN_GENERATION_PROMPT_AND_PLANNED_ROLE,false,true
PFV4D_0019,floor_sitting,floor_sitting,FROZEN_TAXONOMY_AND_STABLE_ID_ONLY,P4D_PLAN::PF_P4D_HN_SIT_G004_V04,P4D_FROZEN_PLAN_440,PF_P4D_HN_SIT_G004_V04,,PF_P4D_HN_SIT_G004,NEW_DESIGN,V3_DEV,/home/yanbo/下载/batches/batch-person-fallen-v2-p4d-hardneg-fullregen-r2-camera1p5m/final/PF_P4D_HN_SIT_G004_V04.png,c9270dd2a72642e56e83a834c5160de30f152ae41e126198782de08a499435f5,FAST_CLOSE_EXPECTED_AND_ACTUAL,/home/yanbo/下载/batches/batch_person-fallen-v2-p4d-hardneg-rev1-camera1p5m/prompts/PF_P4D_HN_SIT_G004_V04.txt,c96c21cd2e2302e2a769fa3265c28919918334b67ab6fb268b30edabc0ece664,floor_sitting,hard_negative,negative,negative,hard_negative,P4D_FAST_CLOSE_PROVENANCE_MECHANICAL_LINEAGE_PASS,PROMPT_DERIVED_SYNTHETIC_GT,FROZEN_GENERATION_PROMPT_AND_PLANNED_ROLE,false,true
PFV4D_0020,floor_sitting,floor_sitting,FROZEN_TAXONOMY_AND_STABLE_ID_ONLY,P4D_PLAN::PF_P4D_HN_SIT_G004_V05,P4D_FROZEN_PLAN_440,PF_P4D_HN_SIT_G004_V05,,PF_P4D_HN_SIT_G004,NEW_DESIGN,V3_DEV,/home/yanbo/下载/batches/batch-person-fallen-v2-p4d-hardneg-fullregen-r2-camera1p5m/final/PF_P4D_HN_SIT_G004_V05.png,cf1efda1ab8c7d25765c3fe7bacae4d6bb400c876d2e09bcfedf9e3d89561c84,FAST_CLOSE_EXPECTED_AND_ACTUAL,/home/yanbo/下载/batches/batch_person-fallen-v2-p4d-hardneg-rev1-camera1p5m/prompts/PF_P4D_HN_SIT_G004_V05.txt,cf0c65aabb6f380434966f03cdf87d1118130b7ffd039bf0721c7bd753a9ea47,floor_sitting,hard_negative,negative,negative,hard_negative,P4D_FAST_CLOSE_PROVENANCE_MECHANICAL_LINEAGE_PASS,PROMPT_DERIVED_SYNTHETIC_GT,FROZEN_GENERATION_PROMPT_AND_PLANNED_ROLE,false,true
PFV4D_0021,floor_sitting,floor_sitting,FROZEN_TAXONOMY_AND_STABLE_ID_ONLY,P4D_PLAN::PF_P4D_HN_SIT_G005_V01,P4D_FROZEN_PLAN_440,PF_P4D_HN_SIT_G005_V01,,PF_P4D_HN_SIT_G005,NEW_DESIGN,V3_DEV,/home/yanbo/下载/batches/batch-person-fallen-v2-p4d-hardneg-fullregen-r2-camera1p5m/final/PF_P4D_HN_SIT_G005_V01.png,a3852c0884e2d8f2442ffa6d9629983e06d2bf37874285d2625db3a9769b09e2,FAST_CLOSE_EXPECTED_AND_ACTUAL,/home/yanbo/下载/batches/batch_person-fallen-v2-p4d-hardneg-rev1-camera1p5m/prompts/PF_P4D_HN_SIT_G005_V01.txt,4dea6b9e3b52568663958fbe54ffcf5eec9ace5d0cc7b94860298ea1850301c7,floor_sitting,hard_negative,negative,negative,hard_negative,P4D_FAST_CLOSE_PROVENANCE_MECHANICAL_LINEAGE_PASS,PROMPT_DERIVED_SYNTHETIC_GT,FROZEN_GENERATION_PROMPT_AND_PLANNED_ROLE,false,true
PFV4D_0022,floor_sitting,floor_sitting,FROZEN_TAXONOMY_AND_STABLE_ID_ONLY,P4D_PLAN::PF_P4D_HN_SIT_G005_V02,P4D_FROZEN_PLAN_440,PF_P4D_HN_SIT_G005_V02,,PF_P4D_HN_SIT_G005,NEW_DESIGN,V3_DEV,/home/yanbo/下载/batches/batch-person-fallen-v2-p4d-hardneg-fullregen-r2-camera1p5m/final/PF_P4D_HN_SIT_G005_V02.png,abd0a0f74db8549cae12f43562177bf6118439858d02a4ea8ca8302f7474f48c,FAST_CLOSE_EXPECTED_AND_ACTUAL,/home/yanbo/下载/batches/batch_person-fallen-v2-p4d-hardneg-rev1-camera1p5m/prompts/PF_P4D_HN_SIT_G005_V02.txt,30e4de8335a7d375e40993efdd934ec8cfa30ff1f9da7dcfad72d612b43e2740,floor_sitting,hard_negative,negative,negative,hard_negative,P4D_FAST_CLOSE_PROVENANCE_MECHANICAL_LINEAGE_PASS,PROMPT_DERIVED_SYNTHETIC_GT,FROZEN_GENERATION_PROMPT_AND_PLANNED_ROLE,false,true
PFV4D_0023,floor_sitting,floor_sitting,FROZEN_TAXONOMY_AND_STABLE_ID_ONLY,P4D_PLAN::PF_P4D_HN_SIT_G005_V03,P4D_FROZEN_PLAN_440,PF_P4D_HN_SIT_G005_V03,,PF_P4D_HN_SIT_G005,NEW_DESIGN,V3_DEV,/home/yanbo/下载/batches/batch-person-fallen-v2-p4d-hardneg-fullregen-r2-camera1p5m/final/PF_P4D_HN_SIT_G005_V03.png,748c25b7370a651e1622c1b1979922a020c1eb989045c1f27579026432da8304,FAST_CLOSE_EXPECTED_AND_ACTUAL,/home/yanbo/下载/batches/batch_person-fallen-v2-p4d-hardneg-rev1-camera1p5m/prompts/PF_P4D_HN_SIT_G005_V03.txt,c40c9c57557f9e6d7c69b4457ff1c7c169c0992c0a2dc157db9f74c485f861ee,floor_sitting,hard_negative,negative,negative,hard_negative,P4D_FAST_CLOSE_PROVENANCE_MECHANICAL_LINEAGE_PASS,PROMPT_DERIVED_SYNTHETIC_GT,FROZEN_GENERATION_PROMPT_AND_PLANNED_ROLE,false,true
PFV4D_0024,floor_sitting,floor_sitting,FROZEN_TAXONOMY_AND_STABLE_ID_ONLY,P4D_PLAN::PF_P4D_HN_SIT_G005_V04,P4D_FROZEN_PLAN_440,PF_P4D_HN_SIT_G005_V04,,PF_P4D_HN_SIT_G005,NEW_DESIGN,V3_DEV,/home/yanbo/下载/batches/batch-person-fallen-v2-p4d-hardneg-fullregen-r2-camera1p5m/final/PF_P4D_HN_SIT_G005_V04.png,417088411826ef61b505ee06ba56da664bf0226172acfad674a1bbc9dc298014,FAST_CLOSE_EXPECTED_AND_ACTUAL,/home/yanbo/下载/batches/batch_person-fallen-v2-p4d-hardneg-rev1-camera1p5m/prompts/PF_P4D_HN_SIT_G005_V04.txt,9385f0dbdc320f7d4a886376831ef1efd2b81d07194abb23515b9d6da1ecef5e,floor_sitting,hard_negative,negative,negative,hard_negative,P4D_FAST_CLOSE_PROVENANCE_MECHANICAL_LINEAGE_PASS,PROMPT_DERIVED_SYNTHETIC_GT,FROZEN_GENERATION_PROMPT_AND_PLANNED_ROLE,false,true
PFV4D_0025,floor_sitting,floor_sitting,FROZEN_TAXONOMY_AND_STABLE_ID_ONLY,P4D_PLAN::PF_P4D_HN_SIT_G005_V05,P4D_FROZEN_PLAN_440,PF_P4D_HN_SIT_G005_V05,,PF_P4D_HN_SIT_G005,NEW_DESIGN,V3_DEV,/home/yanbo/下载/batches/batch-person-fallen-v2-p4d-hardneg-fullregen-r2-camera1p5m/final/PF_P4D_HN_SIT_G005_V05.png,5b31b2b2ba275456a6dbf01081bc441127e29b67ec4f9f61bb94603ad1163c3b,FAST_CLOSE_EXPECTED_AND_ACTUAL,/home/yanbo/下载/batches/batch_person-fallen-v2-p4d-hardneg-rev1-camera1p5m/prompts/PF_P4D_HN_SIT_G005_V05.txt,e77414412a44db6751431c78ef42c4525106381dac6e40e3c07f902125878aa7,floor_sitting,hard_negative,negative,negative,hard_negative,P4D_FAST_CLOSE_PROVENANCE_MECHANICAL_LINEAGE_PASS,PROMPT_DERIVED_SYNTHETIC_GT,FROZEN_GENERATION_PROMPT_AND_PLANNED_ROLE,false,true
PFV4D_0026,floor_sitting,floor_sitting,FROZEN_TAXONOMY_AND_STABLE_ID_ONLY,P4D_PLAN::PF_P4D_HN_SIT_G006_V01,P4D_FROZEN_PLAN_440,PF_P4D_HN_SIT_G006_V01,,PF_P4D_HN_SIT_G006,NEW_DESIGN,V3_DEV,/home/yanbo/下载/batches/batch-person-fallen-v2-p4d-hardneg-fullregen-r2-camera1p5m/final/PF_P4D_HN_SIT_G006_V01.png,3660f6b824b9bb3076897da704c11d0596c8ef1a8c2f59844cca3a65d17e0805,FAST_CLOSE_EXPECTED_AND_ACTUAL,/home/yanbo/下载/batches/batch_person-fallen-v2-p4d-hardneg-rev1-camera1p5m/prompts/PF_P4D_HN_SIT_G006_V01.txt,1671e09668183bad0c1596a3ba206f61602621652e655f01f21f6ae862ce3952,floor_sitting,hard_negative,negative,negative,hard_negative,P4D_FAST_CLOSE_PROVENANCE_MECHANICAL_LINEAGE_PASS,PROMPT_DERIVED_SYNTHETIC_GT,FROZEN_GENERATION_PROMPT_AND_PLANNED_ROLE,false,true
PFV4D_0027,floor_sitting,floor_sitting,FROZEN_TAXONOMY_AND_STABLE_ID_ONLY,P4D_PLAN::PF_P4D_HN_SIT_G006_V02,P4D_FROZEN_PLAN_440,PF_P4D_HN_SIT_G006_V02,,PF_P4D_HN_SIT_G006,NEW_DESIGN,V3_DEV,/home/yanbo/下载/batches/batch-person-fallen-v2-p4d-hardneg-fullregen-r2-camera1p5m/final/PF_P4D_HN_SIT_G006_V02.png,3fc95c48840f07fec4a1309b6be34d498b921a85f7757b79ea8626e39148b07e,FAST_CLOSE_EXPECTED_AND_ACTUAL,/home/yanbo/下载/batches/batch_person-fallen-v2-p4d-hardneg-rev1-camera1p5m/prompts/PF_P4D_HN_SIT_G006_V02.txt,d235ec52df4266070934f89e7bd63d0dd83345204c79430a08b2d34171abcd41,floor_sitting,hard_negative,negative,negative,hard_negative,P4D_FAST_CLOSE_PROVENANCE_MECHANICAL_LINEAGE_PASS,PROMPT_DERIVED_SYNTHETIC_GT,FROZEN_GENERATION_PROMPT_AND_PLANNED_ROLE,false,true
PFV4D_0028,floor_sitting,floor_sitting,FROZEN_TAXONOMY_AND_STABLE_ID_ONLY,P4D_PLAN::PF_P4D_HN_SIT_G006_V03,P4D_FROZEN_PLAN_440,PF_P4D_HN_SIT_G006_V03,,PF_P4D_HN_SIT_G006,NEW_DESIGN,V3_DEV,/home/yanbo/下载/batches/batch-person-fallen-v2-p4d-hardneg-fullregen-r2-camera1p5m/final/PF_P4D_HN_SIT_G006_V03.png,3fb6a031562a93c0c4b0eb650169a3e64cd7b02b683434ad1968406d72e538b9,FAST_CLOSE_EXPECTED_AND_ACTUAL,/home/yanbo/下载/batches/batch_person-fallen-v2-p4d-hardneg-rev1-camera1p5m/prompts/PF_P4D_HN_SIT_G006_V03.txt,69216902afe9e6bb218204360553eda0f4e457e27513623ac2778d89f8c72f98,floor_sitting,hard_negative,negative,negative,hard_negative,P4D_FAST_CLOSE_PROVENANCE_MECHANICAL_LINEAGE_PASS,PROMPT_DERIVED_SYNTHETIC_GT,FROZEN_GENERATION_PROMPT_AND_PLANNED_ROLE,false,true
PFV4D_0029,floor_sitting,floor_sitting,FROZEN_TAXONOMY_AND_STABLE_ID_ONLY,P4D_PLAN::PF_P4D_HN_SIT_G006_V04,P4D_FROZEN_PLAN_440,PF_P4D_HN_SIT_G006_V04,,PF_P4D_HN_SIT_G006,NEW_DESIGN,V3_DEV,/home/yanbo/下载/batches/batch-person-fallen-v2-p4d-hardneg-fullregen-r2-camera1p5m/final/PF_P4D_HN_SIT_G006_V04.png,b003624d2717546d2954cc684c466de4ded2ee1489079c7dc26a0d22503afd01,FAST_CLOSE_EXPECTED_AND_ACTUAL,/home/yanbo/下载/batches/batch_person-fallen-v2-p4d-hardneg-rev1-camera1p5m/prompts/PF_P4D_HN_SIT_G006_V04.txt,14c9dd996051a689c430b5d0d0948a3b56caa364f354189279aa1d6a959b2369,floor_sitting,hard_negative,negative,negative,hard_negative,P4D_FAST_CLOSE_PROVENANCE_MECHANICAL_LINEAGE_PASS,PROMPT_DERIVED_SYNTHETIC_GT,FROZEN_GENERATION_PROMPT_AND_PLANNED_ROLE,false,true
PFV4D_0030,floor_sitting,floor_sitting,FROZEN_TAXONOMY_AND_STABLE_ID_ONLY,P4D_PLAN::PF_P4D_HN_SIT_G006_V05,P4D_FROZEN_PLAN_440,PF_P4D_HN_SIT_G006_V05,,PF_P4D_HN_SIT_G006,NEW_DESIGN,V3_DEV,/home/yanbo/下载/batches/batch-person-fallen-v2-p4d-hardneg-fullregen-r2-camera1p5m/final/PF_P4D_HN_SIT_G006_V05.png,50dfb42a496a45f1dfff553f026d808cda5ed194b08ba509be4e9f4bbf23de0a,FAST_CLOSE_EXPECTED_AND_ACTUAL,/home/yanbo/下载/batches/batch_person-fallen-v2-p4d-hardneg-rev1-camera1p5m/prompts/PF_P4D_HN_SIT_G006_V05.txt,892bdb557c25023462360762586472851f7b33c3ddd6bc09a0347f14e6659c1c,floor_sitting,hard_negative,negative,negative,hard_negative,P4D_FAST_CLOSE_PROVENANCE_MECHANICAL_LINEAGE_PASS,PROMPT_DERIVED_SYNTHETIC_GT,FROZEN_GENERATION_PROMPT_AND_PLANNED_ROLE,false,true
PFV4D_0031,floor_sitting,floor_sitting,FROZEN_TAXONOMY_AND_STABLE_ID_ONLY,P4D_PLAN::PF_P4D_HN_SIT_G007_V01,P4D_FROZEN_PLAN_440,PF_P4D_HN_SIT_G007_V01,,PF_P4D_HN_SIT_G007,NEW_DESIGN,V3_DEV,/home/yanbo/下载/batches/batch-person-fallen-v2-p4d-hardneg-fullregen-r2-camera1p5m/final/PF_P4D_HN_SIT_G007_V01.png,4fe6e2ba6c988a06a5da39a671d31a1491ca96031fb41f057b8bad4d21908036,FAST_CLOSE_EXPECTED_AND_ACTUAL,/home/yanbo/下载/batches/batch_person-fallen-v2-p4d-hardneg-rev1-camera1p5m/prompts/PF_P4D_HN_SIT_G007_V01.txt,1d5071392d267a8862654b943d3d3a3bd2e51c9527fdf24aa948f8f9fc2fd2ef,floor_sitting,hard_negative,negative,negative,hard_negative,P4D_FAST_CLOSE_PROVENANCE_MECHANICAL_LINEAGE_PASS,PROMPT_DERIVED_SYNTHETIC_GT,FROZEN_GENERATION_PROMPT_AND_PLANNED_ROLE,false,true
PFV4D_0032,floor_sitting,floor_sitting,FROZEN_TAXONOMY_AND_STABLE_ID_ONLY,P4D_PLAN::PF_P4D_HN_SIT_G007_V02,P4D_FROZEN_PLAN_440,PF_P4D_HN_SIT_G007_V02,,PF_P4D_HN_SIT_G007,NEW_DESIGN,V3_DEV,/home/yanbo/下载/batches/batch-person-fallen-v2-p4d-hardneg-fullregen-r2-camera1p5m/final/PF_P4D_HN_SIT_G007_V02.png,1fdc4800ff575a7491a19d4a54c56a4e48441cd42dc5cb9dd491891da64731cb,FAST_CLOSE_EXPECTED_AND_ACTUAL,/home/yanbo/下载/batches/batch_person-fallen-v2-p4d-hardneg-rev1-camera1p5m/prompts/PF_P4D_HN_SIT_G007_V02.txt,c2e0a15aaa37df4a8e42fb3704fa64858950ad49d365cffdf3087d4da517d4b5,floor_sitting,hard_negative,negative,negative,hard_negative,P4D_FAST_CLOSE_PROVENANCE_MECHANICAL_LINEAGE_PASS,PROMPT_DERIVED_SYNTHETIC_GT,FROZEN_GENERATION_PROMPT_AND_PLANNED_ROLE,false,true
PFV4D_0033,floor_sitting,floor_sitting,FROZEN_TAXONOMY_AND_STABLE_ID_ONLY,P4D_PLAN::PF_P4D_HN_SIT_G007_V03,P4D_FROZEN_PLAN_440,PF_P4D_HN_SIT_G007_V03,,PF_P4D_HN_SIT_G007,NEW_DESIGN,V3_DEV,/home/yanbo/下载/batches/batch-person-fallen-v2-p4d-hardneg-fullregen-r2-camera1p5m/final/PF_P4D_HN_SIT_G007_V03.png,1a413bb13fc064bbf96a28af5159d1bd02145e4d45c3bb1cb4f87855bf55dbce,FAST_CLOSE_EXPECTED_AND_ACTUAL,/home/yanbo/下载/batches/batch_person-fallen-v2-p4d-hardneg-rev1-camera1p5m/prompts/PF_P4D_HN_SIT_G007_V03.txt,fcdaade293c3fe69d0c821f52a077b5cc69df331c725f86c9d119e0dd84804f8,floor_sitting,hard_negative,negative,negative,hard_negative,P4D_FAST_CLOSE_PROVENANCE_MECHANICAL_LINEAGE_PASS,PROMPT_DERIVED_SYNTHETIC_GT,FROZEN_GENERATION_PROMPT_AND_PLANNED_ROLE,false,true
PFV4D_0034,floor_sitting,floor_sitting,FROZEN_TAXONOMY_AND_STABLE_ID_ONLY,P4D_PLAN::PF_P4D_HN_SIT_G007_V04,P4D_FROZEN_PLAN_440,PF_P4D_HN_SIT_G007_V04,,PF_P4D_HN_SIT_G007,NEW_DESIGN,V3_DEV,/home/yanbo/下载/batches/batch-person-fallen-v2-p4d-hardneg-fullregen-r2-camera1p5m/final/PF_P4D_HN_SIT_G007_V04.png,af6d25edfd980970210e9ace684e295fb059ad083f946dec902cc0dd97c330e8,FAST_CLOSE_EXPECTED_AND_ACTUAL,/home/yanbo/下载/batches/batch_person-fallen-v2-p4d-hardneg-rev1-camera1p5m/prompts/PF_P4D_HN_SIT_G007_V04.txt,22bbdf1d9d98d20dfcdc0f04b765c7f06fb71b8a14cf1ab526ddedc23fb50857,floor_sitting,hard_negative,negative,negative,hard_negative,P4D_FAST_CLOSE_PROVENANCE_MECHANICAL_LINEAGE_PASS,PROMPT_DERIVED_SYNTHETIC_GT,FROZEN_GENERATION_PROMPT_AND_PLANNED_ROLE,false,true
PFV4D_0035,floor_sitting,floor_sitting,FROZEN_TAXONOMY_AND_STABLE_ID_ONLY,P4D_PLAN::PF_P4D_HN_SIT_G007_V05,P4D_FROZEN_PLAN_440,PF_P4D_HN_SIT_G007_V05,,PF_P4D_HN_SIT_G007,NEW_DESIGN,V3_DEV,/home/yanbo/下载/batches/batch-person-fallen-v2-p4d-hardneg-fullregen-r2-camera1p5m/final/PF_P4D_HN_SIT_G007_V05.png,51dc17715bc3ab7e42a821b05ccf428275916c72ff2dc18349f5daaea09ea3ea,FAST_CLOSE_EXPECTED_AND_ACTUAL,/home/yanbo/下载/batches/batch_person-fallen-v2-p4d-hardneg-rev1-camera1p5m/prompts/PF_P4D_HN_SIT_G007_V05.txt,101648056feee5a7c3c43b54fb228ba1a3102a5977903578a606395b640be264,floor_sitting,hard_negative,negative,negative,hard_negative,P4D_FAST_CLOSE_PROVENANCE_MECHANICAL_LINEAGE_PASS,PROMPT_DERIVED_SYNTHETIC_GT,FROZEN_GENERATION_PROMPT_AND_PLANNED_ROLE,false,true
PFV4D_0036,floor_sitting,floor_sitting,FROZEN_TAXONOMY_AND_STABLE_ID_ONLY,V2_ORIGINAL::IMG_003702,V2_ORIGINAL_SYNTHETIC_500,301_h01-sitting-on-floor-01,IMG_003702,pf_v2_aigc_h01-sitting-on-floor,DEV,V3_DEV,/home/yanbo/下载/batches/batch_person-fallen-v2-camera1p5m/final/301_h01-sitting-on-floor-01.png,5f82ee8030a64dfae05bb4583c289b09c8ebc33280dc2f6e4a53a10bbb60b2fc,FROZEN_V2_MANIFEST_EXPECTED_AND_ACTUAL,/home/yanbo/下载/batches/batch_person-fallen-v2-camera1p5m/prompts/301_h01-sitting-on-floor-01.txt,f53d4fbdabfb953bc5195743b9e6574c2f4d6fdb694315bbbd7449214be8c1cc,floor_sitting,hard_negative,0,negative,hard_negative,FROZEN_V2_PROMPT_IMAGE_MAPPING_PASS,PROMPT_DERIVED_SYNTHETIC_GT,FROZEN_GENERATION_PROMPT_AND_PLANNED_ROLE,false,true
PFV4D_0037,floor_sitting,floor_sitting,FROZEN_TAXONOMY_AND_STABLE_ID_ONLY,V2_ORIGINAL::IMG_003703,V2_ORIGINAL_SYNTHETIC_500,302_h01-sitting-on-floor-02,IMG_003703,pf_v2_aigc_h01-sitting-on-floor,DEV,V3_DEV,/home/yanbo/下载/batches/batch_person-fallen-v2-camera1p5m/final/302_h01-sitting-on-floor-02.png,5e18806b0d663d3a7b16e0bf3564749c245323f6fc828cd80add4c68d279c87f,FROZEN_V2_MANIFEST_EXPECTED_AND_ACTUAL,/home/yanbo/下载/batches/batch_person-fallen-v2-camera1p5m/prompts/302_h01-sitting-on-floor-02.txt,d092704b65052298cb8d9fb121787c417c27f514b5512e01cbd41e5abf228376,floor_sitting,hard_negative,0,negative,hard_negative,FROZEN_V2_PROMPT_IMAGE_MAPPING_PASS,PROMPT_DERIVED_SYNTHETIC_GT,FROZEN_GENERATION_PROMPT_AND_PLANNED_ROLE,false,true
PFV4D_0038,floor_sitting,floor_sitting,FROZEN_TAXONOMY_AND_STABLE_ID_ONLY,V2_ORIGINAL::IMG_003704,V2_ORIGINAL_SYNTHETIC_500,303_h01-sitting-on-floor-03,IMG_003704,pf_v2_aigc_h01-sitting-on-floor,DEV,V3_DEV,/home/yanbo/下载/batches/batch_person-fallen-v2-camera1p5m/final/303_h01-sitting-on-floor-03.png,27d688b997b3048bf57efd35520fa34bd3adccda66575f1ddb0bcc298629ce4b,FROZEN_V2_MANIFEST_EXPECTED_AND_ACTUAL,/home/yanbo/下载/batches/batch_person-fallen-v2-camera1p5m/prompts/303_h01-sitting-on-floor-03.txt,56a3649349223f241a23ad81e505012bf809ee2f6d1ca4bfb3c3b31efe70cd77,floor_sitting,hard_negative,0,negative,hard_negative,FROZEN_V2_PROMPT_IMAGE_MAPPING_PASS,PROMPT_DERIVED_SYNTHETIC_GT,FROZEN_GENERATION_PROMPT_AND_PLANNED_ROLE,false,true
PFV4D_0039,floor_sitting,floor_sitting,FROZEN_TAXONOMY_AND_STABLE_ID_ONLY,V2_ORIGINAL::IMG_003705,V2_ORIGINAL_SYNTHETIC_500,304_h01-sitting-on-floor-04,IMG_003705,pf_v2_aigc_h01-sitting-on-floor,DEV,V3_DEV,/home/yanbo/下载/batches/batch_person-fallen-v2-camera1p5m/final/304_h01-sitting-on-floor-04.png,4bca926036b8d0324b411c6828586467b408df92eb1db27af3b8dd25bf443e17,FROZEN_V2_MANIFEST_EXPECTED_AND_ACTUAL,/home/yanbo/下载/batches/batch_person-fallen-v2-camera1p5m/prompts/304_h01-sitting-on-floor-04.txt,baa5ce4b1091059d4ce970693dc4c8fd40b936402795060f55e1f8b527a8cf84,floor_sitting,hard_negative,0,negative,hard_negative,FROZEN_V2_PROMPT_IMAGE_MAPPING_PASS,PROMPT_DERIVED_SYNTHETIC_GT,FROZEN_GENERATION_PROMPT_AND_PLANNED_ROLE,false,true
PFV4D_0040,floor_sitting,floor_sitting,FROZEN_TAXONOMY_AND_STABLE_ID_ONLY,V2_ORIGINAL::IMG_003706,V2_ORIGINAL_SYNTHETIC_500,305_h01-sitting-on-floor-05,IMG_003706,pf_v2_aigc_h01-sitting-on-floor,DEV,V3_DEV,/home/yanbo/下载/batches/batch_person-fallen-v2-camera1p5m/final/305_h01-sitting-on-floor-05.png,2b6115e018583759cfe5df4bd1fcd315bb592af2d089c3a701da59fbbbf0e6e0,FROZEN_V2_MANIFEST_EXPECTED_AND_ACTUAL,/home/yanbo/下载/batches/batch_person-fallen-v2-camera1p5m/prompts/305_h01-sitting-on-floor-05.txt,6d534c9bb889259c656de1c622386ff46f4410bc76f0142d2337d5fe8b909781,floor_sitting,hard_negative,0,negative,hard_negative,FROZEN_V2_PROMPT_IMAGE_MAPPING_PASS,PROMPT_DERIVED_SYNTHETIC_GT,FROZEN_GENERATION_PROMPT_AND_PLANNED_ROLE,false,true
PFV4D_0041,floor_sitting,floor_sitting,FROZEN_TAXONOMY_AND_STABLE_ID_ONLY,V2_ORIGINAL::IMG_003707,V2_ORIGINAL_SYNTHETIC_500,306_h01-sitting-on-floor-06,IMG_003707,pf_v2_aigc_h01-sitting-on-floor,DEV,V3_DEV,/home/yanbo/下载/batches/batch_person-fallen-v2-camera1p5m/final/306_h01-sitting-on-floor-06.png,73bc09ee9ef0fd6bbb582bbe0db98cd4469f12a8834626f5fa2cc0b71ba6acbd,FROZEN_V2_MANIFEST_EXPECTED_AND_ACTUAL,/home/yanbo/下载/batches/batch_person-fallen-v2-camera1p5m/prompts/306_h01-sitting-on-floor-06.txt,9b453d26978f6600000458aa4b5b78454da80bf15d9773289eed341a9b799717,floor_sitting,hard_negative,0,negative,hard_negative,FROZEN_V2_PROMPT_IMAGE_MAPPING_PASS,PROMPT_DERIVED_SYNTHETIC_GT,FROZEN_GENERATION_PROMPT_AND_PLANNED_ROLE,false,true
PFV4D_0042,floor_sitting,floor_sitting,FROZEN_TAXONOMY_AND_STABLE_ID_ONLY,V2_ORIGINAL::IMG_003708,V2_ORIGINAL_SYNTHETIC_500,307_h01-sitting-on-floor-07,IMG_003708,pf_v2_aigc_h01-sitting-on-floor,DEV,V3_DEV,/home/yanbo/下载/batches/batch_person-fallen-v2-camera1p5m/final/307_h01-sitting-on-floor-07.png,aebf6050b3fb73755b48cad44728ca0f55ae95c078047887335bcfcc57776c47,FROZEN_V2_MANIFEST_EXPECTED_AND_ACTUAL,/home/yanbo/下载/batches/batch_person-fallen-v2-camera1p5m/prompts/307_h01-sitting-on-floor-07.txt,a93a0c7e45ef6c5999f3afc9ed9386e14367a27e41f3cbc1326d2fdc51ad96bb,floor_sitting,hard_negative,0,negative,hard_negative,FROZEN_V2_PROMPT_IMAGE_MAPPING_PASS,PROMPT_DERIVED_SYNTHETIC_GT,FROZEN_GENERATION_PROMPT_AND_PLANNED_ROLE,false,true
PFV4D_0043,floor_sitting,floor_sitting,FROZEN_TAXONOMY_AND_STABLE_ID_ONLY,V2_ORIGINAL::IMG_003709,V2_ORIGINAL_SYNTHETIC_500,308_h01-sitting-on-floor-08,IMG_003709,pf_v2_aigc_h01-sitting-on-floor,DEV,V3_DEV,/home/yanbo/下载/batches/batch_person-fallen-v2-camera1p5m/final/308_h01-sitting-on-floor-08.png,d9f51b8ff2d02493d7ecd7d16b28d4480d32456bbd87bf21b040cc6b3d4eeb33,FROZEN_V2_MANIFEST_EXPECTED_AND_ACTUAL,/home/yanbo/下载/batches/batch_person-fallen-v2-camera1p5m/prompts/308_h01-sitting-on-floor-08.txt,98119d22c1c103dcd3efc0dc9c6602fd1747ca21018ed75a78ed727284791374,floor_sitting,hard_negative,0,negative,hard_negative,FROZEN_V2_PROMPT_IMAGE_MAPPING_PASS,PROMPT_DERIVED_SYNTHETIC_GT,FROZEN_GENERATION_PROMPT_AND_PLANNED_ROLE,false,true
PFV4D_0044,floor_sitting,floor_sitting,FROZEN_TAXONOMY_AND_STABLE_ID_ONLY,V2_ORIGINAL::IMG_003710,V2_ORIGINAL_SYNTHETIC_500,309_h01-sitting-on-floor-09,IMG_003710,pf_v2_aigc_h01-sitting-on-floor,DEV,V3_DEV,/home/yanbo/下载/batches/batch_person-fallen-v2-camera1p5m/final/309_h01-sitting-on-floor-09.png,b18857cefb35aee71924a5cca2bd68a70cb29e28e5ec82e53e447f3301f1da13,FROZEN_V2_MANIFEST_EXPECTED_AND_ACTUAL,/home/yanbo/下载/batches/batch_person-fallen-v2-camera1p5m/prompts/309_h01-sitting-on-floor-09.txt,0761a3f3c3b52a37237e6cd50240dc9f0e83a9456413dc19a9a9d1a60e3ea312,floor_sitting,hard_negative,0,negative,hard_negative,FROZEN_V2_PROMPT_IMAGE_MAPPING_PASS,PROMPT_DERIVED_SYNTHETIC_GT,FROZEN_GENERATION_PROMPT_AND_PLANNED_ROLE,false,true
PFV4D_0045,floor_sitting,floor_sitting,FROZEN_TAXONOMY_AND_STABLE_ID_ONLY,V2_ORIGINAL::IMG_003711,V2_ORIGINAL_SYNTHETIC_500,310_h01-sitting-on-floor-10,IMG_003711,pf_v2_aigc_h01-sitting-on-floor,DEV,V3_DEV,/home/yanbo/下载/batches/batch_person-fallen-v2-camera1p5m/final/310_h01-sitting-on-floor-10.png,5785e793610f7f7677b6c4d9b947c828a4e56e2d327d06adba47f377dfb5dc43,FROZEN_V2_MANIFEST_EXPECTED_AND_ACTUAL,/home/yanbo/下载/batches/batch_person-fallen-v2-camera1p5m/prompts/310_h01-sitting-on-floor-10.txt,c91e8bb07b3571e932084867336acfb0091000b4992e1a9e7f3c6fe3f570b65f,floor_sitting,hard_negative,0,negative,hard_negative,FROZEN_V2_PROMPT_IMAGE_MAPPING_PASS,PROMPT_DERIVED_SYNTHETIC_GT,FROZEN_GENERATION_PROMPT_AND_PLANNED_ROLE,false,true
PFV4D_0046,floor_sitting,floor_sitting,FROZEN_TAXONOMY_AND_STABLE_ID_ONLY,V2_ORIGINAL::IMG_003712,V2_ORIGINAL_SYNTHETIC_500,311_h02-sitting-on-floor-01,IMG_003712,pf_v2_aigc_h02-sitting-on-floor,DEV,V3_DEV,/home/yanbo/下载/batches/batch_person-fallen-v2-camera1p5m/final/311_h02-sitting-on-floor-01.png,a08dc0677c5f0c67aecd4897fe8c39f6112c2732b2182b3d889b03b5a98b617d,FROZEN_V2_MANIFEST_EXPECTED_AND_ACTUAL,/home/yanbo/下载/batches/batch_person-fallen-v2-camera1p5m/prompts/311_h02-sitting-on-floor-01.txt,3fa1db199a0cddb648594d401a005be8a99dfe91b47fa37c3efd9f78209be731,floor_sitting,hard_negative,0,negative,hard_negative,FROZEN_V2_PROMPT_IMAGE_MAPPING_PASS,PROMPT_DERIVED_SYNTHETIC_GT,FROZEN_GENERATION_PROMPT_AND_PLANNED_ROLE,false,true
PFV4D_0047,floor_sitting,floor_sitting,FROZEN_TAXONOMY_AND_STABLE_ID_ONLY,V2_ORIGINAL::IMG_003713,V2_ORIGINAL_SYNTHETIC_500,312_h02-sitting-on-floor-02,IMG_003713,pf_v2_aigc_h02-sitting-on-floor,DEV,V3_DEV,/home/yanbo/下载/batches/batch_person-fallen-v2-camera1p5m/final/312_h02-sitting-on-floor-02.png,74c096570ad1109e55ec956d25c76b0c3fe1a9dc51eef03da1642c07d7a765b9,FROZEN_V2_MANIFEST_EXPECTED_AND_ACTUAL,/home/yanbo/下载/batches/batch_person-fallen-v2-camera1p5m/prompts/312_h02-sitting-on-floor-02.txt,575380327386f8c68f43795656cf0daf5135ba021f87557614c233643bca0b4e,floor_sitting,hard_negative,0,negative,hard_negative,FROZEN_V2_PROMPT_IMAGE_MAPPING_PASS,PROMPT_DERIVED_SYNTHETIC_GT,FROZEN_GENERATION_PROMPT_AND_PLANNED_ROLE,false,true
PFV4D_0048,floor_sitting,floor_sitting,FROZEN_TAXONOMY_AND_STABLE_ID_ONLY,V2_ORIGINAL::IMG_003714,V2_ORIGINAL_SYNTHETIC_500,313_h02-sitting-on-floor-03,IMG_003714,pf_v2_aigc_h02-sitting-on-floor,DEV,V3_DEV,/home/yanbo/下载/batches/batch_person-fallen-v2-camera1p5m/final/313_h02-sitting-on-floor-03.png,26e8e9b1f421aeada92548231e0b832e6d0554ffe2dab403516c7c7a2df75a5c,FROZEN_V2_MANIFEST_EXPECTED_AND_ACTUAL,/home/yanbo/下载/batches/batch_person-fallen-v2-camera1p5m/prompts/313_h02-sitting-on-floor-03.txt,f0da130144c6c9c7badf5f352bc1dd4e3da6c4fd28e95d964ec07dc93902e243,floor_sitting,hard_negative,0,negative,hard_negative,FROZEN_V2_PROMPT_IMAGE_MAPPING_PASS,PROMPT_DERIVED_SYNTHETIC_GT,FROZEN_GENERATION_PROMPT_AND_PLANNED_ROLE,false,true
PFV4D_0049,floor_sitting,floor_sitting,FROZEN_TAXONOMY_AND_STABLE_ID_ONLY,V2_ORIGINAL::IMG_003715,V2_ORIGINAL_SYNTHETIC_500,314_h02-sitting-on-floor-04,IMG_003715,pf_v2_aigc_h02-sitting-on-floor,DEV,V3_DEV,/home/yanbo/下载/batches/batch_person-fallen-v2-camera1p5m/final/314_h02-sitting-on-floor-04.png,da3050615af0f957ee851f59d0ba1728110d72e2ce5799555015baa71545303d,FROZEN_V2_MANIFEST_EXPECTED_AND_ACTUAL,/home/yanbo/下载/batches/batch_person-fallen-v2-camera1p5m/prompts/314_h02-sitting-on-floor-04.txt,8abc900812d578212771f4ab28156759515d8f997a508afff0145181fb9183e5,floor_sitting,hard_negative,0,negative,hard_negative,FROZEN_V2_PROMPT_IMAGE_MAPPING_PASS,PROMPT_DERIVED_SYNTHETIC_GT,FROZEN_GENERATION_PROMPT_AND_PLANNED_ROLE,false,true
PFV4D_0050,floor_sitting,floor_sitting,FROZEN_TAXONOMY_AND_STABLE_ID_ONLY,V2_ORIGINAL::IMG_003716,V2_ORIGINAL_SYNTHETIC_500,315_h02-sitting-on-floor-05,IMG_003716,pf_v2_aigc_h02-sitting-on-floor,DEV,V3_DEV,/home/yanbo/下载/batches/batch_person-fallen-v2-camera1p5m/final/315_h02-sitting-on-floor-05.png,de763ff98de5ee15d2e08431d68de418de7ea91184c26b17329924d58a43cfea,FROZEN_V2_MANIFEST_EXPECTED_AND_ACTUAL,/home/yanbo/下载/batches/batch_person-fallen-v2-camera1p5m/prompts/315_h02-sitting-on-floor-05.txt,20f1333108a4115c078abb21cda428697ace7af53fa89944a05dbff99490622e,floor_sitting,hard_negative,0,negative,hard_negative,FROZEN_V2_PROMPT_IMAGE_MAPPING_PASS,PROMPT_DERIVED_SYNTHETIC_GT,FROZEN_GENERATION_PROMPT_AND_PLANNED_ROLE,false,true
PFV4D_0051,floor_sitting,floor_sitting,FROZEN_TAXONOMY_AND_STABLE_ID_ONLY,V2_ORIGINAL::IMG_003717,V2_ORIGINAL_SYNTHETIC_500,316_h02-sitting-on-floor-06,IMG_003717,pf_v2_aigc_h02-sitting-on-floor,DEV,V3_DEV,/home/yanbo/下载/batches/batch_person-fallen-v2-camera1p5m/final/316_h02-sitting-on-floor-06.png,51defa65e8ab2e4ac0e0b5d0903a50bd79b93ab562f59ceac93d10e35c3d7026,FROZEN_V2_MANIFEST_EXPECTED_AND_ACTUAL,/home/yanbo/下载/batches/batch_person-fallen-v2-camera1p5m/prompts/316_h02-sitting-on-floor-06.txt,999d3022bd85941bfeb8febed5d2c9943c294edc28d36488e28ae02e342a9fd7,floor_sitting,hard_negative,0,negative,hard_negative,FROZEN_V2_PROMPT_IMAGE_MAPPING_PASS,PROMPT_DERIVED_SYNTHETIC_GT,FROZEN_GENERATION_PROMPT_AND_PLANNED_ROLE,false,true
PFV4D_0052,floor_sitting,floor_sitting,FROZEN_TAXONOMY_AND_STABLE_ID_ONLY,V2_ORIGINAL::IMG_003718,V2_ORIGINAL_SYNTHETIC_500,317_h02-sitting-on-floor-07,IMG_003718,pf_v2_aigc_h02-sitting-on-floor,DEV,V3_DEV,/home/yanbo/下载/batches/batch_person-fallen-v2-camera1p5m/final/317_h02-sitting-on-floor-07.png,a492fa3a45b44a5055130be2502affe0940bb028630d22086170baa7a9120e9c,FROZEN_V2_MANIFEST_EXPECTED_AND_ACTUAL,/home/yanbo/下载/batches/batch_person-fallen-v2-camera1p5m/prompts/317_h02-sitting-on-floor-07.txt,a7906e74ebd43c252e0e46e59d4383cdac9b349a74d8649e61d003a316e4c4d7,floor_sitting,hard_negative,0,negative,hard_negative,FROZEN_V2_PROMPT_IMAGE_MAPPING_PASS,PROMPT_DERIVED_SYNTHETIC_GT,FROZEN_GENERATION_PROMPT_AND_PLANNED_ROLE,false,true
PFV4D_0053,floor_sitting,floor_sitting,FROZEN_TAXONOMY_AND_STABLE_ID_ONLY,V2_ORIGINAL::IMG_003719,V2_ORIGINAL_SYNTHETIC_500,318_h02-sitting-on-floor-08,IMG_003719,pf_v2_aigc_h02-sitting-on-floor,DEV,V3_DEV,/home/yanbo/下载/batches/batch_person-fallen-v2-camera1p5m/final/318_h02-sitting-on-floor-08.png,47c966c7e3000e227ea832590ab7f537270c4f411e1e5f9090b91012315ee2f3,FROZEN_V2_MANIFEST_EXPECTED_AND_ACTUAL,/home/yanbo/下载/batches/batch_person-fallen-v2-camera1p5m/prompts/318_h02-sitting-on-floor-08.txt,76546032bb15e85f574daed5acf7d413364fba659eea78dae6af992179c3f6eb,floor_sitting,hard_negative,0,negative,hard_negative,FROZEN_V2_PROMPT_IMAGE_MAPPING_PASS,PROMPT_DERIVED_SYNTHETIC_GT,FROZEN_GENERATION_PROMPT_AND_PLANNED_ROLE,false,true
PFV4D_0054,floor_sitting,floor_sitting,FROZEN_TAXONOMY_AND_STABLE_ID_ONLY,V2_ORIGINAL::IMG_003720,V2_ORIGINAL_SYNTHETIC_500,319_h02-sitting-on-floor-09,IMG_003720,pf_v2_aigc_h02-sitting-on-floor,DEV,V3_DEV,/home/yanbo/下载/batches/batch_person-fallen-v2-camera1p5m/final/319_h02-sitting-on-floor-09.png,535a93d41730af7911e98c7078fc4d470a277fdd4048c6e80cb57ed8e7db3439,FROZEN_V2_MANIFEST_EXPECTED_AND_ACTUAL,/home/yanbo/下载/batches/batch_person-fallen-v2-camera1p5m/prompts/319_h02-sitting-on-floor-09.txt,4ed8d3f6c162d61ff48d37d5a665a36e1b62686a8de94356db89985598c60767,floor_sitting,hard_negative,0,negative,hard_negative,FROZEN_V2_PROMPT_IMAGE_MAPPING_PASS,PROMPT_DERIVED_SYNTHETIC_GT,FROZEN_GENERATION_PROMPT_AND_PLANNED_ROLE,false,true
PFV4D_0055,floor_sitting,floor_sitting,FROZEN_TAXONOMY_AND_STABLE_ID_ONLY,V2_ORIGINAL::IMG_003721,V2_ORIGINAL_SYNTHETIC_500,320_h02-sitting-on-floor-10,IMG_003721,pf_v2_aigc_h02-sitting-on-floor,DEV,V3_DEV,/home/yanbo/下载/batches/batch_person-fallen-v2-camera1p5m/final/320_h02-sitting-on-floor-10.png,87f2d821c7096f9fb25574f6272bb3ccd52ae160cf83b591930e5b2ea4bc6b99,FROZEN_V2_MANIFEST_EXPECTED_AND_ACTUAL,/home/yanbo/下载/batches/batch_person-fallen-v2-camera1p5m/prompts/320_h02-sitting-on-floor-10.txt,2bab1122f652dd8d905e2d9b73147137f864190ad442f4f0c4e01862dc1397c4,floor_sitting,hard_negative,0,negative,hard_negative,FROZEN_V2_PROMPT_IMAGE_MAPPING_PASS,PROMPT_DERIVED_SYNTHETIC_GT,FROZEN_GENERATION_PROMPT_AND_PLANNED_ROLE,false,true
PFV4D_0056,lying,lying,FROZEN_TAXONOMY_AND_STABLE_ID_ONLY,P4D_PLAN::PF_P4D_POS_PRONE_G001_V01,P4D_FROZEN_PLAN_440,PF_P4D_POS_PRONE_G001_V01,,PF_P4D_POS_PRONE_G001,NEW_DESIGN,V3_DEV,/home/yanbo/net_vlm_person_fallen_v2_optimization/08_p4d_new_hard_negative_dev_revision/02_generation/gr3_fullregen/06_execution/quota_campaign_window_05_gr3q8_authorized_20260831_01/08_final/PF_P4D_POS_PRONE_G001_V01.png,44e5213eb3e5ed91efe3db9cea4669d392fafb8d616ba975abd18e7b6ff487b0,FAST_CLOSE_EXPECTED_AND_ACTUAL,/home/yanbo/下载/batches/batch_person-fallen-v2-p4d-hardneg-rev1-camera1p5m/prompts/PF_P4D_POS_PRONE_G001_V01.txt,a323736a5ed2a64780e438a3eebde0f1823ee89ef5a90f83b219b46430e17b5f,prone_ground_lying,positive,positive,positive,positive,P4D_FAST_CLOSE_PROVENANCE_MECHANICAL_LINEAGE_PASS,PROMPT_DERIVED_SYNTHETIC_GT,FROZEN_GENERATION_PROMPT_AND_PLANNED_ROLE,false,true
PFV4D_0057,lying,lying,FROZEN_TAXONOMY_AND_STABLE_ID_ONLY,P4D_PLAN::PF_P4D_POS_PRONE_G001_V02,P4D_FROZEN_PLAN_440,PF_P4D_POS_PRONE_G001_V02,,PF_P4D_POS_PRONE_G001,NEW_DESIGN,V3_DEV,/home/yanbo/net_vlm_person_fallen_v2_optimization/08_p4d_new_hard_negative_dev_revision/02_generation/gr3_fullregen/06_execution/quota_campaign_window_05_gr3q8_authorized_20260831_01/08_final/PF_P4D_POS_PRONE_G001_V02.png,2b44eaabf8fff5f3df8035f7d2590bc9ab8dd5a71ff93ec0eae05b56b5459977,FAST_CLOSE_EXPECTED_AND_ACTUAL,/home/yanbo/下载/batches/batch_person-fallen-v2-p4d-hardneg-rev1-camera1p5m/prompts/PF_P4D_POS_PRONE_G001_V02.txt,3cf49b6c5800a0f64c98aeb63e16402c934d576c2d0555a2009ec900bf32a443,prone_ground_lying,positive,positive,positive,positive,P4D_FAST_CLOSE_PROVENANCE_MECHANICAL_LINEAGE_PASS,PROMPT_DERIVED_SYNTHETIC_GT,FROZEN_GENERATION_PROMPT_AND_PLANNED_ROLE,false,true
PFV4D_0058,lying,lying,FROZEN_TAXONOMY_AND_STABLE_ID_ONLY,P4D_PLAN::PF_P4D_POS_PRONE_G001_V03,P4D_FROZEN_PLAN_440,PF_P4D_POS_PRONE_G001_V03,,PF_P4D_POS_PRONE_G001,NEW_DESIGN,V3_DEV,/home/yanbo/net_vlm_person_fallen_v2_optimization/08_p4d_new_hard_negative_dev_revision/02_generation/gr3_fullregen/06_execution/quota_campaign_window_05_gr3q8_authorized_20260831_01/08_final/PF_P4D_POS_PRONE_G001_V03.png,4ff63469df9a231910a897a56257408881bf7deb8ffbc6a390ca0257ca988147,FAST_CLOSE_EXPECTED_AND_ACTUAL,/home/yanbo/下载/batches/batch_person-fallen-v2-p4d-hardneg-rev1-camera1p5m/prompts/PF_P4D_POS_PRONE_G001_V03.txt,94e8865284deea85d8368bdcb4fb87c37b5ccae7bb98749d9bc949355b7efe92,prone_ground_lying,positive,positive,positive,positive,P4D_FAST_CLOSE_PROVENANCE_MECHANICAL_LINEAGE_PASS,PROMPT_DERIVED_SYNTHETIC_GT,FROZEN_GENERATION_PROMPT_AND_PLANNED_ROLE,false,true
PFV4D_0059,lying,lying,FROZEN_TAXONOMY_AND_STABLE_ID_ONLY,P4D_PLAN::PF_P4D_POS_PRONE_G001_V04,P4D_FROZEN_PLAN_440,PF_P4D_POS_PRONE_G001_V04,,PF_P4D_POS_PRONE_G001,NEW_DESIGN,V3_DEV,/home/yanbo/net_vlm_person_fallen_v2_optimization/08_p4d_new_hard_negative_dev_revision/02_generation/gr3_fullregen/06_execution/quota_campaign_window_05_gr3q8_authorized_20260831_01/08_final/PF_P4D_POS_PRONE_G001_V04.png,0f9a47785f5255a87ca5b63b577704d9da8d8d75966a94f6e7a2f57dd9912965,FAST_CLOSE_EXPECTED_AND_ACTUAL,/home/yanbo/下载/batches/batch_person-fallen-v2-p4d-hardneg-rev1-camera1p5m/prompts/PF_P4D_POS_PRONE_G001_V04.txt,569f3ab96d127c1a77f213a4f6487594c5a5218b722fc13c4995058cc1aa458d,prone_ground_lying,positive,positive,positive,positive,P4D_FAST_CLOSE_PROVENANCE_MECHANICAL_LINEAGE_PASS,PROMPT_DERIVED_SYNTHETIC_GT,FROZEN_GENERATION_PROMPT_AND_PLANNED_ROLE,false,true
PFV4D_0060,lying,lying,FROZEN_TAXONOMY_AND_STABLE_ID_ONLY,P4D_PLAN::PF_P4D_POS_PRONE_G001_V05,P4D_FROZEN_PLAN_440,PF_P4D_POS_PRONE_G001_V05,,PF_P4D_POS_PRONE_G001,NEW_DESIGN,V3_DEV,/home/yanbo/net_vlm_person_fallen_v2_optimization/08_p4d_new_hard_negative_dev_revision/02_generation/gr3_fullregen/06_execution/quota_campaign_window_05_gr3q8_authorized_20260831_01/08_final/PF_P4D_POS_PRONE_G001_V05.png,88248d505e415a2aa8b8af9e980baf8e7eef22bb497d46d778c990e2b0942ad2,FAST_CLOSE_EXPECTED_AND_ACTUAL,/home/yanbo/下载/batches/batch_person-fallen-v2-p4d-hardneg-rev1-camera1p5m/prompts/PF_P4D_POS_PRONE_G001_V05.txt,6b3a19183abcddd3019246d3529aaff05c0c1394f948fa7cfb9395dff6ed777c,prone_ground_lying,positive,positive,positive,positive,P4D_FAST_CLOSE_PROVENANCE_MECHANICAL_LINEAGE_PASS,PROMPT_DERIVED_SYNTHETIC_GT,FROZEN_GENERATION_PROMPT_AND_PLANNED_ROLE,false,true
PFV4D_0061,lying,lying,FROZEN_TAXONOMY_AND_STABLE_ID_ONLY,V2_ORIGINAL::IMG_004002,V2_ORIGINAL_SYNTHETIC_500,21_p03-prone-on-floor-01,IMG_004002,pf_v2_aigc_p03-prone-on-floor,DEV,V3_DEV,/home/yanbo/下载/batches/batch_person-fallen-v2-camera1p5m/final/21_p03-prone-on-floor-01.png,f0afef1f06a16d9f91cbc9eb9a52cecd79d692a10c0624b6f169255a562f6374,FROZEN_V2_MANIFEST_EXPECTED_AND_ACTUAL,/home/yanbo/下载/batches/batch_person-fallen-v2-camera1p5m/prompts/21_p03-prone-on-floor-01.txt,6a930f25e9052b7138e3d818d094cfc97049267377a7586c4e199432b20ea58b,prone_ground_lying,positive,1,positive,positive,FROZEN_V2_PROMPT_IMAGE_MAPPING_PASS,PROMPT_DERIVED_SYNTHETIC_GT,FROZEN_GENERATION_PROMPT_AND_PLANNED_ROLE,false,true
PFV4D_0062,lying,lying,FROZEN_TAXONOMY_AND_STABLE_ID_ONLY,V2_ORIGINAL::IMG_004003,V2_ORIGINAL_SYNTHETIC_500,22_p03-prone-on-floor-02,IMG_004003,pf_v2_aigc_p03-prone-on-floor,DEV,V3_DEV,/home/yanbo/下载/batches/batch_person-fallen-v2-camera1p5m/final/22_p03-prone-on-floor-02.png,531968ccc4c4000ca558dc91f46f4aa132767e2df19281d2506c4cbbd62c3e0f,FROZEN_V2_MANIFEST_EXPECTED_AND_ACTUAL,/home/yanbo/下载/batches/batch_person-fallen-v2-camera1p5m/prompts/22_p03-prone-on-floor-02.txt,7098ca4f50f689b2580a8069b264bcfba3914acc2561e1b9c8e153b79051fa11,prone_ground_lying,positive,1,positive,positive,FROZEN_V2_PROMPT_IMAGE_MAPPING_PASS,PROMPT_DERIVED_SYNTHETIC_GT,FROZEN_GENERATION_PROMPT_AND_PLANNED_ROLE,false,true
PFV4D_0063,lying,lying,FROZEN_TAXONOMY_AND_STABLE_ID_ONLY,V2_ORIGINAL::IMG_004004,V2_ORIGINAL_SYNTHETIC_500,23_p03-prone-on-floor-03,IMG_004004,pf_v2_aigc_p03-prone-on-floor,DEV,V3_DEV,/home/yanbo/下载/batches/batch_person-fallen-v2-camera1p5m/final/23_p03-prone-on-floor-03.png,86547becdc828b66ad9504dc73a3f4554738ec7030b623ec6830ae18fb351a4a,FROZEN_V2_MANIFEST_EXPECTED_AND_ACTUAL,/home/yanbo/下载/batches/batch_person-fallen-v2-camera1p5m/prompts/23_p03-prone-on-floor-03.txt,bd4f337f850716d078e3d01b294614bc3c6c2e7eb5545614afd186284287f0ae,prone_ground_lying,positive,1,positive,positive,FROZEN_V2_PROMPT_IMAGE_MAPPING_PASS,PROMPT_DERIVED_SYNTHETIC_GT,FROZEN_GENERATION_PROMPT_AND_PLANNED_ROLE,false,true
PFV4D_0064,lying,lying,FROZEN_TAXONOMY_AND_STABLE_ID_ONLY,V2_ORIGINAL::IMG_004005,V2_ORIGINAL_SYNTHETIC_500,24_p03-prone-on-floor-04,IMG_004005,pf_v2_aigc_p03-prone-on-floor,DEV,V3_DEV,/home/yanbo/下载/batches/batch_person-fallen-v2-camera1p5m/final/24_p03-prone-on-floor-04.png,fc2bc25c7a7c65641f3f35cd41cab981571e82d00231d5cb3f676954c03684f1,FROZEN_V2_MANIFEST_EXPECTED_AND_ACTUAL,/home/yanbo/下载/batches/batch_person-fallen-v2-camera1p5m/prompts/24_p03-prone-on-floor-04.txt,3afeb315e26aa99f8b576fbaa0b83144c2e824be6a7fe87f3ae78400587328bd,prone_ground_lying,positive,1,positive,positive,FROZEN_V2_PROMPT_IMAGE_MAPPING_PASS,PROMPT_DERIVED_SYNTHETIC_GT,FROZEN_GENERATION_PROMPT_AND_PLANNED_ROLE,false,true
PFV4D_0065,lying,lying,FROZEN_TAXONOMY_AND_STABLE_ID_ONLY,V2_ORIGINAL::IMG_004006,V2_ORIGINAL_SYNTHETIC_500,25_p03-prone-on-floor-05,IMG_004006,pf_v2_aigc_p03-prone-on-floor,DEV,V3_DEV,/home/yanbo/下载/batches/batch_person-fallen-v2-camera1p5m/final/25_p03-prone-on-floor-05.png,562f3ef69ce6291a666cffda86e701c7f20b92195677ac0bffc96dbf792f87e1,FROZEN_V2_MANIFEST_EXPECTED_AND_ACTUAL,/home/yanbo/下载/batches/batch_person-fallen-v2-camera1p5m/prompts/25_p03-prone-on-floor-05.txt,557a00e8f0ae115d40b3d827ced6a042d16cf552b325a5c183d5cd5be3b784db,prone_ground_lying,positive,1,positive,positive,FROZEN_V2_PROMPT_IMAGE_MAPPING_PASS,PROMPT_DERIVED_SYNTHETIC_GT,FROZEN_GENERATION_PROMPT_AND_PLANNED_ROLE,false,true
PFV4D_0066,lying,lying,FROZEN_TAXONOMY_AND_STABLE_ID_ONLY,V2_ORIGINAL::IMG_004007,V2_ORIGINAL_SYNTHETIC_500,26_p03-prone-on-floor-06,IMG_004007,pf_v2_aigc_p03-prone-on-floor,DEV,V3_DEV,/home/yanbo/下载/batches/batch_person-fallen-v2-camera1p5m/final/26_p03-prone-on-floor-06.png,ffea712d59fccabbaf558579286df4d7fe6c99afeb817ce0bf8dad7d3377a921,FROZEN_V2_MANIFEST_EXPECTED_AND_ACTUAL,/home/yanbo/下载/batches/batch_person-fallen-v2-camera1p5m/prompts/26_p03-prone-on-floor-06.txt,82a6ef69bd5a46a4d18e618910e3c00131ddef244963a362bf5e980eb0811490,prone_ground_lying,positive,1,positive,positive,FROZEN_V2_PROMPT_IMAGE_MAPPING_PASS,PROMPT_DERIVED_SYNTHETIC_GT,FROZEN_GENERATION_PROMPT_AND_PLANNED_ROLE,false,true
PFV4D_0067,lying,lying,FROZEN_TAXONOMY_AND_STABLE_ID_ONLY,V2_ORIGINAL::IMG_004008,V2_ORIGINAL_SYNTHETIC_500,27_p03-prone-on-floor-07,IMG_004008,pf_v2_aigc_p03-prone-on-floor,DEV,V3_DEV,/home/yanbo/下载/batches/batch_person-fallen-v2-camera1p5m/final/27_p03-prone-on-floor-07.png,6609e71caae836680300eb0b9a5b375fed21f3fc3538aa102667e729b25864b6,FROZEN_V2_MANIFEST_EXPECTED_AND_ACTUAL,/home/yanbo/下载/batches/batch_person-fallen-v2-camera1p5m/prompts/27_p03-prone-on-floor-07.txt,069a1407727b7bc0060238dd162129e5bf90c906ac59cb49ff3a525e9f0924c4,prone_ground_lying,positive,1,positive,positive,FROZEN_V2_PROMPT_IMAGE_MAPPING_PASS,PROMPT_DERIVED_SYNTHETIC_GT,FROZEN_GENERATION_PROMPT_AND_PLANNED_ROLE,false,true
PFV4D_0068,lying,lying,FROZEN_TAXONOMY_AND_STABLE_ID_ONLY,V2_ORIGINAL::IMG_004009,V2_ORIGINAL_SYNTHETIC_500,28_p03-prone-on-floor-08,IMG_004009,pf_v2_aigc_p03-prone-on-floor,DEV,V3_DEV,/home/yanbo/下载/batches/batch_person-fallen-v2-camera1p5m/final/28_p03-prone-on-floor-08.png,5584ace79f64b843dbea6e6eccf78e5e0700837c1b506bf79c82085f472e285b,FROZEN_V2_MANIFEST_EXPECTED_AND_ACTUAL,/home/yanbo/下载/batches/batch_person-fallen-v2-camera1p5m/prompts/28_p03-prone-on-floor-08.txt,e2d1b1813fad5dc55c2c485d2f96316c75d3840bb8c9880f318c0803c45e6066,prone_ground_lying,positive,1,positive,positive,FROZEN_V2_PROMPT_IMAGE_MAPPING_PASS,PROMPT_DERIVED_SYNTHETIC_GT,FROZEN_GENERATION_PROMPT_AND_PLANNED_ROLE,false,true
PFV4D_0069,lying,lying,FROZEN_TAXONOMY_AND_STABLE_ID_ONLY,V2_ORIGINAL::IMG_004010,V2_ORIGINAL_SYNTHETIC_500,29_p03-prone-on-floor-09,IMG_004010,pf_v2_aigc_p03-prone-on-floor,DEV,V3_DEV,/home/yanbo/下载/batches/batch_person-fallen-v2-camera1p5m/final/29_p03-prone-on-floor-09.png,5e672724004a81b5b2d705c84a7bfb3bd5dadec21ca063c60d35dcc09debb938,FROZEN_V2_MANIFEST_EXPECTED_AND_ACTUAL,/home/yanbo/下载/batches/batch_person-fallen-v2-camera1p5m/prompts/29_p03-prone-on-floor-09.txt,65061ebf715ad83d65699016b726f9ad39453bf616c01e6732f16a48f1d7ed34,prone_ground_lying,positive,1,positive,positive,FROZEN_V2_PROMPT_IMAGE_MAPPING_PASS,PROMPT_DERIVED_SYNTHETIC_GT,FROZEN_GENERATION_PROMPT_AND_PLANNED_ROLE,false,true
PFV4D_0070,lying,lying,FROZEN_TAXONOMY_AND_STABLE_ID_ONLY,V2_ORIGINAL::IMG_004011,V2_ORIGINAL_SYNTHETIC_500,30_p03-prone-on-floor-10,IMG_004011,pf_v2_aigc_p03-prone-on-floor,DEV,V3_DEV,/home/yanbo/下载/batches/batch_person-fallen-v2-camera1p5m/final/30_p03-prone-on-floor-10.png,21a5aa9d0b90a82dff6f58e818f3f4cd2c2c7f83a07fac1b12e2a6bcb2b74a4b,FROZEN_V2_MANIFEST_EXPECTED_AND_ACTUAL,/home/yanbo/下载/batches/batch_person-fallen-v2-camera1p5m/prompts/30_p03-prone-on-floor-10.txt,74be16d00249bc2b5a34f514c3142a2587e5ca7bba8732256c341956ed880cec,prone_ground_lying,positive,1,positive,positive,FROZEN_V2_PROMPT_IMAGE_MAPPING_PASS,PROMPT_DERIVED_SYNTHETIC_GT,FROZEN_GENERATION_PROMPT_AND_PLANNED_ROLE,false,true
PFV4D_0071,lying,lying,FROZEN_TAXONOMY_AND_STABLE_ID_ONLY,V2_ORIGINAL::IMG_004012,V2_ORIGINAL_SYNTHETIC_500,31_p04-prone-on-floor-01,IMG_004012,pf_v2_aigc_p04-prone-on-floor,DEV,V3_DEV,/home/yanbo/下载/batches/batch_person-fallen-v2-camera1p5m/final/31_p04-prone-on-floor-01.png,b0bc6b665f847380a62540bd0387a6356f273185253e134cc9d731120aee9ba7,FROZEN_V2_MANIFEST_EXPECTED_AND_ACTUAL,/home/yanbo/下载/batches/batch_person-fallen-v2-camera1p5m/prompts/31_p04-prone-on-floor-01.txt,950f1d629a056472236b0d35434bd68e21126c2bebf348640f486ac25f231ec4,prone_ground_lying,positive,1,positive,positive,FROZEN_V2_PROMPT_IMAGE_MAPPING_PASS,PROMPT_DERIVED_SYNTHETIC_GT,FROZEN_GENERATION_PROMPT_AND_PLANNED_ROLE,false,true
PFV4D_0072,lying,lying,FROZEN_TAXONOMY_AND_STABLE_ID_ONLY,V2_ORIGINAL::IMG_004013,V2_ORIGINAL_SYNTHETIC_500,32_p04-prone-on-floor-02,IMG_004013,pf_v2_aigc_p04-prone-on-floor,DEV,V3_DEV,/home/yanbo/下载/batches/batch_person-fallen-v2-camera1p5m/final/32_p04-prone-on-floor-02.png,ebdcd19a6884c77a2a854aad2cc33d145633833b0ef739e0c6b5fd302bf87dee,FROZEN_V2_MANIFEST_EXPECTED_AND_ACTUAL,/home/yanbo/下载/batches/batch_person-fallen-v2-camera1p5m/prompts/32_p04-prone-on-floor-02.txt,2aaef391fe27b2308d1be1f26aa54f6a81330ffe2c0dce41ce0c7207ab7798bd,prone_ground_lying,positive,1,positive,positive,FROZEN_V2_PROMPT_IMAGE_MAPPING_PASS,PROMPT_DERIVED_SYNTHETIC_GT,FROZEN_GENERATION_PROMPT_AND_PLANNED_ROLE,false,true
PFV4D_0073,lying,lying,FROZEN_TAXONOMY_AND_STABLE_ID_ONLY,V2_ORIGINAL::IMG_004014,V2_ORIGINAL_SYNTHETIC_500,33_p04-prone-on-floor-03,IMG_004014,pf_v2_aigc_p04-prone-on-floor,DEV,V3_DEV,/home/yanbo/下载/batches/batch_person-fallen-v2-camera1p5m/final/33_p04-prone-on-floor-03.png,a0e0ec4f94be40b43c9f805fbffbb25dc69995126cf2caaf25bdc16b8b8b5d98,FROZEN_V2_MANIFEST_EXPECTED_AND_ACTUAL,/home/yanbo/下载/batches/batch_person-fallen-v2-camera1p5m/prompts/33_p04-prone-on-floor-03.txt,c7a5305992113d2580fa39e9462462449d554b4161173155175691e968539b5c,prone_ground_lying,positive,1,positive,positive,FROZEN_V2_PROMPT_IMAGE_MAPPING_PASS,PROMPT_DERIVED_SYNTHETIC_GT,FROZEN_GENERATION_PROMPT_AND_PLANNED_ROLE,false,true
PFV4D_0074,lying,lying,FROZEN_TAXONOMY_AND_STABLE_ID_ONLY,P4D_PLAN::PF_P4D_POS_SIDE_G001_V01,P4D_FROZEN_PLAN_440,PF_P4D_POS_SIDE_G001_V01,,PF_P4D_POS_SIDE_G001,NEW_DESIGN,V3_DEV,/home/yanbo/net_vlm_person_fallen_v2_optimization/08_p4d_new_hard_negative_dev_revision/02_generation/gr3_fullregen/06_execution/quota_campaign_window_01_authorized_20260830_05/08_final/PF_P4D_POS_SIDE_G001_V01.png,364c38dabcb618fb649b5241411515ef9ef6184903462ded70fae014cdf05da5,FAST_CLOSE_EXPECTED_AND_ACTUAL,/home/yanbo/下载/batches/batch_person-fallen-v2-p4d-hardneg-rev1-camera1p5m/prompts/PF_P4D_POS_SIDE_G001_V01.txt,29632d9981525ca484604d7ab984d434087cb7d2cbdb8f5fa78c0079c5b7e9e9,side_lying,positive,positive,positive,positive,P4D_FAST_CLOSE_PROVENANCE_MECHANICAL_LINEAGE_PASS,PROMPT_DERIVED_SYNTHETIC_GT,FROZEN_GENERATION_PROMPT_AND_PLANNED_ROLE,false,true
PFV4D_0075,lying,lying,FROZEN_TAXONOMY_AND_STABLE_ID_ONLY,P4D_PLAN::PF_P4D_POS_SIDE_G001_V02,P4D_FROZEN_PLAN_440,PF_P4D_POS_SIDE_G001_V02,,PF_P4D_POS_SIDE_G001,NEW_DESIGN,V3_DEV,/home/yanbo/net_vlm_person_fallen_v2_optimization/08_p4d_new_hard_negative_dev_revision/02_generation/gr3_fullregen/06_execution/quota_campaign_window_01_authorized_20260830_05/08_final/PF_P4D_POS_SIDE_G001_V02.png,d2b75a57f860260b487d5f15a945592ab80636aac0e15a7ab049acfe14fbefbc,FAST_CLOSE_EXPECTED_AND_ACTUAL,/home/yanbo/下载/batches/batch_person-fallen-v2-p4d-hardneg-rev1-camera1p5m/prompts/PF_P4D_POS_SIDE_G001_V02.txt,f0dbc810a043c98768a333afadb8af9899244c67ceaaa5527ceafdfc7d0a402b,side_lying,positive,positive,positive,positive,P4D_FAST_CLOSE_PROVENANCE_MECHANICAL_LINEAGE_PASS,PROMPT_DERIVED_SYNTHETIC_GT,FROZEN_GENERATION_PROMPT_AND_PLANNED_ROLE,false,true
PFV4D_0076,lying,lying,FROZEN_TAXONOMY_AND_STABLE_ID_ONLY,P4D_PLAN::PF_P4D_POS_SIDE_G001_V03,P4D_FROZEN_PLAN_440,PF_P4D_POS_SIDE_G001_V03,,PF_P4D_POS_SIDE_G001,NEW_DESIGN,V3_DEV,/home/yanbo/net_vlm_person_fallen_v2_optimization/08_p4d_new_hard_negative_dev_revision/02_generation/gr3_fullregen/06_execution/quota_campaign_window_01_authorized_20260830_05/08_final/PF_P4D_POS_SIDE_G001_V03.png,d0fa1fb807894961e1b2f5bbec816990aef2fa91c2601adf4be1cac44d61b3a2,FAST_CLOSE_EXPECTED_AND_ACTUAL,/home/yanbo/下载/batches/batch_person-fallen-v2-p4d-hardneg-rev1-camera1p5m/prompts/PF_P4D_POS_SIDE_G001_V03.txt,66b2d97a988587554faa8a071e3636bb5eb5076871eb3bb5274970184e5112f8,side_lying,positive,positive,positive,positive,P4D_FAST_CLOSE_PROVENANCE_MECHANICAL_LINEAGE_PASS,PROMPT_DERIVED_SYNTHETIC_GT,FROZEN_GENERATION_PROMPT_AND_PLANNED_ROLE,false,true
PFV4D_0077,lying,lying,FROZEN_TAXONOMY_AND_STABLE_ID_ONLY,P4D_PLAN::PF_P4D_POS_SIDE_G001_V04,P4D_FROZEN_PLAN_440,PF_P4D_POS_SIDE_G001_V04,,PF_P4D_POS_SIDE_G001,NEW_DESIGN,V3_DEV,/home/yanbo/net_vlm_person_fallen_v2_optimization/08_p4d_new_hard_negative_dev_revision/02_generation/gr3_fullregen/06_execution/quota_campaign_window_01_authorized_20260830_05/08_final/PF_P4D_POS_SIDE_G001_V04.png,996c125e7b5e83d1222b5b20bae00dec92d702263b8505ddd9ed2f3bffaff9c2,FAST_CLOSE_EXPECTED_AND_ACTUAL,/home/yanbo/下载/batches/batch_person-fallen-v2-p4d-hardneg-rev1-camera1p5m/prompts/PF_P4D_POS_SIDE_G001_V04.txt,9958c9fbaf7ffc2e0571d4a3c12a1cdef8b6ef5393665f67c442cae51226ca6c,side_lying,positive,positive,positive,positive,P4D_FAST_CLOSE_PROVENANCE_MECHANICAL_LINEAGE_PASS,PROMPT_DERIVED_SYNTHETIC_GT,FROZEN_GENERATION_PROMPT_AND_PLANNED_ROLE,false,true
PFV4D_0078,lying,lying,FROZEN_TAXONOMY_AND_STABLE_ID_ONLY,P4D_PLAN::PF_P4D_POS_SIDE_G001_V05,P4D_FROZEN_PLAN_440,PF_P4D_POS_SIDE_G001_V05,,PF_P4D_POS_SIDE_G001,NEW_DESIGN,V3_DEV,/home/yanbo/net_vlm_person_fallen_v2_optimization/08_p4d_new_hard_negative_dev_revision/02_generation/gr3_fullregen/06_execution/quota_campaign_window_01_authorized_20260830_05/08_final/PF_P4D_POS_SIDE_G001_V05.png,244eaa9aa70cccf4e497f5d0e97b852361fa89c95cb2e219ef16e0a2565b5329,FAST_CLOSE_EXPECTED_AND_ACTUAL,/home/yanbo/下载/batches/batch_person-fallen-v2-p4d-hardneg-rev1-camera1p5m/prompts/PF_P4D_POS_SIDE_G001_V05.txt,6710ee6398b4afd3e3cb5a79fed932d9d8ee954eca2190730c7b14db4ef0a55b,side_lying,positive,positive,positive,positive,P4D_FAST_CLOSE_PROVENANCE_MECHANICAL_LINEAGE_PASS,PROMPT_DERIVED_SYNTHETIC_GT,FROZEN_GENERATION_PROMPT_AND_PLANNED_ROLE,false,true
PFV4D_0079,lying,lying,FROZEN_TAXONOMY_AND_STABLE_ID_ONLY,V2_ORIGINAL::IMG_004022,V2_ORIGINAL_SYNTHETIC_500,41_p05-side-lying-on-floor-01,IMG_004022,pf_v2_aigc_p05-side-lying-on-floor,DEV,V3_DEV,/home/yanbo/下载/batches/batch_person-fallen-v2-camera1p5m/final/41_p05-side-lying-on-floor-01.png,2a56166420080f6334e879608539170bdb9c06953e57519f7df004838705a3e2,FROZEN_V2_MANIFEST_EXPECTED_AND_ACTUAL,/home/yanbo/下载/batches/batch_person-fallen-v2-camera1p5m/prompts/41_p05-side-lying-on-floor-01.txt,a0bdce25515f3790fdf48386eeb35a9907f705f099b15ce202b2bbab2acd80a2,side_lying,positive,1,positive,positive,FROZEN_V2_PROMPT_IMAGE_MAPPING_PASS,PROMPT_DERIVED_SYNTHETIC_GT,FROZEN_GENERATION_PROMPT_AND_PLANNED_ROLE,false,true
PFV4D_0080,lying,lying,FROZEN_TAXONOMY_AND_STABLE_ID_ONLY,V2_ORIGINAL::IMG_004023,V2_ORIGINAL_SYNTHETIC_500,42_p05-side-lying-on-floor-02,IMG_004023,pf_v2_aigc_p05-side-lying-on-floor,DEV,V3_DEV,/home/yanbo/下载/batches/batch_person-fallen-v2-camera1p5m/final/42_p05-side-lying-on-floor-02.png,c3e644298d54499a3202d20f1f667081fe45ef7900eff0951afcbd2e1c73dfcd,FROZEN_V2_MANIFEST_EXPECTED_AND_ACTUAL,/home/yanbo/下载/batches/batch_person-fallen-v2-camera1p5m/prompts/42_p05-side-lying-on-floor-02.txt,2b1182d620f18f9aeae2287c1e597e3112c2044cf1215167f4ee52d480e1986b,side_lying,positive,1,positive,positive,FROZEN_V2_PROMPT_IMAGE_MAPPING_PASS,PROMPT_DERIVED_SYNTHETIC_GT,FROZEN_GENERATION_PROMPT_AND_PLANNED_ROLE,false,true
PFV4D_0081,lying,lying,FROZEN_TAXONOMY_AND_STABLE_ID_ONLY,V2_ORIGINAL::IMG_004024,V2_ORIGINAL_SYNTHETIC_500,43_p05-side-lying-on-floor-03,IMG_004024,pf_v2_aigc_p05-side-lying-on-floor,DEV,V3_DEV,/home/yanbo/下载/batches/batch_person-fallen-v2-camera1p5m/final/43_p05-side-lying-on-floor-03.png,27ab8404612d800fa1e25c2b6dfaab48a4dea15df2e9946e3a192a8ac2dff522,FROZEN_V2_MANIFEST_EXPECTED_AND_ACTUAL,/home/yanbo/下载/batches/batch_person-fallen-v2-camera1p5m/prompts/43_p05-side-lying-on-floor-03.txt,b434394c81cad2814712a9c9f17b2619a562b19ba0b585b7dcdc2122725007fb,side_lying,positive,1,positive,positive,FROZEN_V2_PROMPT_IMAGE_MAPPING_PASS,PROMPT_DERIVED_SYNTHETIC_GT,FROZEN_GENERATION_PROMPT_AND_PLANNED_ROLE,false,true
PFV4D_0082,lying,lying,FROZEN_TAXONOMY_AND_STABLE_ID_ONLY,V2_ORIGINAL::IMG_004025,V2_ORIGINAL_SYNTHETIC_500,44_p05-side-lying-on-floor-04,IMG_004025,pf_v2_aigc_p05-side-lying-on-floor,DEV,V3_DEV,/home/yanbo/下载/batches/batch_person-fallen-v2-camera1p5m/final/44_p05-side-lying-on-floor-04.png,45e4c31209b3a7baede57f45f9dee5ca938abd06bf17e18f4135b2d72a200f6a,FROZEN_V2_MANIFEST_EXPECTED_AND_ACTUAL,/home/yanbo/下载/batches/batch_person-fallen-v2-camera1p5m/prompts/44_p05-side-lying-on-floor-04.txt,a1323cf2e80c423ec00e97b9a7eaf741e76b60748663be267c230655ddd0ca4b,side_lying,positive,1,positive,positive,FROZEN_V2_PROMPT_IMAGE_MAPPING_PASS,PROMPT_DERIVED_SYNTHETIC_GT,FROZEN_GENERATION_PROMPT_AND_PLANNED_ROLE,false,true
PFV4D_0083,lying,lying,FROZEN_TAXONOMY_AND_STABLE_ID_ONLY,V2_ORIGINAL::IMG_004026,V2_ORIGINAL_SYNTHETIC_500,45_p05-side-lying-on-floor-05,IMG_004026,pf_v2_aigc_p05-side-lying-on-floor,DEV,V3_DEV,/home/yanbo/下载/batches/batch_person-fallen-v2-camera1p5m/final/45_p05-side-lying-on-floor-05.png,bd92eda4b83fdab8da9176185c1497fe9ff75cfbc151e0e9cda00a8d9f89bc13,FROZEN_V2_MANIFEST_EXPECTED_AND_ACTUAL,/home/yanbo/下载/batches/batch_person-fallen-v2-camera1p5m/prompts/45_p05-side-lying-on-floor-05.txt,9453c93ed2e26afba474eb75a38012378bb109a0499705c46911faae9830a5ce,side_lying,positive,1,positive,positive,FROZEN_V2_PROMPT_IMAGE_MAPPING_PASS,PROMPT_DERIVED_SYNTHETIC_GT,FROZEN_GENERATION_PROMPT_AND_PLANNED_ROLE,false,true
PFV4D_0084,lying,lying,FROZEN_TAXONOMY_AND_STABLE_ID_ONLY,V2_ORIGINAL::IMG_004027,V2_ORIGINAL_SYNTHETIC_500,46_p05-side-lying-on-floor-06,IMG_004027,pf_v2_aigc_p05-side-lying-on-floor,DEV,V3_DEV,/home/yanbo/下载/batches/batch_person-fallen-v2-camera1p5m/final/46_p05-side-lying-on-floor-06.png,1aa07102c66e87fd6004b84996a0fec67f8f3abc55bed2067e96cd000bf9a0aa,FROZEN_V2_MANIFEST_EXPECTED_AND_ACTUAL,/home/yanbo/下载/batches/batch_person-fallen-v2-camera1p5m/prompts/46_p05-side-lying-on-floor-06.txt,bfcc7c74330f2651c55a983c6313026c807f520d7be154bc5e857be939ebf38c,side_lying,positive,1,positive,positive,FROZEN_V2_PROMPT_IMAGE_MAPPING_PASS,PROMPT_DERIVED_SYNTHETIC_GT,FROZEN_GENERATION_PROMPT_AND_PLANNED_ROLE,false,true
PFV4D_0085,lying,lying,FROZEN_TAXONOMY_AND_STABLE_ID_ONLY,V2_ORIGINAL::IMG_004028,V2_ORIGINAL_SYNTHETIC_500,47_p05-side-lying-on-floor-07,IMG_004028,pf_v2_aigc_p05-side-lying-on-floor,DEV,V3_DEV,/home/yanbo/下载/batches/batch_person-fallen-v2-camera1p5m/final/47_p05-side-lying-on-floor-07.png,bbcc10a0ae8771d24f9d903beb69eef522f8742deb28eb3bb147f8cd94d27edd,FROZEN_V2_MANIFEST_EXPECTED_AND_ACTUAL,/home/yanbo/下载/batches/batch_person-fallen-v2-camera1p5m/prompts/47_p05-side-lying-on-floor-07.txt,a14b077718bc9ffaa33559ba4f5be2b620b790528807f00079e337d3fc729703,side_lying,positive,1,positive,positive,FROZEN_V2_PROMPT_IMAGE_MAPPING_PASS,PROMPT_DERIVED_SYNTHETIC_GT,FROZEN_GENERATION_PROMPT_AND_PLANNED_ROLE,false,true
PFV4D_0086,lying,lying,FROZEN_TAXONOMY_AND_STABLE_ID_ONLY,V2_ORIGINAL::IMG_004029,V2_ORIGINAL_SYNTHETIC_500,48_p05-side-lying-on-floor-08,IMG_004029,pf_v2_aigc_p05-side-lying-on-floor,DEV,V3_DEV,/home/yanbo/下载/batches/batch_person-fallen-v2-camera1p5m/final/48_p05-side-lying-on-floor-08.png,456144ecfb646cade4916bacfb4fa3d5a43cd9dd578dbb9f021842a9b201dfb7,FROZEN_V2_MANIFEST_EXPECTED_AND_ACTUAL,/home/yanbo/下载/batches/batch_person-fallen-v2-camera1p5m/prompts/48_p05-side-lying-on-floor-08.txt,0d830ae131c152cb06070a06cb854be95ddaaa6f928a0fe4f47f2da34abef416,side_lying,positive,1,positive,positive,FROZEN_V2_PROMPT_IMAGE_MAPPING_PASS,PROMPT_DERIVED_SYNTHETIC_GT,FROZEN_GENERATION_PROMPT_AND_PLANNED_ROLE,false,true
PFV4D_0087,lying,lying,FROZEN_TAXONOMY_AND_STABLE_ID_ONLY,V2_ORIGINAL::IMG_004030,V2_ORIGINAL_SYNTHETIC_500,49_p05-side-lying-on-floor-09,IMG_004030,pf_v2_aigc_p05-side-lying-on-floor,DEV,V3_DEV,/home/yanbo/下载/batches/batch_person-fallen-v2-camera1p5m/final/49_p05-side-lying-on-floor-09.png,62327680277259c675a6504f4dc31fb69739f19221e2a2a8e631806a19882e15,FROZEN_V2_MANIFEST_EXPECTED_AND_ACTUAL,/home/yanbo/下载/batches/batch_person-fallen-v2-camera1p5m/prompts/49_p05-side-lying-on-floor-09.txt,a76c95e67a410a347b3ef80d90ee50e49b5be994ad77fd0c163c66def6f5c389,side_lying,positive,1,positive,positive,FROZEN_V2_PROMPT_IMAGE_MAPPING_PASS,PROMPT_DERIVED_SYNTHETIC_GT,FROZEN_GENERATION_PROMPT_AND_PLANNED_ROLE,false,true
PFV4D_0088,lying,lying,FROZEN_TAXONOMY_AND_STABLE_ID_ONLY,V2_ORIGINAL::IMG_004031,V2_ORIGINAL_SYNTHETIC_500,50_p05-side-lying-on-floor-10,IMG_004031,pf_v2_aigc_p05-side-lying-on-floor,DEV,V3_DEV,/home/yanbo/下载/batches/batch_person-fallen-v2-camera1p5m/final/50_p05-side-lying-on-floor-10.png,a6c5520e3615d1510868fa7eb35ac9a4a431ad5b9c6797810db0fecb1783bd16,FROZEN_V2_MANIFEST_EXPECTED_AND_ACTUAL,/home/yanbo/下载/batches/batch_person-fallen-v2-camera1p5m/prompts/50_p05-side-lying-on-floor-10.txt,9e9c8c57b9dcac46774358a5f5e0382c33063d2d44ae127d4b12fcd6cc33414a,side_lying,positive,1,positive,positive,FROZEN_V2_PROMPT_IMAGE_MAPPING_PASS,PROMPT_DERIVED_SYNTHETIC_GT,FROZEN_GENERATION_PROMPT_AND_PLANNED_ROLE,false,true
PFV4D_0089,lying,lying,FROZEN_TAXONOMY_AND_STABLE_ID_ONLY,V2_ORIGINAL::IMG_004032,V2_ORIGINAL_SYNTHETIC_500,51_p06-side-lying-on-floor-01,IMG_004032,pf_v2_aigc_p06-side-lying-on-floor,DEV,V3_DEV,/home/yanbo/下载/batches/batch_person-fallen-v2-camera1p5m/final/51_p06-side-lying-on-floor-01.png,543366363d22efbbb907b006f3f86b877eea519fe5c6c98dad0cd699d9078b8f,FROZEN_V2_MANIFEST_EXPECTED_AND_ACTUAL,/home/yanbo/下载/batches/batch_person-fallen-v2-camera1p5m/prompts/51_p06-side-lying-on-floor-01.txt,b3383afcddd32b4948d38686344547b2b8174b4fc38bb5eaa492bab95252a563,side_lying,positive,1,positive,positive,FROZEN_V2_PROMPT_IMAGE_MAPPING_PASS,PROMPT_DERIVED_SYNTHETIC_GT,FROZEN_GENERATION_PROMPT_AND_PLANNED_ROLE,false,true
PFV4D_0090,lying,lying,FROZEN_TAXONOMY_AND_STABLE_ID_ONLY,V2_ORIGINAL::IMG_004033,V2_ORIGINAL_SYNTHETIC_500,52_p06-side-lying-on-floor-02,IMG_004033,pf_v2_aigc_p06-side-lying-on-floor,DEV,V3_DEV,/home/yanbo/下载/batches/batch_person-fallen-v2-camera1p5m/final/52_p06-side-lying-on-floor-02.png,9104b3c0cec7c4dc79881416cab26f85c6798fe75823c2315f7692b1b04991de,FROZEN_V2_MANIFEST_EXPECTED_AND_ACTUAL,/home/yanbo/下载/batches/batch_person-fallen-v2-camera1p5m/prompts/52_p06-side-lying-on-floor-02.txt,0995b77ed24c11db4719a8a41725b589ec1dce8a91bded7a27483ce1702c5f74,side_lying,positive,1,positive,positive,FROZEN_V2_PROMPT_IMAGE_MAPPING_PASS,PROMPT_DERIVED_SYNTHETIC_GT,FROZEN_GENERATION_PROMPT_AND_PLANNED_ROLE,false,true
PFV4D_0091,lying,lying,FROZEN_TAXONOMY_AND_STABLE_ID_ONLY,V2_ORIGINAL::IMG_004034,V2_ORIGINAL_SYNTHETIC_500,53_p06-side-lying-on-floor-03,IMG_004034,pf_v2_aigc_p06-side-lying-on-floor,DEV,V3_DEV,/home/yanbo/下载/batches/batch_person-fallen-v2-camera1p5m/final/53_p06-side-lying-on-floor-03.png,40ab0258a86ac7e8afb15911af2081069b68e301b7a5af23371b895ffa142564,FROZEN_V2_MANIFEST_EXPECTED_AND_ACTUAL,/home/yanbo/下载/batches/batch_person-fallen-v2-camera1p5m/prompts/53_p06-side-lying-on-floor-03.txt,a8901e6bcf8de315d11a501ff99c114fad4eb6b6ae73289be714312331863ddf,side_lying,positive,1,positive,positive,FROZEN_V2_PROMPT_IMAGE_MAPPING_PASS,PROMPT_DERIVED_SYNTHETIC_GT,FROZEN_GENERATION_PROMPT_AND_PLANNED_ROLE,false,true
PFV4D_0092,lying,lying,FROZEN_TAXONOMY_AND_STABLE_ID_ONLY,P4D_PLAN::PF_P4D_POS_SUPINE_G001_V01,P4D_FROZEN_PLAN_440,PF_P4D_POS_SUPINE_G001_V01,,PF_P4D_POS_SUPINE_G001,NEW_DESIGN,V3_DEV,/home/yanbo/net_vlm_person_fallen_v2_optimization/08_p4d_new_hard_negative_dev_revision/02_generation/gr3_fullregen/06_execution/quota_campaign_window_05_gr3q8_authorized_20260831_01/08_final/PF_P4D_POS_SUPINE_G001_V01.png,e3e039b8e2130df68ff57dea9ba8cb49ac5a1f1ab7ac8cc6327d084589b26b90,FAST_CLOSE_EXPECTED_AND_ACTUAL,/home/yanbo/下载/batches/batch_person-fallen-v2-p4d-hardneg-rev1-camera1p5m/prompts/PF_P4D_POS_SUPINE_G001_V01.txt,80c184f9a3d90728487441566d8fea91ecaae77e585eb5227343e30306e7da7f,supine_ground_lying,positive,positive,positive,positive,P4D_FAST_CLOSE_PROVENANCE_MECHANICAL_LINEAGE_PASS,PROMPT_DERIVED_SYNTHETIC_GT,FROZEN_GENERATION_PROMPT_AND_PLANNED_ROLE,false,true
PFV4D_0093,lying,lying,FROZEN_TAXONOMY_AND_STABLE_ID_ONLY,P4D_PLAN::PF_P4D_POS_SUPINE_G001_V02,P4D_FROZEN_PLAN_440,PF_P4D_POS_SUPINE_G001_V02,,PF_P4D_POS_SUPINE_G001,NEW_DESIGN,V3_DEV,/home/yanbo/net_vlm_person_fallen_v2_optimization/08_p4d_new_hard_negative_dev_revision/02_generation/gr3_fullregen/06_execution/quota_campaign_window_05_gr3q8_authorized_20260831_01/08_final/PF_P4D_POS_SUPINE_G001_V02.png,9eb06de9fbfb73dd717675234cca81ed2374265640fae06a3a4b2ddda116d403,FAST_CLOSE_EXPECTED_AND_ACTUAL,/home/yanbo/下载/batches/batch_person-fallen-v2-p4d-hardneg-rev1-camera1p5m/prompts/PF_P4D_POS_SUPINE_G001_V02.txt,e5dbf5a3b3a07d073c312ad43195f928aee033cb70f655118bf9727507e4b9d9,supine_ground_lying,positive,positive,positive,positive,P4D_FAST_CLOSE_PROVENANCE_MECHANICAL_LINEAGE_PASS,PROMPT_DERIVED_SYNTHETIC_GT,FROZEN_GENERATION_PROMPT_AND_PLANNED_ROLE,false,true
PFV4D_0094,lying,lying,FROZEN_TAXONOMY_AND_STABLE_ID_ONLY,P4D_PLAN::PF_P4D_POS_SUPINE_G001_V03,P4D_FROZEN_PLAN_440,PF_P4D_POS_SUPINE_G001_V03,,PF_P4D_POS_SUPINE_G001,NEW_DESIGN,V3_DEV,/home/yanbo/net_vlm_person_fallen_v2_optimization/08_p4d_new_hard_negative_dev_revision/02_generation/gr3_fullregen/06_execution/quota_campaign_window_05_gr3q8_authorized_20260831_01/08_final/PF_P4D_POS_SUPINE_G001_V03.png,03d8aaca8ea998c335dbe9a16a82425467785c2ae2c7663d0f420cb784d72515,FAST_CLOSE_EXPECTED_AND_ACTUAL,/home/yanbo/下载/batches/batch_person-fallen-v2-p4d-hardneg-rev1-camera1p5m/prompts/PF_P4D_POS_SUPINE_G001_V03.txt,63325762bee694281780c8909d89cf25c05e5d2a33fd282127cb6ac79732f6d9,supine_ground_lying,positive,positive,positive,positive,P4D_FAST_CLOSE_PROVENANCE_MECHANICAL_LINEAGE_PASS,PROMPT_DERIVED_SYNTHETIC_GT,FROZEN_GENERATION_PROMPT_AND_PLANNED_ROLE,false,true
PFV4D_0095,lying,lying,FROZEN_TAXONOMY_AND_STABLE_ID_ONLY,P4D_PLAN::PF_P4D_POS_SUPINE_G001_V04,P4D_FROZEN_PLAN_440,PF_P4D_POS_SUPINE_G001_V04,,PF_P4D_POS_SUPINE_G001,NEW_DESIGN,V3_DEV,/home/yanbo/net_vlm_person_fallen_v2_optimization/08_p4d_new_hard_negative_dev_revision/02_generation/gr3_fullregen/06_execution/quota_campaign_window_05_gr3q8_authorized_20260831_01/08_final/PF_P4D_POS_SUPINE_G001_V04.png,5b0bd30173956a0bffc6529e8e80248139cd2e98db8d58c47d2c635bea96997d,FAST_CLOSE_EXPECTED_AND_ACTUAL,/home/yanbo/下载/batches/batch_person-fallen-v2-p4d-hardneg-rev1-camera1p5m/prompts/PF_P4D_POS_SUPINE_G001_V04.txt,dd7ea143104aebe67054609f9141324bba2e4e42af9b91a538169c011a9fc8ed,supine_ground_lying,positive,positive,positive,positive,P4D_FAST_CLOSE_PROVENANCE_MECHANICAL_LINEAGE_PASS,PROMPT_DERIVED_SYNTHETIC_GT,FROZEN_GENERATION_PROMPT_AND_PLANNED_ROLE,false,true
PFV4D_0096,lying,lying,FROZEN_TAXONOMY_AND_STABLE_ID_ONLY,P4D_PLAN::PF_P4D_POS_SUPINE_G001_V05,P4D_FROZEN_PLAN_440,PF_P4D_POS_SUPINE_G001_V05,,PF_P4D_POS_SUPINE_G001,NEW_DESIGN,V3_DEV,/home/yanbo/net_vlm_person_fallen_v2_optimization/08_p4d_new_hard_negative_dev_revision/02_generation/gr3_fullregen/06_execution/quota_campaign_window_05_gr3q8_authorized_20260831_01/08_final/PF_P4D_POS_SUPINE_G001_V05.png,9273361ba7cea7d5d4a23ccc85d8a3f4b5bdbf992c337a8cb562a5d31b6dc290,FAST_CLOSE_EXPECTED_AND_ACTUAL,/home/yanbo/下载/batches/batch_person-fallen-v2-p4d-hardneg-rev1-camera1p5m/prompts/PF_P4D_POS_SUPINE_G001_V05.txt,3c1c684d63321e001fadbf7f56b88f3a6479a5267fbb86e591090010be4b8cf4,supine_ground_lying,positive,positive,positive,positive,P4D_FAST_CLOSE_PROVENANCE_MECHANICAL_LINEAGE_PASS,PROMPT_DERIVED_SYNTHETIC_GT,FROZEN_GENERATION_PROMPT_AND_PLANNED_ROLE,false,true
PFV4D_0097,lying,lying,FROZEN_TAXONOMY_AND_STABLE_ID_ONLY,V2_ORIGINAL::IMG_003982,V2_ORIGINAL_SYNTHETIC_500,01_p01-supine-on-floor-01,IMG_003982,pf_v2_aigc_p01-supine-on-floor,DEV,V3_DEV,/home/yanbo/下载/batches/batch_person-fallen-v2-camera1p5m/final/01_p01-supine-on-floor-01.png,3f8831314ec9403dafb006291009877fe8a2d85b9930710f92a6048b23d50c70,FROZEN_V2_MANIFEST_EXPECTED_AND_ACTUAL,/home/yanbo/下载/batches/batch_person-fallen-v2-camera1p5m/prompts/01_p01-supine-on-floor-01.txt,9ee55e2d521004485d60ad1252498f0b142acc01a3c2d29b697b95c77eaa52ed,supine_ground_lying,positive,1,positive,positive,FROZEN_V2_PROMPT_IMAGE_MAPPING_PASS,PROMPT_DERIVED_SYNTHETIC_GT,FROZEN_GENERATION_PROMPT_AND_PLANNED_ROLE,false,true
PFV4D_0098,lying,lying,FROZEN_TAXONOMY_AND_STABLE_ID_ONLY,V2_ORIGINAL::IMG_003983,V2_ORIGINAL_SYNTHETIC_500,02_p01-supine-on-floor-02,IMG_003983,pf_v2_aigc_p01-supine-on-floor,DEV,V3_DEV,/home/yanbo/下载/batches/batch_person-fallen-v2-camera1p5m/final/02_p01-supine-on-floor-02.png,0efbb9f5706f84c5382a0ba30bec46d35ed7b875072c5dbea115139e58a47d8a,FROZEN_V2_MANIFEST_EXPECTED_AND_ACTUAL,/home/yanbo/下载/batches/batch_person-fallen-v2-camera1p5m/prompts/02_p01-supine-on-floor-02.txt,77213752e5a1bd810c1975f9003c10e5702b376079d86db78f150c74e87a7715,supine_ground_lying,positive,1,positive,positive,FROZEN_V2_PROMPT_IMAGE_MAPPING_PASS,PROMPT_DERIVED_SYNTHETIC_GT,FROZEN_GENERATION_PROMPT_AND_PLANNED_ROLE,false,true
PFV4D_0099,lying,lying,FROZEN_TAXONOMY_AND_STABLE_ID_ONLY,V2_ORIGINAL::IMG_003984,V2_ORIGINAL_SYNTHETIC_500,03_p01-supine-on-floor-03,IMG_003984,pf_v2_aigc_p01-supine-on-floor,DEV,V3_DEV,/home/yanbo/下载/batches/batch_person-fallen-v2-camera1p5m/final/03_p01-supine-on-floor-03.png,00226efe88ae972b085592e830ecd461400e627e3f30514aa0bc5174fefc707d,FROZEN_V2_MANIFEST_EXPECTED_AND_ACTUAL,/home/yanbo/下载/batches/batch_person-fallen-v2-camera1p5m/prompts/03_p01-supine-on-floor-03.txt,6e08ef08b743ce469bfbef5ac0d5c690e51f1177fd182995101a48d412a427a1,supine_ground_lying,positive,1,positive,positive,FROZEN_V2_PROMPT_IMAGE_MAPPING_PASS,PROMPT_DERIVED_SYNTHETIC_GT,FROZEN_GENERATION_PROMPT_AND_PLANNED_ROLE,false,true
PFV4D_0100,lying,lying,FROZEN_TAXONOMY_AND_STABLE_ID_ONLY,V2_ORIGINAL::IMG_003985,V2_ORIGINAL_SYNTHETIC_500,04_p01-supine-on-floor-04,IMG_003985,pf_v2_aigc_p01-supine-on-floor,DEV,V3_DEV,/home/yanbo/下载/batches/batch_person-fallen-v2-camera1p5m/final/04_p01-supine-on-floor-04.png,b2c04a5ef00e87142592beb2ab5dade093473c24353132baa4f9fa651be1a6a4,FROZEN_V2_MANIFEST_EXPECTED_AND_ACTUAL,/home/yanbo/下载/batches/batch_person-fallen-v2-camera1p5m/prompts/04_p01-supine-on-floor-04.txt,392a05921628a25e7272e4374262e3492429b1739c62ee684b25b8a0af4c8b62,supine_ground_lying,positive,1,positive,positive,FROZEN_V2_PROMPT_IMAGE_MAPPING_PASS,PROMPT_DERIVED_SYNTHETIC_GT,FROZEN_GENERATION_PROMPT_AND_PLANNED_ROLE,false,true
PFV4D_0101,lying,lying,FROZEN_TAXONOMY_AND_STABLE_ID_ONLY,V2_ORIGINAL::IMG_003986,V2_ORIGINAL_SYNTHETIC_500,05_p01-supine-on-floor-05,IMG_003986,pf_v2_aigc_p01-supine-on-floor,DEV,V3_DEV,/home/yanbo/下载/batches/batch_person-fallen-v2-camera1p5m/final/05_p01-supine-on-floor-05.png,5c47f738bf7bbfe499cb85f5b8ab7601c3229c4405845c536d6e814c64dc6c79,FROZEN_V2_MANIFEST_EXPECTED_AND_ACTUAL,/home/yanbo/下载/batches/batch_person-fallen-v2-camera1p5m/prompts/05_p01-supine-on-floor-05.txt,076ed6a568456429111eead0a9705124adde2399da08c15008c43dd218621222,supine_ground_lying,positive,1,positive,positive,FROZEN_V2_PROMPT_IMAGE_MAPPING_PASS,PROMPT_DERIVED_SYNTHETIC_GT,FROZEN_GENERATION_PROMPT_AND_PLANNED_ROLE,false,true
PFV4D_0102,lying,lying,FROZEN_TAXONOMY_AND_STABLE_ID_ONLY,V2_ORIGINAL::IMG_003987,V2_ORIGINAL_SYNTHETIC_500,06_p01-supine-on-floor-06,IMG_003987,pf_v2_aigc_p01-supine-on-floor,DEV,V3_DEV,/home/yanbo/下载/batches/batch_person-fallen-v2-camera1p5m/final/06_p01-supine-on-floor-06.png,9dc8c1e15e4e31d1c22d5a868a207d56530752c6902fa9c678d824ba7a6e8bb6,FROZEN_V2_MANIFEST_EXPECTED_AND_ACTUAL,/home/yanbo/下载/batches/batch_person-fallen-v2-camera1p5m/prompts/06_p01-supine-on-floor-06.txt,08d36f8bc87be7fb318e2e2c321dc0fcab58a710a352801988a93917ec342a28,supine_ground_lying,positive,1,positive,positive,FROZEN_V2_PROMPT_IMAGE_MAPPING_PASS,PROMPT_DERIVED_SYNTHETIC_GT,FROZEN_GENERATION_PROMPT_AND_PLANNED_ROLE,false,true
PFV4D_0103,lying,lying,FROZEN_TAXONOMY_AND_STABLE_ID_ONLY,V2_ORIGINAL::IMG_003988,V2_ORIGINAL_SYNTHETIC_500,07_p01-supine-on-floor-07,IMG_003988,pf_v2_aigc_p01-supine-on-floor,DEV,V3_DEV,/home/yanbo/下载/batches/batch_person-fallen-v2-camera1p5m/final/07_p01-supine-on-floor-07.png,2d18f5d7a8e1fb5d146ba1167c7a02d08ea63e72f6c3dacfcce8997cd19695b2,FROZEN_V2_MANIFEST_EXPECTED_AND_ACTUAL,/home/yanbo/下载/batches/batch_person-fallen-v2-camera1p5m/prompts/07_p01-supine-on-floor-07.txt,baae53606ba3a56d02eb85c74b638ce39c008e5f36fadfe5fe01c2c70ae007bc,supine_ground_lying,positive,1,positive,positive,FROZEN_V2_PROMPT_IMAGE_MAPPING_PASS,PROMPT_DERIVED_SYNTHETIC_GT,FROZEN_GENERATION_PROMPT_AND_PLANNED_ROLE,false,true
PFV4D_0104,lying,lying,FROZEN_TAXONOMY_AND_STABLE_ID_ONLY,V2_ORIGINAL::IMG_003989,V2_ORIGINAL_SYNTHETIC_500,08_p01-supine-on-floor-08,IMG_003989,pf_v2_aigc_p01-supine-on-floor,DEV,V3_DEV,/home/yanbo/下载/batches/batch_person-fallen-v2-camera1p5m/final/08_p01-supine-on-floor-08.png,abc8eeef34ef97fc9ac4511ae695e911ec950c384ff3a959cf1a05e24955588e,FROZEN_V2_MANIFEST_EXPECTED_AND_ACTUAL,/home/yanbo/下载/batches/batch_person-fallen-v2-camera1p5m/prompts/08_p01-supine-on-floor-08.txt,63696c83c3da0ca5e18fd147b8e81a0495ad147a4fdc251d7ec2a8a7bf700679,supine_ground_lying,positive,1,positive,positive,FROZEN_V2_PROMPT_IMAGE_MAPPING_PASS,PROMPT_DERIVED_SYNTHETIC_GT,FROZEN_GENERATION_PROMPT_AND_PLANNED_ROLE,false,true
PFV4D_0105,lying,lying,FROZEN_TAXONOMY_AND_STABLE_ID_ONLY,V2_ORIGINAL::IMG_003990,V2_ORIGINAL_SYNTHETIC_500,09_p01-supine-on-floor-09,IMG_003990,pf_v2_aigc_p01-supine-on-floor,DEV,V3_DEV,/home/yanbo/下载/batches/batch_person-fallen-v2-camera1p5m/final/09_p01-supine-on-floor-09.png,4791a565447bec69f60b175570fb4bdb5efc1dde5d2474f50073b03398cd012e,FROZEN_V2_MANIFEST_EXPECTED_AND_ACTUAL,/home/yanbo/下载/batches/batch_person-fallen-v2-camera1p5m/prompts/09_p01-supine-on-floor-09.txt,3b1503fb57ea0743aa0e2a5e774fb973dea3bc063760b015fccda254ea7636b4,supine_ground_lying,positive,1,positive,positive,FROZEN_V2_PROMPT_IMAGE_MAPPING_PASS,PROMPT_DERIVED_SYNTHETIC_GT,FROZEN_GENERATION_PROMPT_AND_PLANNED_ROLE,false,true
PFV4D_0106,lying,lying,FROZEN_TAXONOMY_AND_STABLE_ID_ONLY,V2_ORIGINAL::IMG_003991,V2_ORIGINAL_SYNTHETIC_500,10_p01-supine-on-floor-10,IMG_003991,pf_v2_aigc_p01-supine-on-floor,DEV,V3_DEV,/home/yanbo/下载/batches/batch_person-fallen-v2-camera1p5m/final/10_p01-supine-on-floor-10.png,38ce6cfd624925a391aacf8d6c267d8413b097d6ec4ded21c7df9f4bff2cfeff,FROZEN_V2_MANIFEST_EXPECTED_AND_ACTUAL,/home/yanbo/下载/batches/batch_person-fallen-v2-camera1p5m/prompts/10_p01-supine-on-floor-10.txt,458706b1fd3f5c96306767cb4ba2eb3ab5f5d4306c65417ea3e9b13e70058eab,supine_ground_lying,positive,1,positive,positive,FROZEN_V2_PROMPT_IMAGE_MAPPING_PASS,PROMPT_DERIVED_SYNTHETIC_GT,FROZEN_GENERATION_PROMPT_AND_PLANNED_ROLE,false,true
PFV4D_0107,lying,lying,FROZEN_TAXONOMY_AND_STABLE_ID_ONLY,V2_ORIGINAL::IMG_003992,V2_ORIGINAL_SYNTHETIC_500,11_p02-supine-on-floor-01,IMG_003992,pf_v2_aigc_p02-supine-on-floor,DEV,V3_DEV,/home/yanbo/下载/batches/batch_person-fallen-v2-camera1p5m/final/11_p02-supine-on-floor-01.png,b4de656feff104baf2db6ddaddd657dbf850a940b31683a66e179b52e650ffba,FROZEN_V2_MANIFEST_EXPECTED_AND_ACTUAL,/home/yanbo/下载/batches/batch_person-fallen-v2-camera1p5m/prompts/11_p02-supine-on-floor-01.txt,88d99aa46f5c0629fb646fbe1cab63417167e3682794869c0b7687706d7161de,supine_ground_lying,positive,1,positive,positive,FROZEN_V2_PROMPT_IMAGE_MAPPING_PASS,PROMPT_DERIVED_SYNTHETIC_GT,FROZEN_GENERATION_PROMPT_AND_PLANNED_ROLE,false,true
PFV4D_0108,lying,lying,FROZEN_TAXONOMY_AND_STABLE_ID_ONLY,V2_ORIGINAL::IMG_003993,V2_ORIGINAL_SYNTHETIC_500,12_p02-supine-on-floor-02,IMG_003993,pf_v2_aigc_p02-supine-on-floor,DEV,V3_DEV,/home/yanbo/下载/batches/batch_person-fallen-v2-camera1p5m/final/12_p02-supine-on-floor-02.png,9bf58dce8362de316637a40ce17ef8cf5a4a65455b6bb9bdc22a40bb860abee4,FROZEN_V2_MANIFEST_EXPECTED_AND_ACTUAL,/home/yanbo/下载/batches/batch_person-fallen-v2-camera1p5m/prompts/12_p02-supine-on-floor-02.txt,6d29651752b91d08f1c1dfed9bd3e3aaa6148c1cdc2f5e33904c68fb42dc4a78,supine_ground_lying,positive,1,positive,positive,FROZEN_V2_PROMPT_IMAGE_MAPPING_PASS,PROMPT_DERIVED_SYNTHETIC_GT,FROZEN_GENERATION_PROMPT_AND_PLANNED_ROLE,false,true
PFV4D_0109,lying,lying,FROZEN_TAXONOMY_AND_STABLE_ID_ONLY,V2_ORIGINAL::IMG_003994,V2_ORIGINAL_SYNTHETIC_500,13_p02-supine-on-floor-03,IMG_003994,pf_v2_aigc_p02-supine-on-floor,DEV,V3_DEV,/home/yanbo/下载/batches/batch_person-fallen-v2-camera1p5m/final/13_p02-supine-on-floor-03.png,560f13e4a70db0d94d90f60f41b9d100fbae87b7b0cd3a69bd00a4515b4dfb52,FROZEN_V2_MANIFEST_EXPECTED_AND_ACTUAL,/home/yanbo/下载/batches/batch_person-fallen-v2-camera1p5m/prompts/13_p02-supine-on-floor-03.txt,77ebc2b66e870e8314082079789df7ca6cde84323537c9a7c16a33c7bc79af44,supine_ground_lying,positive,1,positive,positive,FROZEN_V2_PROMPT_IMAGE_MAPPING_PASS,PROMPT_DERIVED_SYNTHETIC_GT,FROZEN_GENERATION_PROMPT_AND_PLANNED_ROLE,false,true
PFV4D_0110,lying,lying,FROZEN_TAXONOMY_AND_STABLE_ID_ONLY,V2_ORIGINAL::IMG_003995,V2_ORIGINAL_SYNTHETIC_500,14_p02-supine-on-floor-04,IMG_003995,pf_v2_aigc_p02-supine-on-floor,DEV,V3_DEV,/home/yanbo/下载/batches/batch_person-fallen-v2-camera1p5m/final/14_p02-supine-on-floor-04.png,5d32e551633bc5f3cbccce2413e955e88ff6bb590eb8acf1a89ec25d9e39aa59,FROZEN_V2_MANIFEST_EXPECTED_AND_ACTUAL,/home/yanbo/下载/batches/batch_person-fallen-v2-camera1p5m/prompts/14_p02-supine-on-floor-04.txt,b9fdd59f226b4a2aeec26650ace9c08dd72f9d1631ca14cc2b299feae24ff449,supine_ground_lying,positive,1,positive,positive,FROZEN_V2_PROMPT_IMAGE_MAPPING_PASS,PROMPT_DERIVED_SYNTHETIC_GT,FROZEN_GENERATION_PROMPT_AND_PLANNED_ROLE,false,true
