source,dataset,probe,request_index,request_id,media_id,split,sample_role,scenario_id,group_id,timestamp_start_utc,timestamp_end_utc,wall_span_seconds,client_latency_seconds,total_duration_seconds,load_duration_seconds,prompt_eval_duration_seconds,eval_duration_seconds,client_overhead_seconds,load_ratio,prompt_eval_ratio,eval_ratio,prompt_eval_count,eval_count,done,done_reason,http_code,prompt_sha256,config_fingerprint_without_keep_alive,keep_alive,image_sha256,image_path,image_bytes,high_load,gpu_memory_used,gpu_memory_free,gpu_utilization_gpu,gpu_utilization_memory,runner_pid
historical_raw_derived,VAL,P2_C3_VAL,1,P2_VAL_C3_20260827_091522_001,IMG_003812,VAL,,,,2026-08-27T01:15:22.825851+00:00,2026-08-27T01:15:33.776524+00:00,10.950673,10.848431825637817,10.838603587,9.524877227,0.142535815,0.467643169,0.009828238637817677,0.8787919172931368,0.013150754509645488,0.04314607183907888,598,54,True,stop,200,685bb9724b1faa96298c1e6cf8139774d82afbc9d2f30cdd154fbe5cb776951e,872e7210a216c9d496b7930f0b9cf4cef059012ab7c9c4aea23138f3dc8086fe,historical_omitted,52dacbf848906973e13a5dacfd50474d2baabb5751a71e938d316f47c0269aa0,/home/yanbo/net_vlm_person_fallen_v2_optimization/05_p2_hard_negative_semantic_optimization/06_val/processed_448x336/IMG_003812.jpg,17781,True,unavailable,unavailable,unavailable,unavailable,unavailable
historical_raw_derived,VAL,P2_C3_VAL,2,P2_VAL_C3_20260827_091522_002,IMG_003813,VAL,,,,2026-08-27T01:15:33.777648+00:00,2026-08-27T01:15:54.895306+00:00,21.117658,21.026973485946655,21.020914453,19.705314116,0.14241447,0.44546057,0.0060590329466556625,0.9374146952578344,0.006774894133098729,0.021191303118424806,598,52,True,stop,200,685bb9724b1faa96298c1e6cf8139774d82afbc9d2f30cdd154fbe5cb776951e,872e7210a216c9d496b7930f0b9cf4cef059012ab7c9c4aea23138f3dc8086fe,historical_omitted,1060a050b89a8a175bf95ad7d5af45b192fd2259c56e9733d6f19b5eb349b1e6,/home/yanbo/net_vlm_person_fallen_v2_optimization/05_p2_hard_negative_semantic_optimization/06_val/processed_448x336/IMG_003813.jpg,18129,True,unavailable,unavailable,unavailable,unavailable,unavailable
historical_raw_derived,VAL,P2_C3_VAL,3,P2_VAL_C3_20260827_091522_003,IMG_003814,VAL,,,,2026-08-27T01:15:54.896266+00:00,2026-08-27T01:16:15.929090+00:00,21.032824,20.97586417198181,20.968211032,19.67566695,0.157586142,0.444099138,0.007653139981812274,0.9383569690314819,0.007515478633799741,0.021179638898247047,598,51,True,stop,200,685bb9724b1faa96298c1e6cf8139774d82afbc9d2f30cdd154fbe5cb776951e,872e7210a216c9d496b7930f0b9cf4cef059012ab7c9c4aea23138f3dc8086fe,historical_omitted,2cc830e9749cd5eaedf44f02f3810a55ce3928fc243a0a99b0e8bbef93246992,/home/yanbo/net_vlm_person_fallen_v2_optimization/05_p2_hard_negative_semantic_optimization/06_val/processed_448x336/IMG_003814.jpg,14681,True,unavailable,unavailable,unavailable,unavailable,unavailable
historical_raw_derived,VAL,P2_C3_VAL,4,P2_VAL_C3_20260827_091522_004,IMG_003815,VAL,,,,2026-08-27T01:16:15.930069+00:00,2026-08-27T01:16:37.140187+00:00,21.210118,21.15741229057312,21.146446276,19.819996634,0.135695284,0.465443363,0.010966014573121186,0.9372731652076479,0.006416930874763877,0.022010476697838892,598,54,True,stop,200,685bb9724b1faa96298c1e6cf8139774d82afbc9d2f30cdd154fbe5cb776951e,872e7210a216c9d496b7930f0b9cf4cef059012ab7c9c4aea23138f3dc8086fe,historical_omitted,58c5667aefe82b6bfe21b7d6c5037c9a804dffdbd234cf015f799e11b2626454,/home/yanbo/net_vlm_person_fallen_v2_optimization/05_p2_hard_negative_semantic_optimization/06_val/processed_448x336/IMG_003815.jpg,15977,True,unavailable,unavailable,unavailable,unavailable,unavailable
historical_raw_derived,VAL,P2_C3_VAL,5,P2_VAL_C3_20260827_091522_005,IMG_003816,VAL,,,,2026-08-27T01:16:37.141229+00:00,2026-08-27T01:16:54.997282+00:00,17.856053,17.77971053123474,17.773069102,16.451159498,0.14906097,0.452750373,0.006641429234740315,0.9256228850282674,0.008386900942349129,0.02547395558986782,598,52,True,stop,200,685bb9724b1faa96298c1e6cf8139774d82afbc9d2f30cdd154fbe5cb776951e,872e7210a216c9d496b7930f0b9cf4cef059012ab7c9c4aea23138f3dc8086fe,historical_omitted,6cba94f1515684b6125b8651135ff1ff55cf9fdb2455c268a317b6f39890acca,/home/yanbo/net_vlm_person_fallen_v2_optimization/05_p2_hard_negative_semantic_optimization/06_val/processed_448x336/IMG_003816.jpg,12081,True,unavailable,unavailable,unavailable,unavailable,unavailable
historical_raw_derived,VAL,P2_C3_VAL,6,P2_VAL_C3_20260827_091522_006,IMG_003817,VAL,,,,2026-08-27T01:16:54.998360+00:00,2026-08-27T01:17:09.724317+00:00,14.725957,14.64386510848999,14.636455442,13.467917651,0.153279206,0.387793866,0.007409666489989419,0.9201625150549206,0.010472426647790562,0.026495066892166196,598,45,True,stop,200,685bb9724b1faa96298c1e6cf8139774d82afbc9d2f30cdd154fbe5cb776951e,872e7210a216c9d496b7930f0b9cf4cef059012ab7c9c4aea23138f3dc8086fe,historical_omitted,adf62563a50e71af40d77d9a800e13865f73304b1f7546db91499e1e821e6a93,/home/yanbo/net_vlm_person_fallen_v2_optimization/05_p2_hard_negative_semantic_optimization/06_val/processed_448x336/IMG_003817.jpg,14463,True,unavailable,unavailable,unavailable,unavailable,unavailable
historical_raw_derived,VAL,P2_C3_VAL,7,P2_VAL_C3_20260827_091522_007,IMG_003818,VAL,,,,2026-08-27T01:17:09.725458+00:00,2026-08-27T01:17:28.236732+00:00,18.511274,18.457460641860962,18.448528144,16.881565455,0.168298505,0.578025418,0.008932497860961064,0.9150629970711446,0.009122597948538001,0.03133179045440493,598,68,True,stop,200,685bb9724b1faa96298c1e6cf8139774d82afbc9d2f30cdd154fbe5cb776951e,872e7210a216c9d496b7930f0b9cf4cef059012ab7c9c4aea23138f3dc8086fe,historical_omitted,257a990dc10932772e9899ee9ce8a1638fc614b2859943b4589b991e522b6214,/home/yanbo/net_vlm_person_fallen_v2_optimization/05_p2_hard_negative_semantic_optimization/06_val/processed_448x336/IMG_003818.jpg,17413,True,unavailable,unavailable,unavailable,unavailable,unavailable
historical_raw_derived,VAL,P2_C3_VAL,8,P2_VAL_C3_20260827_091522_008,IMG_003819,VAL,,,,2026-08-27T01:17:28.238031+00:00,2026-08-27T01:17:42.992877+00:00,14.754846,14.701349258422852,14.693549595,13.390782699,0.155895569,0.412028045,0.007799663422851211,0.9113374962545938,0.010609796359420803,0.0280414233698988,598,48,True,stop,200,685bb9724b1faa96298c1e6cf8139774d82afbc9d2f30cdd154fbe5cb776951e,872e7210a216c9d496b7930f0b9cf4cef059012ab7c9c4aea23138f3dc8086fe,historical_omitted,996236a1b74dcfde44a2d2a1909a1cc77f3e7065b57bb0780c01846acabd044c,/home/yanbo/net_vlm_person_fallen_v2_optimization/05_p2_hard_negative_semantic_optimization/06_val/processed_448x336/IMG_003819.jpg,16075,True,unavailable,unavailable,unavailable,unavailable,unavailable
historical_raw_derived,VAL,P2_C3_VAL,9,P2_VAL_C3_20260827_091522_009,IMG_003820,VAL,,,,2026-08-27T01:17:42.993980+00:00,2026-08-27T01:17:57.940477+00:00,14.946497,14.891307830810547,14.884052366,13.544627312,0.143104983,0.432221398,0.007255464810546286,0.9100093831260845,0.009614651942968042,0.029039228522692768,598,50,True,stop,200,685bb9724b1faa96298c1e6cf8139774d82afbc9d2f30cdd154fbe5cb776951e,872e7210a216c9d496b7930f0b9cf4cef059012ab7c9c4aea23138f3dc8086fe,historical_omitted,13c3bf3840d3399f6ad13d068963abf376766e7977c5661bdb7cdf93764bdb12,/home/yanbo/net_vlm_person_fallen_v2_optimization/05_p2_hard_negative_semantic_optimization/06_val/processed_448x336/IMG_003820.jpg,16771,True,unavailable,unavailable,unavailable,unavailable,unavailable
historical_raw_derived,VAL,P2_C3_VAL,10,P2_VAL_C3_20260827_091522_010,IMG_003821,VAL,,,,2026-08-27T01:17:57.941414+00:00,2026-08-27T01:18:12.529393+00:00,14.587979,14.531012296676636,14.521060226,13.21847825,0.133594313,0.508165084,0.009952070676636282,0.9102970474795138,0.009200038490357543,0.034995040037787944,598,56,True,stop,200,685bb9724b1faa96298c1e6cf8139774d82afbc9d2f30cdd154fbe5cb776951e,872e7210a216c9d496b7930f0b9cf4cef059012ab7c9c4aea23138f3dc8086fe,historical_omitted,b0aff707e4a2f6cd126e256924de2c81ff4a24a82c42c26a20710d8f9a2fd047,/home/yanbo/net_vlm_person_fallen_v2_optimization/05_p2_hard_negative_semantic_optimization/06_val/processed_448x336/IMG_003821.jpg,18669,True,unavailable,unavailable,unavailable,unavailable,unavailable
historical_raw_derived,VAL,P2_C3_VAL,11,P2_VAL_C3_20260827_091522_011,IMG_003822,VAL,,,,2026-08-27T01:18:12.530473+00:00,2026-08-27T01:18:27.761463+00:00,15.23099,15.173203945159912,15.165993428,13.441533982,0.140255607,0.742919543,0.007210517159911944,0.8862943298645876,0.009248032953848911,0.04898588058388548,598,87,True,stop,200,685bb9724b1faa96298c1e6cf8139774d82afbc9d2f30cdd154fbe5cb776951e,872e7210a216c9d496b7930f0b9cf4cef059012ab7c9c4aea23138f3dc8086fe,historical_omitted,46f6c7a99ea910f38b01fd662f77f2ed0a3e7eb28f481889041aa902ea650162,/home/yanbo/net_vlm_person_fallen_v2_optimization/05_p2_hard_negative_semantic_optimization/06_val/processed_448x336/IMG_003822.jpg,20060,True,unavailable,unavailable,unavailable,unavailable,unavailable
historical_raw_derived,VAL,P2_C3_VAL,12,P2_VAL_C3_20260827_091522_012,IMG_003823,VAL,,,,2026-08-27T01:18:27.762273+00:00,2026-08-27T01:18:42.914079+00:00,15.151806,15.097393035888672,15.090070068,13.425996009,0.141428016,0.825436415,0.0073229678886725935,0.8897239011150231,0.009372257077845664,0.05470063500569294,598,97,True,stop,200,685bb9724b1faa96298c1e6cf8139774d82afbc9d2f30cdd154fbe5cb776951e,872e7210a216c9d496b7930f0b9cf4cef059012ab7c9c4aea23138f3dc8086fe,historical_omitted,c3b8158da16440a5e8486b6bb5d61241b17ecb20a5d9eaf0c0c286df543edcac,/home/yanbo/net_vlm_person_fallen_v2_optimization/05_p2_hard_negative_semantic_optimization/06_val/processed_448x336/IMG_003823.jpg,18802,True,unavailable,unavailable,unavailable,unavailable,unavailable
historical_raw_derived,VAL,P2_C3_VAL,13,P2_VAL_C3_20260827_091522_013,IMG_003824,VAL,,,,2026-08-27T01:18:42.915289+00:00,2026-08-27T01:18:57.588752+00:00,14.673463,14.614869832992554,14.607798624,13.096703601,0.168370286,0.544810655,0.007071208992552869,0.8965555959597269,0.01152605470090303,0.037295876608327484,598,63,True,stop,200,685bb9724b1faa96298c1e6cf8139774d82afbc9d2f30cdd154fbe5cb776951e,872e7210a216c9d496b7930f0b9cf4cef059012ab7c9c4aea23138f3dc8086fe,historical_omitted,c8062dec19242123c02dd2eb19de0e10210819a653974741663ea10855938af2,/home/yanbo/net_vlm_person_fallen_v2_optimization/05_p2_hard_negative_semantic_optimization/06_val/processed_448x336/IMG_003824.jpg,14796,True,unavailable,unavailable,unavailable,unavailable,unavailable
historical_raw_derived,VAL,P2_C3_VAL,14,P2_VAL_C3_20260827_091522_014,IMG_003825,VAL,,,,2026-08-27T01:18:57.589866+00:00,2026-08-27T01:19:12.321369+00:00,14.731503,14.674485683441162,14.667569311,13.148478983,0.132605657,0.70272746,0.006916372441162721,0.8964320334344184,0.009040738392867308,0.0479102873216346,598,83,True,stop,200,685bb9724b1faa96298c1e6cf8139774d82afbc9d2f30cdd154fbe5cb776951e,872e7210a216c9d496b7930f0b9cf4cef059012ab7c9c4aea23138f3dc8086fe,historical_omitted,c9e7f1f277b76a18474b1c9d4a28fff8a629341c530a542b484c00092095551d,/home/yanbo/net_vlm_person_fallen_v2_optimization/05_p2_hard_negative_semantic_optimization/06_val/processed_448x336/IMG_003825.jpg,15796,True,unavailable,unavailable,unavailable,unavailable,unavailable
historical_raw_derived,VAL,P2_C3_VAL,15,P2_VAL_C3_20260827_091522_015,IMG_003826,VAL,,,,2026-08-27T01:19:12.322342+00:00,2026-08-27T01:19:26.863608+00:00,14.541266,14.48708963394165,14.479954433,13.179259047,0.157090609,0.400239265,0.007135200941650766,0.9101726879032369,0.01084883310419738,0.02764092020123003,598,46,True,stop,200,685bb9724b1faa96298c1e6cf8139774d82afbc9d2f30cdd154fbe5cb776951e,872e7210a216c9d496b7930f0b9cf4cef059012ab7c9c4aea23138f3dc8086fe,historical_omitted,60d450dcb20ee65c339dfe8ae9af55afcba6e42d11738af332a85a1d48d8dc94,/home/yanbo/net_vlm_person_fallen_v2_optimization/05_p2_hard_negative_semantic_optimization/06_val/processed_448x336/IMG_003826.jpg,12217,True,unavailable,unavailable,unavailable,unavailable,unavailable
historical_raw_derived,VAL,P2_C3_VAL,16,P2_VAL_C3_20260827_091522_016,IMG_003827,VAL,,,,2026-08-27T01:19:26.864725+00:00,2026-08-27T01:19:41.602353+00:00,14.737628,14.684316396713257,14.67582097,13.156211599,0.160131362,0.608461567,0.008495426713256649,0.8964548985636748,0.01091123708359056,0.04146013829439621,598,70,True,stop,200,685bb9724b1faa96298c1e6cf8139774d82afbc9d2f30cdd154fbe5cb776951e,872e7210a216c9d496b7930f0b9cf4cef059012ab7c9c4aea23138f3dc8086fe,historical_omitted,4eb0f59edac1bb39a44d99a0d4fed42836c0820281a37c15c380473cf88c13af,/home/yanbo/net_vlm_person_fallen_v2_optimization/05_p2_hard_negative_semantic_optimization/06_val/processed_448x336/IMG_003827.jpg,17282,True,unavailable,unavailable,unavailable,unavailable,unavailable
historical_raw_derived,VAL,P2_C3_VAL,17,P2_VAL_C3_20260827_091522_017,IMG_003828,VAL,,,,2026-08-27T01:19:41.603383+00:00,2026-08-27T01:19:56.680092+00:00,15.076709,15.02199935913086,15.013960123,13.373455707,0.150899655,0.65868472,0.008039236130858995,0.8907347293745039,0.010050623137651449,0.043871484578606006,598,77,True,stop,200,685bb9724b1faa96298c1e6cf8139774d82afbc9d2f30cdd154fbe5cb776951e,872e7210a216c9d496b7930f0b9cf4cef059012ab7c9c4aea23138f3dc8086fe,historical_omitted,8f136aac3578b0bd02044d60e08d340715e5d45eb426dcbc9ec287d0ea281233,/home/yanbo/net_vlm_person_fallen_v2_optimization/05_p2_hard_negative_semantic_optimization/06_val/processed_448x336/IMG_003828.jpg,16300,True,unavailable,unavailable,unavailable,unavailable,unavailable
historical_raw_derived,VAL,P2_C3_VAL,18,P2_VAL_C3_20260827_091522_018,IMG_003829,VAL,,,,2026-08-27T01:19:56.680986+00:00,2026-08-27T01:20:10.810419+00:00,14.129433,14.078690767288208,14.071859394,12.720772893,0.144578758,0.562665509,0.006831373288207487,0.903986640061506,0.0102743179811508,0.039985157131395936,598,64,True,stop,200,685bb9724b1faa96298c1e6cf8139774d82afbc9d2f30cdd154fbe5cb776951e,872e7210a216c9d496b7930f0b9cf4cef059012ab7c9c4aea23138f3dc8086fe,historical_omitted,fe1fb50671627bf0006826be2bf62ce7d0324a39637948470ec730c629436747,/home/yanbo/net_vlm_person_fallen_v2_optimization/05_p2_hard_negative_semantic_optimization/06_val/processed_448x336/IMG_003829.jpg,12755,True,unavailable,unavailable,unavailable,unavailable,unavailable
historical_raw_derived,VAL,P2_C3_VAL,19,P2_VAL_C3_20260827_091522_019,IMG_003830,VAL,,,,2026-08-27T01:20:10.811634+00:00,2026-08-27T01:20:25.574019+00:00,14.762385,14.705873489379883,14.700077431,13.146914029,0.145953963,0.552869425,0.005796058379882396,0.8943431822525887,0.009928788721357858,0.03760996685868409,598,64,True,stop,200,685bb9724b1faa96298c1e6cf8139774d82afbc9d2f30cdd154fbe5cb776951e,872e7210a216c9d496b7930f0b9cf4cef059012ab7c9c4aea23138f3dc8086fe,historical_omitted,bd82558ae84a060f0dca6df86e2de9384f62ce55df932edfc9a8fdd16fcc9ef3,/home/yanbo/net_vlm_person_fallen_v2_optimization/05_p2_hard_negative_semantic_optimization/06_val/processed_448x336/IMG_003830.jpg,16332,True,unavailable,unavailable,unavailable,unavailable,unavailable
historical_raw_derived,VAL,P2_C3_VAL,20,P2_VAL_C3_20260827_091522_020,IMG_003831,VAL,,,,2026-08-27T01:20:25.574981+00:00,2026-08-27T01:20:40.550604+00:00,14.975623,14.924388408660889,14.915952591,13.401611459,0.131869402,0.617923998,0.008435817660888745,0.8984750640120883,0.00884083005731511,0.041427055645969504,598,72,True,stop,200,685bb9724b1faa96298c1e6cf8139774d82afbc9d2f30cdd154fbe5cb776951e,872e7210a216c9d496b7930f0b9cf4cef059012ab7c9c4aea23138f3dc8086fe,historical_omitted,f2cdd1e876695c0f778dd80e7aaf3bf1f6fde24df4fb7a0c6c3f58e70096228c,/home/yanbo/net_vlm_person_fallen_v2_optimization/05_p2_hard_negative_semantic_optimization/06_val/processed_448x336/IMG_003831.jpg,14944,True,unavailable,unavailable,unavailable,unavailable,unavailable
historical_raw_derived,VAL,P2_C3_VAL,22,P2_VAL_C3_20260827_091522_022,IMG_003833,VAL,,,,2026-08-27T01:20:42.467730+00:00,2026-08-27T01:20:57.598259+00:00,15.130529,15.076362609863281,15.068420039,13.304314062,0.180873062,0.826675914,0.007942570863281873,0.882926944401991,0.012003452354783405,0.05486148593285839,598,96,True,stop,200,685bb9724b1faa96298c1e6cf8139774d82afbc9d2f30cdd154fbe5cb776951e,872e7210a216c9d496b7930f0b9cf4cef059012ab7c9c4aea23138f3dc8086fe,historical_omitted,0d37a5dd98879d0030be0f39e6eff68f134550cfd5af9679fe58a0f95b9cce47,/home/yanbo/net_vlm_person_fallen_v2_optimization/05_p2_hard_negative_semantic_optimization/06_val/processed_448x336/IMG_003833.jpg,18523,True,unavailable,unavailable,unavailable,unavailable,unavailable
historical_raw_derived,VAL,P2_C3_VAL,23,P2_VAL_C3_20260827_091522_023,IMG_003834,VAL,,,,2026-08-27T01:20:57.599232+00:00,2026-08-27T01:21:12.696756+00:00,15.097524,15.042677402496338,15.034114998,13.396270272,0.146369074,0.654803984,0.00856240449633816,0.8910581217306185,0.009735795822998,0.04355454139383057,598,76,True,stop,200,685bb9724b1faa96298c1e6cf8139774d82afbc9d2f30cdd154fbe5cb776951e,872e7210a216c9d496b7930f0b9cf4cef059012ab7c9c4aea23138f3dc8086fe,historical_omitted,b458f966197df7ac523823bc947830fc050d9cc9ea1ae24ffdf74204f330170a,/home/yanbo/net_vlm_person_fallen_v2_optimization/05_p2_hard_negative_semantic_optimization/06_val/processed_448x336/IMG_003834.jpg,15823,True,unavailable,unavailable,unavailable,unavailable,unavailable
historical_raw_derived,VAL,P2_C3_VAL,24,P2_VAL_C3_20260827_091522_024,IMG_003835,VAL,,,,2026-08-27T01:21:12.697965+00:00,2026-08-27T01:21:27.836290+00:00,15.138325,15.084026336669922,15.077150295,13.709028608,0.156065001,0.539918221,0.006876041669922728,0.9092586025720188,0.010351094069265562,0.03581036273008778,598,63,True,stop,200,685bb9724b1faa96298c1e6cf8139774d82afbc9d2f30cdd154fbe5cb776951e,872e7210a216c9d496b7930f0b9cf4cef059012ab7c9c4aea23138f3dc8086fe,historical_omitted,60ef0ac470b590898e537f1158b8576a7f1c4d242d274a8e2f4d0c3b05319654,/home/yanbo/net_vlm_person_fallen_v2_optimization/05_p2_hard_negative_semantic_optimization/06_val/processed_448x336/IMG_003835.jpg,14691,True,unavailable,unavailable,unavailable,unavailable,unavailable
historical_raw_derived,VAL,P2_C3_VAL,25,P2_VAL_C3_20260827_091522_025,IMG_003836,VAL,,,,2026-08-27T01:21:27.837149+00:00,2026-08-27T01:21:46.007708+00:00,18.170559,18.116815090179443,18.110012876,16.753916201,0.157728692,0.393071709,0.006802214179444377,0.9251189557795872,0.008709474315671381,0.021704662039247466,598,46,True,stop,200,685bb9724b1faa96298c1e6cf8139774d82afbc9d2f30cdd154fbe5cb776951e,872e7210a216c9d496b7930f0b9cf4cef059012ab7c9c4aea23138f3dc8086fe,historical_omitted,aa5b0709cfa39bec15a3ed7c1d4e77727a612281b27099e30089b12f697b8e1a,/home/yanbo/net_vlm_person_fallen_v2_optimization/05_p2_hard_negative_semantic_optimization/06_val/processed_448x336/IMG_003836.jpg,11629,True,unavailable,unavailable,unavailable,unavailable,unavailable
historical_raw_derived,VAL,P2_C3_VAL,26,P2_VAL_C3_20260827_091522_026,IMG_003837,VAL,,,,2026-08-27T01:21:46.008829+00:00,2026-08-27T01:22:01.183912+00:00,15.175083,15.119685649871826,15.111343992,13.559365351,0.154174669,0.620918568,0.008341657871826058,0.8972971138886374,0.010202578214195946,0.04108956611196969,598,73,True,stop,200,685bb9724b1faa96298c1e6cf8139774d82afbc9d2f30cdd154fbe5cb776951e,872e7210a216c9d496b7930f0b9cf4cef059012ab7c9c4aea23138f3dc8086fe,historical_omitted,3549021aef62c2c5676b3262f0aafd3e1075636d4a8443c60898d420de45d8a4,/home/yanbo/net_vlm_person_fallen_v2_optimization/05_p2_hard_negative_semantic_optimization/06_val/processed_448x336/IMG_003837.jpg,17173,True,unavailable,unavailable,unavailable,unavailable,unavailable
historical_raw_derived,VAL,P2_C3_VAL,27,P2_VAL_C3_20260827_091522_027,IMG_003838,VAL,,,,2026-08-27T01:22:01.184841+00:00,2026-08-27T01:22:16.726220+00:00,15.541379,15.48639965057373,15.478692956,13.963642359,0.163776064,0.679686904,0.0077066945737307435,0.902120249990958,0.010580742473899616,0.043911130347509944,598,80,True,stop,200,685bb9724b1faa96298c1e6cf8139774d82afbc9d2f30cdd154fbe5cb776951e,872e7210a216c9d496b7930f0b9cf4cef059012ab7c9c4aea23138f3dc8086fe,historical_omitted,3e68c7b0b82d6437ea1fe4e9fbef1d4099730cfa50bf2d28f5e6b63caa25f908,/home/yanbo/net_vlm_person_fallen_v2_optimization/05_p2_hard_negative_semantic_optimization/06_val/processed_448x336/IMG_003838.jpg,16878,True,unavailable,unavailable,unavailable,unavailable,unavailable
historical_raw_derived,VAL,P2_C3_VAL,28,P2_VAL_C3_20260827_091522_028,IMG_003839,VAL,,,,2026-08-27T01:22:16.727204+00:00,2026-08-27T01:22:31.544435+00:00,14.817231,14.769279718399048,14.76284819,13.336893987,0.187441342,0.525059976,0.0064315283990481475,0.9034092754563509,0.012696827847011817,0.03556630598935936,598,60,True,stop,200,685bb9724b1faa96298c1e6cf8139774d82afbc9d2f30cdd154fbe5cb776951e,872e7210a216c9d496b7930f0b9cf4cef059012ab7c9c4aea23138f3dc8086fe,historical_omitted,98af917191392b811fd9e2e1a9146ccdd8238b52c1405276695f3316ff156df4,/home/yanbo/net_vlm_person_fallen_v2_optimization/05_p2_hard_negative_semantic_optimization/06_val/processed_448x336/IMG_003839.jpg,14741,True,unavailable,unavailable,unavailable,unavailable,unavailable
historical_raw_derived,VAL,P2_C3_VAL,29,P2_VAL_C3_20260827_091522_029,IMG_003840,VAL,,,,2026-08-27T01:22:31.545389+00:00,2026-08-27T01:22:46.708690+00:00,15.163301,15.113672018051147,15.104287402,13.457977863,0.151561511,0.658714332,0.009384616051146821,0.8910038259215057,0.010034337070408983,0.04361108303015856,598,78,True,stop,200,685bb9724b1faa96298c1e6cf8139774d82afbc9d2f30cdd154fbe5cb776951e,872e7210a216c9d496b7930f0b9cf4cef059012ab7c9c4aea23138f3dc8086fe,historical_omitted,9577e3f84bec3724324d2655a020e6f55403ed9cf1a46cae4d389ffd3e55b9d1,/home/yanbo/net_vlm_person_fallen_v2_optimization/05_p2_hard_negative_semantic_optimization/06_val/processed_448x336/IMG_003840.jpg,13515,True,unavailable,unavailable,unavailable,unavailable,unavailable
historical_raw_derived,VAL,P2_C3_VAL,30,P2_VAL_C3_20260827_091522_030,IMG_003841,VAL,,,,2026-08-27T01:22:46.709700+00:00,2026-08-27T01:23:01.736797+00:00,15.027097,14.971638202667236,14.962986728,13.474165566,0.130754814,0.600027232,0.008651474667235703,0.9004997338389672,0.008738550422912598,0.040100766171046485,598,71,True,stop,200,685bb9724b1faa96298c1e6cf8139774d82afbc9d2f30cdd154fbe5cb776951e,872e7210a216c9d496b7930f0b9cf4cef059012ab7c9c4aea23138f3dc8086fe,historical_omitted,32cbd3b84dcb717cb22c14e8c0a1089420313605dab4d481e758fec3e7dcb78c,/home/yanbo/net_vlm_person_fallen_v2_optimization/05_p2_hard_negative_semantic_optimization/06_val/processed_448x336/IMG_003841.jpg,15063,True,unavailable,unavailable,unavailable,unavailable,unavailable
historical_raw_derived,VAL,P2_C3_VAL,31,P2_VAL_C3_20260827_091522_031,IMG_003842,VAL,,,,2026-08-27T01:23:01.737703+00:00,2026-08-27T01:23:17.922020+00:00,16.184317,16.128819942474365,16.119245974,14.360125798,0.154125312,0.71488497,0.009573968474366978,0.8908683334916893,0.0095615708233872,0.04434977735019952,598,83,True,stop,200,685bb9724b1faa96298c1e6cf8139774d82afbc9d2f30cdd154fbe5cb776951e,872e7210a216c9d496b7930f0b9cf4cef059012ab7c9c4aea23138f3dc8086fe,historical_omitted,4c4513995584aae794805f837a42ebacef2f35e2067881081042c9881a6b9c58,/home/yanbo/net_vlm_person_fallen_v2_optimization/05_p2_hard_negative_semantic_optimization/06_val/processed_448x336/IMG_003842.jpg,19055,True,unavailable,unavailable,unavailable,unavailable,unavailable
historical_raw_derived,VAL,P2_C3_VAL,32,P2_VAL_C3_20260827_091522_032,IMG_003843,VAL,,,,2026-08-27T01:23:17.923069+00:00,2026-08-27T01:23:33.439472+00:00,15.516403,15.461805582046509,15.453076073,13.806933712,0.149732132,0.79685744,0.00872950904650871,0.8934747778873501,0.0096894709695771,0.05156626656308832,598,95,True,stop,200,685bb9724b1faa96298c1e6cf8139774d82afbc9d2f30cdd154fbe5cb776951e,872e7210a216c9d496b7930f0b9cf4cef059012ab7c9c4aea23138f3dc8086fe,historical_omitted,34fbf5f7d21a4e5ab060526c9d40495bf2224373886d7741bce9ad7d446ab2ed,/home/yanbo/net_vlm_person_fallen_v2_optimization/05_p2_hard_negative_semantic_optimization/06_val/processed_448x336/IMG_003843.jpg,16318,True,unavailable,unavailable,unavailable,unavailable,unavailable
historical_raw_derived,VAL,P2_C3_VAL,33,P2_VAL_C3_20260827_091522_033,IMG_003844,VAL,,,,2026-08-27T01:23:33.440497+00:00,2026-08-27T01:23:48.368854+00:00,14.928357,14.87546992301941,14.86295312,13.402513843,0.157299437,0.582803413,0.01251680301940894,0.9017396297217144,0.010583323228567108,0.03921181802126279,598,68,True,stop,200,685bb9724b1faa96298c1e6cf8139774d82afbc9d2f30cdd154fbe5cb776951e,872e7210a216c9d496b7930f0b9cf4cef059012ab7c9c4aea23138f3dc8086fe,historical_omitted,a431e3f73a598c7ab8ceb4c4b8a4665afcb49728fb40ec498d903fcc4b33ce3b,/home/yanbo/net_vlm_person_fallen_v2_optimization/05_p2_hard_negative_semantic_optimization/06_val/processed_448x336/IMG_003844.jpg,12868,True,unavailable,unavailable,unavailable,unavailable,unavailable
historical_raw_derived,VAL,P2_C3_VAL,34,P2_VAL_C3_20260827_091522_034,IMG_003845,VAL,,,,2026-08-27T01:23:48.373576+00:00,2026-08-27T01:24:02.283626+00:00,13.91005,13.83121919631958,13.822576434,12.185979916,0.136524796,0.744776695,0.008642762319579944,0.8815997490905971,0.009876942743046365,0.05388117754719301,598,93,True,stop,200,685bb9724b1faa96298c1e6cf8139774d82afbc9d2f30cdd154fbe5cb776951e,872e7210a216c9d496b7930f0b9cf4cef059012ab7c9c4aea23138f3dc8086fe,historical_omitted,965273fb442a82450c2da366e22648a4b2900170943e4f915e570b8a82a1125a,/home/yanbo/net_vlm_person_fallen_v2_optimization/05_p2_hard_negative_semantic_optimization/06_val/processed_448x336/IMG_003845.jpg,16799,True,unavailable,unavailable,unavailable,unavailable,unavailable
historical_raw_derived,VAL,P2_C3_VAL,35,P2_VAL_C3_20260827_091522_035,IMG_003846,VAL,,,,2026-08-27T01:24:02.284993+00:00,2026-08-27T01:24:17.525617+00:00,15.240624,15.181984424591064,15.16961894,13.672069978,0.133609782,0.641399754,0.012365484591065012,0.9012797244332098,0.008807721705368032,0.042281863277971045,598,76,True,stop,200,685bb9724b1faa96298c1e6cf8139774d82afbc9d2f30cdd154fbe5cb776951e,872e7210a216c9d496b7930f0b9cf4cef059012ab7c9c4aea23138f3dc8086fe,historical_omitted,7ba099da8a7bd707833fc1c1c6100e824bbbb2cfac01112476ef5fae4947da45,/home/yanbo/net_vlm_person_fallen_v2_optimization/05_p2_hard_negative_semantic_optimization/06_val/processed_448x336/IMG_003846.jpg,14579,True,unavailable,unavailable,unavailable,unavailable,unavailable
historical_raw_derived,VAL,P2_C3_VAL,36,P2_VAL_C3_20260827_091522_036,IMG_003847,VAL,,,,2026-08-27T01:24:17.526800+00:00,2026-08-27T01:24:35.723210+00:00,18.19641,18.141266345977783,18.133519755,16.678316658,0.167641644,0.545146967,0.007746590977784962,0.9197506542215141,0.009244848560289889,0.030062942791329043,598,65,True,stop,200,685bb9724b1faa96298c1e6cf8139774d82afbc9d2f30cdd154fbe5cb776951e,872e7210a216c9d496b7930f0b9cf4cef059012ab7c9c4aea23138f3dc8086fe,historical_omitted,d7502e188ce03a477fe78877b55ac552b8f1a8f6368bdaac687940e6f3d8eea3,/home/yanbo/net_vlm_person_fallen_v2_optimization/05_p2_hard_negative_semantic_optimization/06_val/processed_448x336/IMG_003847.jpg,12110,True,unavailable,unavailable,unavailable,unavailable,unavailable
historical_raw_derived,VAL,P2_C3_VAL,37,P2_VAL_C3_20260827_091522_037,IMG_003848,VAL,,,,2026-08-27T01:24:35.724188+00:00,2026-08-27T01:24:50.626328+00:00,14.90214,14.845999002456665,14.837115066,13.324320926,0.139860914,0.672591203,0.008883936456664188,0.8980398727602615,0.009426422412838083,0.04533166993772777,598,85,True,stop,200,685bb9724b1faa96298c1e6cf8139774d82afbc9d2f30cdd154fbe5cb776951e,872e7210a216c9d496b7930f0b9cf4cef059012ab7c9c4aea23138f3dc8086fe,historical_omitted,94a8e171cf5bb824c72eb84d510654101b8ae1e27a4dac2da7077d92b98a7406,/home/yanbo/net_vlm_person_fallen_v2_optimization/05_p2_hard_negative_semantic_optimization/06_val/processed_448x336/IMG_003848.jpg,16879,True,unavailable,unavailable,unavailable,unavailable,unavailable
historical_raw_derived,VAL,P2_C3_VAL,38,P2_VAL_C3_20260827_091522_038,IMG_003849,VAL,,,,2026-08-27T01:24:50.627496+00:00,2026-08-27T01:25:03.024798+00:00,12.397302,12.342301845550537,12.333601849,11.013370024,0.133637701,0.384509406,0.008699996550536326,0.892956506853102,0.010835253370112255,0.031175759580010745,598,46,True,stop,200,685bb9724b1faa96298c1e6cf8139774d82afbc9d2f30cdd154fbe5cb776951e,872e7210a216c9d496b7930f0b9cf4cef059012ab7c9c4aea23138f3dc8086fe,historical_omitted,618fcec7f36972fa4094a8d0b184794972a509eb6a945ed8fc79c5c6aa1689ae,/home/yanbo/net_vlm_person_fallen_v2_optimization/05_p2_hard_negative_semantic_optimization/06_val/processed_448x336/IMG_003849.jpg,12015,True,unavailable,unavailable,unavailable,unavailable,unavailable
historical_raw_derived,VAL,P2_C3_VAL,39,P2_VAL_C3_20260827_091522_039,IMG_003850,VAL,,,,2026-08-27T01:25:03.026380+00:00,2026-08-27T01:25:17.978598+00:00,14.952218,14.895365238189697,14.887015882,13.367338823,0.139429009,0.661377881,0.008349356189697232,0.8979192961809457,0.009365813142483755,0.04442649126207199,598,77,True,stop,200,685bb9724b1faa96298c1e6cf8139774d82afbc9d2f30cdd154fbe5cb776951e,872e7210a216c9d496b7930f0b9cf4cef059012ab7c9c4aea23138f3dc8086fe,historical_omitted,0d314b9a6a543ece3ab8175a9ef93c6745c3609b946fea7a062b120f45270b4c,/home/yanbo/net_vlm_person_fallen_v2_optimization/05_p2_hard_negative_semantic_optimization/06_val/processed_448x336/IMG_003850.jpg,13867,True,unavailable,unavailable,unavailable,unavailable,unavailable
historical_raw_derived,VAL,P2_C3_VAL,40,P2_VAL_C3_20260827_091522_040,IMG_003851,VAL,,,,2026-08-27T01:25:17.979730+00:00,2026-08-27T01:25:33.286514+00:00,15.306784,15.25020956993103,15.241835444,13.663403001,0.145769119,0.597355549,0.008374125931030818,0.8964407896411614,0.00956375100200826,0.03919183822675051,598,68,True,stop,200,685bb9724b1faa96298c1e6cf8139774d82afbc9d2f30cdd154fbe5cb776951e,872e7210a216c9d496b7930f0b9cf4cef059012ab7c9c4aea23138f3dc8086fe,historical_omitted,6cc5bac47452b51c8da4f6cc683fdf863623a5e1aa68f461f6e5e62e66465c2e,/home/yanbo/net_vlm_person_fallen_v2_optimization/05_p2_hard_negative_semantic_optimization/06_val/processed_448x336/IMG_003851.jpg,16628,True,unavailable,unavailable,unavailable,unavailable,unavailable
historical_raw_derived,VAL,P2_C3_VAL,41,P2_VAL_C3_20260827_091522_041,IMG_003942,VAL,,,,2026-08-27T01:25:33.287905+00:00,2026-08-27T01:25:50.951631+00:00,17.663726,17.602155447006226,17.59595502,16.229784315,0.155258632,0.463350904,0.006200427006223919,0.9223588203398351,0.008823541082227658,0.026332807936445837,598,55,True,stop,200,685bb9724b1faa96298c1e6cf8139774d82afbc9d2f30cdd154fbe5cb776951e,872e7210a216c9d496b7930f0b9cf4cef059012ab7c9c4aea23138f3dc8086fe,historical_omitted,0f86a510ad912179633dea734f4457dc1945b5bbe1a9a123613bae400af636ee,/home/yanbo/net_vlm_person_fallen_v2_optimization/05_p2_hard_negative_semantic_optimization/06_val/processed_448x336/IMG_003942.jpg,24884,True,unavailable,unavailable,unavailable,unavailable,unavailable
historical_raw_derived,VAL,P2_C3_VAL,42,P2_VAL_C3_20260827_091522_042,IMG_003943,VAL,,,,2026-08-27T01:25:50.952695+00:00,2026-08-27T01:26:05.689886+00:00,14.737191,14.680410146713257,14.671621277,13.120646056,0.140270186,0.587878566,0.008788869713256986,0.8942874007093279,0.00956064659465378,0.040069093585559566,598,69,True,stop,200,685bb9724b1faa96298c1e6cf8139774d82afbc9d2f30cdd154fbe5cb776951e,872e7210a216c9d496b7930f0b9cf4cef059012ab7c9c4aea23138f3dc8086fe,historical_omitted,e9e96ce08e4925312a49684d8381e0129c3b5722dbecbd610b4a40481f41cffb,/home/yanbo/net_vlm_person_fallen_v2_optimization/05_p2_hard_negative_semantic_optimization/06_val/processed_448x336/IMG_003943.jpg,16741,True,unavailable,unavailable,unavailable,unavailable,unavailable
historical_raw_derived,VAL,P2_C3_VAL,43,P2_VAL_C3_20260827_091522_043,IMG_003944,VAL,,,,2026-08-27T01:26:05.690973+00:00,2026-08-27T01:26:20.365154+00:00,14.674181,14.619266271591187,14.609962516,13.325079531,0.170871737,0.435535472,0.009303755591187013,0.9120543270666938,0.011695562997705914,0.029810854854899614,598,51,True,stop,200,685bb9724b1faa96298c1e6cf8139774d82afbc9d2f30cdd154fbe5cb776951e,872e7210a216c9d496b7930f0b9cf4cef059012ab7c9c4aea23138f3dc8086fe,historical_omitted,acc221510be882f798e7e1c06e2b25f23bdf1419dbc036d0b4f22689505c7bc6,/home/yanbo/net_vlm_person_fallen_v2_optimization/05_p2_hard_negative_semantic_optimization/06_val/processed_448x336/IMG_003944.jpg,11560,True,unavailable,unavailable,unavailable,unavailable,unavailable
historical_raw_derived,VAL,P2_C3_VAL,44,P2_VAL_C3_20260827_091522_044,IMG_003945,VAL,,,,2026-08-27T01:26:20.366146+00:00,2026-08-27T01:26:35.098892+00:00,14.732746,14.6730215549469,14.666353646,13.427042608,0.134218979,0.451872263,0.0066679089469001696,0.9154997167044312,0.009151489336724534,0.0308101300368712,598,53,True,stop,200,685bb9724b1faa96298c1e6cf8139774d82afbc9d2f30cdd154fbe5cb776951e,872e7210a216c9d496b7930f0b9cf4cef059012ab7c9c4aea23138f3dc8086fe,historical_omitted,d15359dc17844ccf5775d2e324f7af0dc44b728120bc9257ab9d57ed9bf91549,/home/yanbo/net_vlm_person_fallen_v2_optimization/05_p2_hard_negative_semantic_optimization/06_val/processed_448x336/IMG_003945.jpg,15721,True,unavailable,unavailable,unavailable,unavailable,unavailable
historical_raw_derived,VAL,P2_C3_VAL,45,P2_VAL_C3_20260827_091522_045,IMG_003946,VAL,,,,2026-08-27T01:26:35.100301+00:00,2026-08-27T01:26:50.826545+00:00,15.726244,15.669197082519531,15.661252743,14.292481995,0.146888174,0.397102316,0.007944339519530885,0.912601452102113,0.009379082019198853,0.025355718505819403,598,45,True,stop,200,685bb9724b1faa96298c1e6cf8139774d82afbc9d2f30cdd154fbe5cb776951e,872e7210a216c9d496b7930f0b9cf4cef059012ab7c9c4aea23138f3dc8086fe,historical_omitted,8307f620f96d4c6cbe58314eb71ed9be3ccf45d23727e8b6592f9477bb37fa6b,/home/yanbo/net_vlm_person_fallen_v2_optimization/05_p2_hard_negative_semantic_optimization/06_val/processed_448x336/IMG_003946.jpg,12420,True,unavailable,unavailable,unavailable,unavailable,unavailable
historical_raw_derived,VAL,P2_C3_VAL,46,P2_VAL_C3_20260827_091522_046,IMG_003947,VAL,,,,2026-08-27T01:26:50.827692+00:00,2026-08-27T01:27:09.086926+00:00,18.259234,18.20112109184265,18.192857609,16.797328865,0.166763946,0.423257412,0.00826348284265066,0.9232924934613003,0.009166451449468935,0.023265031865616025,598,49,True,stop,200,685bb9724b1faa96298c1e6cf8139774d82afbc9d2f30cdd154fbe5cb776951e,872e7210a216c9d496b7930f0b9cf4cef059012ab7c9c4aea23138f3dc8086fe,historical_omitted,5cba43b31c38a875466a807fac5daaf80e715c1a1cacc3bed578bc9716930cdd,/home/yanbo/net_vlm_person_fallen_v2_optimization/05_p2_hard_negative_semantic_optimization/06_val/processed_448x336/IMG_003947.jpg,12902,True,unavailable,unavailable,unavailable,unavailable,unavailable
historical_raw_derived,VAL,P2_C3_VAL,47,P2_VAL_C3_20260827_091522_047,IMG_003948,VAL,,,,2026-08-27T01:27:09.088296+00:00,2026-08-27T01:27:24.591270+00:00,15.502974,15.443591356277466,15.436618916,14.096349851,0.14303292,0.472948443,0.006972440277465353,0.9131759958386472,0.009265819204213618,0.030638085034915944,598,57,True,stop,200,685bb9724b1faa96298c1e6cf8139774d82afbc9d2f30cdd154fbe5cb776951e,872e7210a216c9d496b7930f0b9cf4cef059012ab7c9c4aea23138f3dc8086fe,historical_omitted,00533f22a7b735ce2dd0ba71594e60a7ac5dfbea9803ebbfe380b15f7c4ca55e,/home/yanbo/net_vlm_person_fallen_v2_optimization/05_p2_hard_negative_semantic_optimization/06_val/processed_448x336/IMG_003948.jpg,14831,True,unavailable,unavailable,unavailable,unavailable,unavailable
historical_raw_derived,VAL,P2_C3_VAL,48,P2_VAL_C3_20260827_091522_048,IMG_003949,VAL,,,,2026-08-27T01:27:24.592620+00:00,2026-08-27T01:27:39.538166+00:00,14.945546,14.896119832992554,14.887694939,13.613495489,0.131013711,0.387796375,0.008424893992554416,0.9144125766130464,0.00880013403933975,0.02604811400212961,598,45,True,stop,200,685bb9724b1faa96298c1e6cf8139774d82afbc9d2f30cdd154fbe5cb776951e,872e7210a216c9d496b7930f0b9cf4cef059012ab7c9c4aea23138f3dc8086fe,historical_omitted,04d272b852fd59fbf31c8d1bd6846056e4e67a3dbbb13979b3e6d5628d3c5fbf,/home/yanbo/net_vlm_person_fallen_v2_optimization/05_p2_hard_negative_semantic_optimization/06_val/processed_448x336/IMG_003949.jpg,13289,True,unavailable,unavailable,unavailable,unavailable,unavailable
historical_raw_derived,VAL,P2_C3_VAL,49,P2_VAL_C3_20260827_091522_049,IMG_003950,VAL,,,,2026-08-27T01:27:39.539297+00:00,2026-08-27T01:27:54.542650+00:00,15.003353,14.944195985794067,14.937905377,13.587935622,0.149186743,0.475789136,0.006290608794067509,0.9096279082689492,0.009987125988206077,0.03185112798562615,598,54,True,stop,200,685bb9724b1faa96298c1e6cf8139774d82afbc9d2f30cdd154fbe5cb776951e,872e7210a216c9d496b7930f0b9cf4cef059012ab7c9c4aea23138f3dc8086fe,historical_omitted,b52e224f7c9bd37635012043f162b27d00b45efe2df6f03805c7bc1edaba3b8f,/home/yanbo/net_vlm_person_fallen_v2_optimization/05_p2_hard_negative_semantic_optimization/06_val/processed_448x336/IMG_003950.jpg,20687,True,unavailable,unavailable,unavailable,unavailable,unavailable
historical_raw_derived,VAL,P2_C3_VAL,50,P2_VAL_C3_20260827_091522_050,IMG_003951,VAL,,,,2026-08-27T01:27:54.543884+00:00,2026-08-27T01:28:09.288618+00:00,14.744734,14.688388109207153,14.679311755,13.356076031,0.132957317,0.408747824,0.009076354207152804,0.9098571005177211,0.009057462585377185,0.027845162690326688,598,47,True,stop,200,685bb9724b1faa96298c1e6cf8139774d82afbc9d2f30cdd154fbe5cb776951e,872e7210a216c9d496b7930f0b9cf4cef059012ab7c9c4aea23138f3dc8086fe,historical_omitted,8d6788595b06d3e93c60d1a37e08fd1f6674d7e682ac5e208670a407130ca387,/home/yanbo/net_vlm_person_fallen_v2_optimization/05_p2_hard_negative_semantic_optimization/06_val/processed_448x336/IMG_003951.jpg,14215,True,unavailable,unavailable,unavailable,unavailable,unavailable
historical_raw_derived,VAL,P2_C3_VAL,51,P2_VAL_C3_20260827_091522_051,IMG_003952,VAL,,,,2026-08-27T01:28:09.289884+00:00,2026-08-27T01:28:24.450985+00:00,15.161101,15.102611780166626,15.094522776,13.772764165,0.158299972,0.404186015,0.008089004166626168,0.9124345545324845,0.01048724589370218,0.026776998584059113,598,46,True,stop,200,685bb9724b1faa96298c1e6cf8139774d82afbc9d2f30cdd154fbe5cb776951e,872e7210a216c9d496b7930f0b9cf4cef059012ab7c9c4aea23138f3dc8086fe,historical_omitted,e74b50e0d919b056cade5af81e31a42fb9de0d4a42efc691d09fda59ff3070fd,/home/yanbo/net_vlm_person_fallen_v2_optimization/05_p2_hard_negative_semantic_optimization/06_val/processed_448x336/IMG_003952.jpg,22061,True,unavailable,unavailable,unavailable,unavailable,unavailable
historical_raw_derived,VAL,P2_C3_VAL,52,P2_VAL_C3_20260827_091522_052,IMG_003953,VAL,,,,2026-08-27T01:28:24.452066+00:00,2026-08-27T01:28:40.290457+00:00,15.838391,15.779301166534424,15.771242408,14.234154384,0.15181109,0.519648686,0.00805875853442295,0.9025385582038667,0.009625816791896715,0.03294912807480576,598,61,True,stop,200,685bb9724b1faa96298c1e6cf8139774d82afbc9d2f30cdd154fbe5cb776951e,872e7210a216c9d496b7930f0b9cf4cef059012ab7c9c4aea23138f3dc8086fe,historical_omitted,3a7d548ee86198d44e926fda2d9fd05e7188f76974f8bc0e6663f03981120003,/home/yanbo/net_vlm_person_fallen_v2_optimization/05_p2_hard_negative_semantic_optimization/06_val/processed_448x336/IMG_003953.jpg,21164,True,unavailable,unavailable,unavailable,unavailable,unavailable
historical_raw_derived,VAL,P2_C3_VAL,53,P2_VAL_C3_20260827_091522_053,IMG_003954,VAL,,,,2026-08-27T01:28:40.292738+00:00,2026-08-27T01:28:55.660139+00:00,15.367401,15.312395334243774,15.303561551,13.931445938,0.160197938,0.40881952,0.008833783243774818,0.9103401121087176,0.010468016707491989,0.026714011548069082,598,46,True,stop,200,685bb9724b1faa96298c1e6cf8139774d82afbc9d2f30cdd154fbe5cb776951e,872e7210a216c9d496b7930f0b9cf4cef059012ab7c9c4aea23138f3dc8086fe,historical_omitted,a3389fa90175ef6b7dd3e30e9280de3efd67dd48742937b417471d97b928d2ce,/home/yanbo/net_vlm_person_fallen_v2_optimization/05_p2_hard_negative_semantic_optimization/06_val/processed_448x336/IMG_003954.jpg,15661,True,unavailable,unavailable,unavailable,unavailable,unavailable
historical_raw_derived,VAL,P2_C3_VAL,54,P2_VAL_C3_20260827_091522_054,IMG_003955,VAL,,,,2026-08-27T01:28:55.662071+00:00,2026-08-27T01:29:11.043140+00:00,15.381069,15.28292179107666,15.27369569,13.762809121,0.130740333,0.571518057,0.009226101076659887,0.9010791756189559,0.008559836181992178,0.03741845252123129,598,66,True,stop,200,685bb9724b1faa96298c1e6cf8139774d82afbc9d2f30cdd154fbe5cb776951e,872e7210a216c9d496b7930f0b9cf4cef059012ab7c9c4aea23138f3dc8086fe,historical_omitted,f63a9dcfc130083a98a6e072eca29224a6fcf9b87295cc01035cddc7993cbf46,/home/yanbo/net_vlm_person_fallen_v2_optimization/05_p2_hard_negative_semantic_optimization/06_val/processed_448x336/IMG_003955.jpg,16393,True,unavailable,unavailable,unavailable,unavailable,unavailable
historical_raw_derived,VAL,P2_C3_VAL,55,P2_VAL_C3_20260827_091522_055,IMG_003956,VAL,,,,2026-08-27T01:29:11.044471+00:00,2026-08-27T01:29:26.630877+00:00,15.586406,15.531131029129028,15.522320476,14.008745123,0.136767582,0.580866913,0.008810553129027454,0.9024903940528589,0.008811026818539448,0.037421396749159605,598,67,True,stop,200,685bb9724b1faa96298c1e6cf8139774d82afbc9d2f30cdd154fbe5cb776951e,872e7210a216c9d496b7930f0b9cf4cef059012ab7c9c4aea23138f3dc8086fe,historical_omitted,ace8bebe3612865ba94b98237bbac400737c66e91d581e5d44be58dd67103825,/home/yanbo/net_vlm_person_fallen_v2_optimization/05_p2_hard_negative_semantic_optimization/06_val/processed_448x336/IMG_003956.jpg,18419,True,unavailable,unavailable,unavailable,unavailable,unavailable
historical_raw_derived,VAL,P2_C3_VAL,56,P2_VAL_C3_20260827_091522_056,IMG_003957,VAL,,,,2026-08-27T01:29:26.631976+00:00,2026-08-27T01:29:42.129789+00:00,15.497813,15.440457582473755,15.434488771,14.114056068,0.152632029,0.402112489,0.0059688114737550535,0.9144492102983695,0.009889023942715984,0.02605285442013038,598,46,True,stop,200,685bb9724b1faa96298c1e6cf8139774d82afbc9d2f30cdd154fbe5cb776951e,872e7210a216c9d496b7930f0b9cf4cef059012ab7c9c4aea23138f3dc8086fe,historical_omitted,88bb0cd0b836c73715058a3a30fa6ebf4fb466280c4a62f775ecdf3490a602f7,/home/yanbo/net_vlm_person_fallen_v2_optimization/05_p2_hard_negative_semantic_optimization/06_val/processed_448x336/IMG_003957.jpg,16166,True,unavailable,unavailable,unavailable,unavailable,unavailable
historical_raw_derived,VAL,P2_C3_VAL,57,P2_VAL_C3_20260827_091522_057,IMG_003958,VAL,,,,2026-08-27T01:29:42.131003+00:00,2026-08-27T01:29:57.527345+00:00,15.396342,15.34110140800476,15.332849343,13.935102823,0.149653241,0.430262776,0.008252065004761278,0.9088397408249419,0.009760302058163906,0.02806150157579358,598,49,True,stop,200,685bb9724b1faa96298c1e6cf8139774d82afbc9d2f30cdd154fbe5cb776951e,872e7210a216c9d496b7930f0b9cf4cef059012ab7c9c4aea23138f3dc8086fe,historical_omitted,867239e2cbd3fcf7d403a985f450c3c8862854b339efa18130652c25be8790ac,/home/yanbo/net_vlm_person_fallen_v2_optimization/05_p2_hard_negative_semantic_optimization/06_val/processed_448x336/IMG_003958.jpg,17305,True,unavailable,unavailable,unavailable,unavailable,unavailable
historical_raw_derived,VAL,P2_C3_VAL,58,P2_VAL_C3_20260827_091522_058,IMG_003959,VAL,,,,2026-08-27T01:29:57.528300+00:00,2026-08-27T01:30:12.930842+00:00,15.402542,15.348214149475098,15.338724279,13.99948279,0.142942404,0.39068994,0.009489870475098527,0.9126888609091479,0.009319054270745327,0.0254708235765661,598,46,True,stop,200,685bb9724b1faa96298c1e6cf8139774d82afbc9d2f30cdd154fbe5cb776951e,872e7210a216c9d496b7930f0b9cf4cef059012ab7c9c4aea23138f3dc8086fe,historical_omitted,c5a16d8f66e68e54d9eac3959bcfa04972eb2bb6439e14920befb9ad075626b2,/home/yanbo/net_vlm_person_fallen_v2_optimization/05_p2_hard_negative_semantic_optimization/06_val/processed_448x336/IMG_003959.jpg,15209,True,unavailable,unavailable,unavailable,unavailable,unavailable
historical_raw_derived,VAL,P2_C3_VAL,59,P2_VAL_C3_20260827_091522_059,IMG_003960,VAL,,,,2026-08-27T01:30:12.932497+00:00,2026-08-27T01:30:28.199163+00:00,15.266666,15.209483861923218,15.200540601,13.824958869,0.163430194,0.418883284,0.008943260923217622,0.9095044203947914,0.010751604057374669,0.027557130696551864,598,48,True,stop,200,685bb9724b1faa96298c1e6cf8139774d82afbc9d2f30cdd154fbe5cb776951e,872e7210a216c9d496b7930f0b9cf4cef059012ab7c9c4aea23138f3dc8086fe,historical_omitted,52f50e02c7fb5442b2cb713f7d7949a3d9c3b99c94801770fd23caf83c5fb3c7,/home/yanbo/net_vlm_person_fallen_v2_optimization/05_p2_hard_negative_semantic_optimization/06_val/processed_448x336/IMG_003960.jpg,17157,True,unavailable,unavailable,unavailable,unavailable,unavailable
historical_raw_derived,VAL,P2_C3_VAL,60,P2_VAL_C3_20260827_091522_060,IMG_003961,VAL,,,,2026-08-27T01:30:28.200298+00:00,2026-08-27T01:30:43.608620+00:00,15.408322,15.351912498474121,15.343489336,14.076193169,0.152417444,0.391635695,0.008423162474121781,0.9174049566400403,0.009933688528227229,0.025524552233442504,598,45,True,stop,200,685bb9724b1faa96298c1e6cf8139774d82afbc9d2f30cdd154fbe5cb776951e,872e7210a216c9d496b7930f0b9cf4cef059012ab7c9c4aea23138f3dc8086fe,historical_omitted,cc16082b0347ea0a78146dc2ee0b1957b0121913b788c67a76f73498a5b1d5d6,/home/yanbo/net_vlm_person_fallen_v2_optimization/05_p2_hard_negative_semantic_optimization/06_val/processed_448x336/IMG_003961.jpg,16593,True,unavailable,unavailable,unavailable,unavailable,unavailable
historical_raw_derived,VAL,P2_C3_VAL,61,P2_VAL_C3_20260827_091522_061,IMG_004102,VAL,,,,2026-08-27T01:30:43.609894+00:00,2026-08-27T01:30:59.227752+00:00,15.617858,15.56141471862793,15.554124432,14.240624342,0.141873757,0.432355267,0.007290286627929632,0.9155529393028582,0.009121294973577462,0.027796824494376655,598,50,True,stop,200,685bb9724b1faa96298c1e6cf8139774d82afbc9d2f30cdd154fbe5cb776951e,872e7210a216c9d496b7930f0b9cf4cef059012ab7c9c4aea23138f3dc8086fe,historical_omitted,c52e27d28166379f0bf4e7014d269248cc2878c8b7666f6623a1d37a0020d1cc,/home/yanbo/net_vlm_person_fallen_v2_optimization/05_p2_hard_negative_semantic_optimization/06_val/processed_448x336/IMG_004102.jpg,21607,True,unavailable,unavailable,unavailable,unavailable,unavailable
historical_raw_derived,VAL,P2_C3_VAL,62,P2_VAL_C3_20260827_091522_062,IMG_004103,VAL,,,,2026-08-27T01:30:59.228727+00:00,2026-08-27T01:31:14.983025+00:00,15.754298,15.699459075927734,15.692502955,14.281850439,0.131813697,0.472241242,0.006956120927734233,0.9101065954841491,0.008399787935550528,0.03009343017835997,598,54,True,stop,200,685bb9724b1faa96298c1e6cf8139774d82afbc9d2f30cdd154fbe5cb776951e,872e7210a216c9d496b7930f0b9cf4cef059012ab7c9c4aea23138f3dc8086fe,historical_omitted,25860012ebf9600a4fdee82d33b2ac5b3d7d0e4ab8e7da58bf18b9a7dc1f163f,/home/yanbo/net_vlm_person_fallen_v2_optimization/05_p2_hard_negative_semantic_optimization/06_val/processed_448x336/IMG_004103.jpg,19784,True,unavailable,unavailable,unavailable,unavailable,unavailable
historical_raw_derived,VAL,P2_C3_VAL,63,P2_VAL_C3_20260827_091522_063,IMG_004104,VAL,,,,2026-08-27T01:31:14.984148+00:00,2026-08-27T01:31:29.683999+00:00,14.699851,14.64695405960083,14.638663019,13.383533404,0.139823497,0.419744119,0.008291040600829191,0.9142592726281814,0.009551657608247317,0.02867366496893879,598,48,True,stop,200,685bb9724b1faa96298c1e6cf8139774d82afbc9d2f30cdd154fbe5cb776951e,872e7210a216c9d496b7930f0b9cf4cef059012ab7c9c4aea23138f3dc8086fe,historical_omitted,771b0ace516d4c2c30fc25a7af11f23ad483de9c257c18411115d2977c1ae5b2,/home/yanbo/net_vlm_person_fallen_v2_optimization/05_p2_hard_negative_semantic_optimization/06_val/processed_448x336/IMG_004104.jpg,10758,True,unavailable,unavailable,unavailable,unavailable,unavailable
historical_raw_derived,VAL,P2_C3_VAL,64,P2_VAL_C3_20260827_091522_064,IMG_004105,VAL,,,,2026-08-27T01:31:29.685350+00:00,2026-08-27T01:31:45.332835+00:00,15.647485,15.589924812316895,15.582114368,14.111810347,0.140093072,0.457015767,0.007810444316895371,0.905641558887575,0.008990633022672473,0.02932950921850146,598,52,True,stop,200,685bb9724b1faa96298c1e6cf8139774d82afbc9d2f30cdd154fbe5cb776951e,872e7210a216c9d496b7930f0b9cf4cef059012ab7c9c4aea23138f3dc8086fe,historical_omitted,e45842d8c9a5a6acaefd80a5cae41a9e188428ec65dd44a47945bd1fce7147e6,/home/yanbo/net_vlm_person_fallen_v2_optimization/05_p2_hard_negative_semantic_optimization/06_val/processed_448x336/IMG_004105.jpg,17547,True,unavailable,unavailable,unavailable,unavailable,unavailable
probe,DEV,P2L_A_ATTEMPT_001,1,P2L_A_20260827_102551_001,IMG_003745,DEV,hard_negative,pf_v2_aigc_h05-squatting,pf_v2_aigc_h05-squatting,2026-08-27T02:25:51.465091+00:00,2026-08-27T02:25:58.595237+00:00,7.130146,7.073627,7.066978794,5.839109138,0.125953676,0.430625713,0.006648206000000378,0.8262525342452585,0.017822846179606066,0.06093490946450971,598,51,True,stop,200,685bb9724b1faa96298c1e6cf8139774d82afbc9d2f30cdd154fbe5cb776951e,872e7210a216c9d496b7930f0b9cf4cef059012ab7c9c4aea23138f3dc8086fe,omitted,ea21f40aae14122b6aad0d2b26e191b6a5831ee2cfd5243299715cfeceda9682,/home/yanbo/下载/batches/batch_person-fallen-v2-camera1p5m/final/344_h05-squatting-04.png,13570,True,unavailable,unavailable,unavailable,unavailable,unavailable
probe,DEV,P2L_A,1,P2L_A_20260827_103803_001,IMG_003745,DEV,hard_negative,pf_v2_aigc_h05-squatting,pf_v2_aigc_h05-squatting,2026-08-27T02:38:04.117191+00:00,2026-08-27T02:38:12.485295+00:00,8.368104,8.285873,8.280188171,6.985410339,0.135522362,0.44255028,0.00568482899999978,0.8436294193730105,0.016367063066832808,0.05344688681713294,598,51,True,stop,200,685bb9724b1faa96298c1e6cf8139774d82afbc9d2f30cdd154fbe5cb776951e,872e7210a216c9d496b7930f0b9cf4cef059012ab7c9c4aea23138f3dc8086fe,omitted,ea21f40aae14122b6aad0d2b26e191b6a5831ee2cfd5243299715cfeceda9682,/home/yanbo/下载/batches/batch_person-fallen-v2-camera1p5m/final/344_h05-squatting-04.png,13570,True,unavailable,unavailable,unavailable,unavailable,unavailable
