scope,component,count,mean,median,p50,p90,p95,max
HISTORICAL_SCREEN,client,120,1.5936374922593435,1.580912470817566,1.580912470817566,1.74936044216156,1.8146114349365234,1.992321491241455
HISTORICAL_SCREEN,total,120,1.5854916398583334,1.5728406769999999,1.5728406769999999,1.7414782861,1.80616850635,1.983871098
HISTORICAL_SCREEN,load,120,0.45593665124166666,0.4595179035,0.4595179035,0.488110863,0.50548487375,0.520834357
HISTORICAL_SCREEN,prompt_eval,120,0.122913798675,0.120626254,0.120626254,0.1348102542,0.1423305558,0.160799673
HISTORICAL_SCREEN,eval,120,0.4853633468333333,0.465114041,0.465114041,0.5939261178,0.6406299388999999,0.813112733
HISTORICAL_SCREEN,client_overhead,120,0.008145852401010128,0.007994000849487315,0.007994000849487315,0.008712948550671373,0.009256401923205548,0.01863017368103037
HISTORICAL_SCREEN,load_ratio,120,0.2887208180572846,0.2888219730400049,0.2888219730400049,0.3178993577472893,0.32285431119341595,0.3493021467441146
HISTORICAL_SCREEN,prompt_eval_ratio,120,0.07788078462870883,0.07697114938358611,0.07697114938358611,0.08737654603405683,0.08973598131835117,0.1043455337993905
HISTORICAL_SCREEN,eval_ratio,120,0.3041010234784366,0.2957500245350819,0.2957500245350819,0.3476431480081638,0.3740457343671612,0.4165447195272113
HISTORICAL_VAL,client,100,10.385933508872986,14.682363271713257,14.682363271713257,15.81425304412842,18.144259083271027,21.15741229057312
HISTORICAL_VAL,total,100,10.37751463788,14.6737211235,14.6737211235,15.806042764600004,18.1364866477,21.146446276
HISTORICAL_VAL,load,100,9.03009100831,13.3247002285,13.3247002285,14.2992463753,16.756086834199998,19.819996634
HISTORICAL_VAL,prompt_eval,100,0.14228249416,0.140699022,0.140699022,0.16013801960000001,0.16767448705000002,0.187441342
HISTORICAL_VAL,eval,100,0.52579053625,0.493393449,0.493393449,0.6733007731,0.7448425519999999,0.864074922
HISTORICAL_VAL,client_overhead,100,0.00841887099298586,0.008321858170410201,0.008321858170410201,0.009683388879345634,0.009963560501764423,0.02144025375036618
HISTORICAL_VAL,load_ratio,100,0.675362743131486,0.8953876078435035,0.8953876078435035,0.9157381410365765,0.9233838165772146,0.9383569690314819
HISTORICAL_VAL,prompt_eval_ratio,100,0.03548448347511953,0.01047983627074637,0.01047983627074637,0.08343266903480506,0.08698666908743417,0.09476947248387341
HISTORICAL_VAL,eval_ratio,100,0.13631099354554155,0.043350306616454726,0.043350306616454726,0.3272062104833061,0.33892324133118973,0.4351352434072896
P2L_A,client,24,1.7012608333333334,1.418261,1.418261,1.4714084,1.5182995,8.285873
P2L_A,total,24,1.6935315640833333,1.4114151965000001,1.4114151965000001,1.4622147961,1.5111172043999999,8.280188171
P2L_A,load,24,0.7393042869583334,0.4731325535,0.4731325535,0.4992110295,0.50324730195,6.985410339
P2L_A,prompt_eval,24,0.043897200708333334,0.036959622,0.036959622,0.0550335145,0.056823246699999996,0.135522362
P2L_A,eval,24,0.43950530433333335,0.4406488645,0.4406488645,0.4437470185,0.45021365425,0.454358963
P2L_A,client_overhead,24,0.007729269249999994,0.007125417499999953,0.007125417499999953,0.008126109300000128,0.008581136750000107,0.021291921999999852
P2L_A,load_ratio,24,0.35372029929321125,0.3357561899768632,0.3357561899768632,0.3506033324584715,0.3534145115960777,0.8436294193730105
P2L_A,prompt_eval_ratio,24,0.027868538736884604,0.026664836179715525,0.026664836179715525,0.03660253953399868,0.03919221912682431,0.039943053488804135
P2L_A,eval_ratio,24,0.30169660735466414,0.31094395235227135,0.31094395235227135,0.3218315317350971,0.3242905686730983,0.33134466829721043
P2L_B,client,24,1.3972517083333333,1.3966615,1.3966615,1.4379847000000001,1.4403333999999999,1.447384
P2L_B,total,24,1.3900298891666667,1.390040952,1.390040952,1.4309372129,1.43313132105,1.439994188
P2L_B,load,24,0.46303780083333335,0.466865331,0.466865331,0.4902717107,0.49878309569999996,0.508403137
P2L_B,prompt_eval,24,0.04079471004166667,0.0368947575,0.0368947575,0.0528459806,0.053363136049999996,0.055482554
P2L_B,eval,24,0.43871884341666667,0.437947574,0.437947574,0.4469435547,0.44771869485,0.4502001
P2L_B,client_overhead,24,0.007221819166666671,0.0072632929999999485,0.0072632929999999485,0.007593784899999978,0.007848246300000016,0.008101761999999901
P2L_B,load_ratio,24,0.3330120858055711,0.3384579824346292,0.3384579824346292,0.34891515599211576,0.35283469377563753,0.3554831767341595
P2L_B,prompt_eval_ratio,24,0.029329015737734516,0.02683472556281847,0.02683472556281847,0.03701490147656608,0.03856596994563126,0.03932546864276443
P2L_B,eval_ratio,24,0.31573830709874495,0.31807104612940185,0.31807104612940185,0.3234435450078094,0.3243563172689918,0.3268389746888074
P2L_C,client,16,1.67264575,1.7178955,1.7178955,1.797357,1.82652225,1.910301
P2L_C,total,16,1.665158895875,1.7102881805,1.7102881805,1.789690629,1.8189605690000001,1.902706781
P2L_C,load,16,0.4683775918125,0.453338545,0.453338545,0.5138527235,0.53035083675,0.554933283
P2L_C,prompt_eval,16,0.132637711625,0.131056877,0.131056877,0.14098039699999998,0.14484289025,0.154302851
P2L_C,eval,16,0.5248584215625,0.5296359319999999,0.5296359319999999,0.6382806005,0.6599357645,0.719612717
P2L_C,client_overhead,16,0.0074868541250000115,0.007572526999999996,0.007572526999999996,0.00800152250000008,0.008169448000000135,0.008625085000000032
P2L_C,load_ratio,16,0.28234827421216296,0.28710328112225486,0.28710328112225486,0.3104218746202312,0.31286130461192235,0.3174420962725324
P2L_C,prompt_eval_ratio,16,0.0802436844721995,0.07867553583668843,0.07867553583668843,0.09016215023423421,0.09281982582448857,0.09904829614360311
P2L_C,eval_ratio,16,0.3132962517378437,0.3111034909189102,0.3111034909189102,0.3621136356064718,0.3692974933992625,0.3782047366340888
P2L_A_ATTEMPT_001,client,1,7.073627,7.073627,7.073627,7.073627,7.073627,7.073627
P2L_A_ATTEMPT_001,total,1,7.066978794,7.066978794,7.066978794,7.066978794,7.066978794,7.066978794
P2L_A_ATTEMPT_001,load,1,5.839109138,5.839109138,5.839109138,5.839109138,5.839109138,5.839109138
P2L_A_ATTEMPT_001,prompt_eval,1,0.125953676,0.125953676,0.125953676,0.125953676,0.125953676,0.125953676
P2L_A_ATTEMPT_001,eval,1,0.430625713,0.430625713,0.430625713,0.430625713,0.430625713,0.430625713
P2L_A_ATTEMPT_001,client_overhead,1,0.006648206000000378,0.006648206000000378,0.006648206000000378,0.006648206000000378,0.006648206000000378,0.006648206000000378
P2L_A_ATTEMPT_001,load_ratio,1,0.8262525342452585,0.8262525342452585,0.8262525342452585,0.8262525342452585,0.8262525342452585,0.8262525342452585
P2L_A_ATTEMPT_001,prompt_eval_ratio,1,0.017822846179606066,0.017822846179606066,0.017822846179606066,0.017822846179606066,0.017822846179606066,0.017822846179606066
P2L_A_ATTEMPT_001,eval_ratio,1,0.06093490946450971,0.06093490946450971,0.06093490946450971,0.06093490946450971,0.06093490946450971,0.06093490946450971
CURRENT_C3_WARM_A_LOW_PLUS_C,client,39,1.5206851025641026,1.450764,1.450764,1.7641564,1.7963658,1.910301
CURRENT_C3_WARM_A_LOW_PLUS_C,total,39,1.5130028641282052,1.43953193,1.43953193,1.7557647943999999,1.7886070002,1.902706781
CURRENT_C3_WARM_A_LOW_PLUS_C,load,39,0.46799830812820514,0.462902981,0.462902981,0.5038217468,0.5072095518999999,0.554933283
CURRENT_C3_WARM_A_LOW_PLUS_C,prompt_eval,39,0.07795420105128205,0.048453196,0.048453196,0.1342247698,0.1404130586,0.154302851
CURRENT_C3_WARM_A_LOW_PLUS_C,eval,39,0.4744438915128205,0.442066339,0.442066339,0.6033980258,0.6368703233,0.719612717
CURRENT_C3_WARM_A_LOW_PLUS_C,client_overhead,39,0.007682238435897443,0.007231639999999873,0.007231639999999873,0.00806351760000017,0.008626581200000039,0.021291921999999852
CURRENT_C3_WARM_A_LOW_PLUS_C,load_ratio,39,0.3118776961809915,0.3173499856773569,0.3173499856773569,0.34057954602342033,0.3462043084077841,0.35352245285118283
CURRENT_C3_WARM_A_LOW_PLUS_C,prompt_eval_ratio,39,0.04965068764547666,0.03442472242338812,0.03442472242338812,0.08555785388387599,0.08969693518046128,0.09904829614360311
CURRENT_C3_WARM_A_LOW_PLUS_C,eval_ratio,39,0.3128208132692386,0.31101059580768947,0.31101059580768947,0.34330156045075005,0.3587418142348597,0.3782047366340888
