request_id,media_id,split,event_label,sample_role,scenario_id,group_id,image_sha256,predicted_status,predicted_binary_alert,evidence,response_nonempty,thinking_present,http_ok,json_ok,schema_ok,canonical_ok,attempt_count,latency_seconds,done_reason,eval_count,is_correct,error_type
canary-0007-IMG_003702,IMG_003702,DEV,0,hard_negative,pf_v2_aigc_h01-sitting-on-floor,pf_v2_aigc_h01-sitting-on-floor,5f82ee8030a64dfae05bb4583c289b09c8ebc33280dc2f6e4a53a10bbb60b2fc,negative,false,"The person is sitting on the floor with legs extended, maintaining a seated posture, not lying or collapsed.",true,false,true,true,true,true,1,1.425231,stop,42,true,
dev-0112-IMG_003703,IMG_003703,DEV,0,hard_negative,pf_v2_aigc_h01-sitting-on-floor,pf_v2_aigc_h01-sitting-on-floor,5e18806b0d663d3a7b16e0bf3564749c245323f6fc828cd80add4c68d279c87f,negative,false,"person is sitting on the floor with legs bent and torso upright, maintaining a seated posture, not lying or collapsed.",true,false,true,true,true,true,1,1.535046,stop,44,true,
dev-0113-IMG_003704,IMG_003704,DEV,0,hard_negative,pf_v2_aigc_h01-sitting-on-floor,pf_v2_aigc_h01-sitting-on-floor,27d688b997b3048bf57efd35520fa34bd3adccda66575f1ddb0bcc298629ce4b,positive,true,person is curled up on the floor in a collapsed/lying state with substantial body supported by the ground,true,false,true,true,true,true,1,1.454219,stop,42,false,
dev-0114-IMG_003705,IMG_003705,DEV,0,hard_negative,pf_v2_aigc_h01-sitting-on-floor,pf_v2_aigc_h01-sitting-on-floor,4bca926036b8d0324b411c6828586467b408df92eb1db27af3b8dd25bf443e17,positive,true,"person is sitting on the floor with legs extended, supported by the floor surface, matching the definition of lying/side-lying on a non-rest support surface.",true,false,true,true,true,true,1,1.609919,stop,53,false,
dev-0115-IMG_003706,IMG_003706,DEV,0,hard_negative,pf_v2_aigc_h01-sitting-on-floor,pf_v2_aigc_h01-sitting-on-floor,2b6115e018583759cfe5df4bd1fcd315bb592af2d089c3a701da59fbbbf0e6e0,negative,false,"The person is sitting on the floor in a seated posture, not lying, prone, or collapsed.",true,false,true,true,true,true,1,1.459229,stop,41,true,
dev-0116-IMG_003707,IMG_003707,DEV,0,hard_negative,pf_v2_aigc_h01-sitting-on-floor,pf_v2_aigc_h01-sitting-on-floor,73bc09ee9ef0fd6bbb582bbe0db98cd4469f12a8834626f5fa2cc0b71ba6acbd,negative,false,"The person in the foreground is sitting on the floor with legs extended, maintaining a seated posture, not lying or collapsed. The person in the background is walking. No one is in a lying or prone state.",true,false,true,true,true,true,1,1.631460,stop,63,true,
dev-0117-IMG_003708,IMG_003708,DEV,0,hard_negative,pf_v2_aigc_h01-sitting-on-floor,pf_v2_aigc_h01-sitting-on-floor,aebf6050b3fb73755b48cad44728ca0f55ae95c078047887335bcfcc57776c47,negative,false,"The person is sitting on the floor in a seated posture, not lying down or collapsed.",true,false,true,true,true,true,1,1.532257,stop,39,true,
dev-0118-IMG_003709,IMG_003709,DEV,0,hard_negative,pf_v2_aigc_h01-sitting-on-floor,pf_v2_aigc_h01-sitting-on-floor,d9f51b8ff2d02493d7ecd7d16b28d4480d32456bbd87bf21b040cc6b3d4eeb33,positive,true,"A person is visible sitting on the floor in a parking garage, with legs extended and torso upright, supported by the ground surface.",true,false,true,true,true,true,1,1.492882,stop,47,false,
dev-0119-IMG_003710,IMG_003710,DEV,0,hard_negative,pf_v2_aigc_h01-sitting-on-floor,pf_v2_aigc_h01-sitting-on-floor,b18857cefb35aee71924a5cca2bd68a70cb29e28e5ec82e53e447f3301f1da13,positive,true,"person is sitting on the ground with legs extended and torso upright, supported by the floor surface, matching the definition of 'sitting on the ground while clearly maintaining a seated posture' under NEGATIVE criteria.",true,false,true,true,true,true,1,1.662257,stop,62,false,
dev-0121-IMG_003711,IMG_003711,DEV,0,hard_negative,pf_v2_aigc_h01-sitting-on-floor,pf_v2_aigc_h01-sitting-on-floor,5785e793610f7f7677b6c4d9b947c828a4e56e2d327d06adba47f377dfb5dc43,negative,false,"The person is sitting on the floor in a seated posture, not lying down or collapsed.",true,false,true,true,true,true,1,1.524588,stop,39,true,
dev-0166-IMG_003752,IMG_003752,DEV,0,hard_negative,pf_v2_aigc_h06-squatting,pf_v2_aigc_h06-squatting,9d51842db456f20284d6d821eea6fc180cf491666bb736d8adecd47b93d88344,negative,false,"The person is kneeling on the floor, not lying down or horizontally collapsed.",true,false,true,true,true,true,1,1.392571,stop,36,true,
dev-0167-IMG_003753,IMG_003753,DEV,0,hard_negative,pf_v2_aigc_h06-squatting,pf_v2_aigc_h06-squatting,21e39b5f62d3e42f57b1f4a6eb3d6e2de4b48a193a7508edd3dc2914c62b7452,negative,false,"The person is kneeling or squatting on the floor, not lying down or horizontally collapsed.",true,false,true,true,true,true,1,1.416031,stop,39,true,
dev-0168-IMG_003754,IMG_003754,DEV,0,hard_negative,pf_v2_aigc_h06-squatting,pf_v2_aigc_h06-squatting,4db498f7d89028b884b3ad72b466542296ceea8b6434cec90c51d30a21bdcd22,negative,false,"The person is squatting or kneeling on the floor, not lying down or horizontally collapsed.",true,false,true,true,true,true,1,1.413360,stop,39,true,
dev-0169-IMG_003755,IMG_003755,DEV,0,hard_negative,pf_v2_aigc_h06-squatting,pf_v2_aigc_h06-squatting,5f443d6393dbe2f28eb5fa6a524207ee05b4d6e0649b8ef7fb3096a7391d9ee3,negative,false,"The person is in a squatting or kneeling posture, bending over to interact with objects on the floor. This is an active, upright posture, not a lying or collapsed state.",true,false,true,true,true,true,1,1.664629,stop,57,true,
dev-0170-IMG_003756,IMG_003756,DEV,0,hard_negative,pf_v2_aigc_h06-squatting,pf_v2_aigc_h06-squatting,0677f623922ae8c0833c4608b442c97f115863391363ec031746984b2a1f7bcc,negative,false,"The person is kneeling or squatting on the floor, not lying down or horizontally collapsed.",true,false,true,true,true,true,1,1.460397,stop,39,true,
dev-0171-IMG_003757,IMG_003757,DEV,0,hard_negative,pf_v2_aigc_h06-squatting,pf_v2_aigc_h06-squatting,0701ddbdd49380437869cac2251251f3aa0b305fca47da6de7c2fa171e582854,negative,false,"The person is squatting on the floor, not lying down or collapsed.",true,false,true,true,true,true,1,1.411193,stop,36,true,
dev-0172-IMG_003758,IMG_003758,DEV,0,hard_negative,pf_v2_aigc_h06-squatting,pf_v2_aigc_h06-squatting,02d0518049b36e6c2705a4571f7092c9c48fd6f79e4979e7771788eb9107f992,negative,false,"The person is squatting on the floor, not lying down or in a collapsed state.",true,false,true,true,true,true,1,1.440871,stop,39,true,
dev-0173-IMG_003759,IMG_003759,DEV,0,hard_negative,pf_v2_aigc_h06-squatting,pf_v2_aigc_h06-squatting,30bae33ef6a87738d1ee9d7d6ce2d42944cd954b3f4062fd6de26355e168188b,positive,true,"A person is clearly lying prone on the floor in a collapsed/lying state, supported by the ground surface.",true,false,true,true,true,true,1,1.478025,stop,43,false,
dev-0174-IMG_003760,IMG_003760,DEV,0,hard_negative,pf_v2_aigc_h06-squatting,pf_v2_aigc_h06-squatting,549d55d23c0e591fd1d4500c7b2ead5eb5f4f6657d9d5bad963feac31c5a9b2f,negative,false,"The person is kneeling on the ground, not lying down or collapsed.",true,false,true,true,true,true,1,1.400534,stop,35,true,
dev-0176-IMG_003761,IMG_003761,DEV,0,hard_negative,pf_v2_aigc_h06-squatting,pf_v2_aigc_h06-squatting,e94ff2a0fe9a16ac49da733e32db3d60fa436f385d1fcb0188577a76ff65c6ac,negative,false,"The person is kneeling on the floor, not lying down or collapsed.",true,false,true,true,true,true,1,1.422826,stop,35,true,
dev-0210-IMG_003792,IMG_003792,DEV,0,hard_negative,pf_v2_aigc_h10-exercise-push-up-plank,pf_v2_aigc_h10-exercise-push-up-plank,89f0c6b751a3fc4538d934f18cbf75abc3b6719bcade4b0b531c203e44d721c3,positive,true,"A person is lying face-down on the industrial floor with their body supported by the ground, matching the definition of intentionally lying on the ground.",true,false,true,true,true,true,1,1.488811,stop,49,false,
dev-0211-IMG_003793,IMG_003793,DEV,0,hard_negative,pf_v2_aigc_h10-exercise-push-up-plank,pf_v2_aigc_h10-exercise-push-up-plank,3e4d7e5fe90a8a30bf63a219aa6473320f0776546f99aee49410053e6c32e758,positive,true,person is lying face-down on the floor in a prone position with body supported by the ground,true,false,true,true,true,true,1,1.423946,stop,40,false,
dev-0212-IMG_003794,IMG_003794,DEV,0,hard_negative,pf_v2_aigc_h10-exercise-push-up-plank,pf_v2_aigc_h10-exercise-push-up-plank,5fde9a687c2d7bab3e19ccc3071680f7ba5a21eaa665cb144f86ab38ab1ab627,positive,true,person is lying face-down on the floor in a prone position with body supported by the ground,true,false,true,true,true,true,1,1.389919,stop,40,false,
dev-0213-IMG_003795,IMG_003795,DEV,0,hard_negative,pf_v2_aigc_h10-exercise-push-up-plank,pf_v2_aigc_h10-exercise-push-up-plank,703e735086d99182053612c80c9c6ea191cce537dfeb1d2c61626e6efb394b1b,positive,true,A person is clearly lying face-down on a mat on the floor in a horizontal collapsed state.,true,false,true,true,true,true,1,1.356649,stop,40,false,
dev-0214-IMG_003796,IMG_003796,DEV,0,hard_negative,pf_v2_aigc_h10-exercise-push-up-plank,pf_v2_aigc_h10-exercise-push-up-plank,57174e902bab4a4d1477fdb6ec7ffa0c7a7458cf89db796153745afe4ffbb19c,positive,true,person is lying face-down on the floor in a prone position with body supported by the ground,true,false,true,true,true,true,1,1.376374,stop,40,false,
dev-0215-IMG_003797,IMG_003797,DEV,0,hard_negative,pf_v2_aigc_h10-exercise-push-up-plank,pf_v2_aigc_h10-exercise-push-up-plank,b9a1657ef4ebf2367368ce7885465511ce790a08431195cf4714d84018599f74,positive,true,person is lying face-down on the floor in a prone position with substantial body weight supported by the floor.,true,false,true,true,true,true,1,1.387976,stop,42,false,
dev-0216-IMG_003798,IMG_003798,DEV,0,hard_negative,pf_v2_aigc_h10-exercise-push-up-plank,pf_v2_aigc_h10-exercise-push-up-plank,fd83f0b1328d4a65b2fd7492af0781dcc050a19361b41e7a19d46a9630fff142,positive,true,"A person is clearly lying face-down on a mat on the floor in a laboratory setting, with their body supported by the ground surface.",true,false,true,true,true,true,1,1.593558,stop,48,false,
dev-0217-IMG_003799,IMG_003799,DEV,0,hard_negative,pf_v2_aigc_h10-exercise-push-up-plank,pf_v2_aigc_h10-exercise-push-up-plank,1c9d75f4a8dfc096708c8977808fe92a4f8a9cca8ef2b3b140770ba7d4b5c60f,positive,true,person is lying face-down on the floor in a prone position with substantial body weight supported by the ground.,true,false,true,true,true,true,1,1.461278,stop,42,false,
dev-0218-IMG_003800,IMG_003800,DEV,0,hard_negative,pf_v2_aigc_h10-exercise-push-up-plank,pf_v2_aigc_h10-exercise-push-up-plank,d687192e8099815b736d2f895e63bfa75411bb0b7585600eaa1dc22edd2978d4,negative,false,"person is performing push-ups in a plank posture, which is an exercise pose and not a lying or collapsed state.",true,false,true,true,true,true,1,1.460732,stop,44,true,
dev-0220-IMG_003801,IMG_003801,DEV,0,hard_negative,pf_v2_aigc_h10-exercise-push-up-plank,pf_v2_aigc_h10-exercise-push-up-plank,4d7aa71171de2ca38a44896049251c1dbf4395c8907cb6e4cd169e9356424456,positive,true,"A person is lying face-down on a blue mat on the floor in a prone position, with their body supported by the floor surface.",true,false,true,true,true,true,1,1.362996,stop,48,false,
dev-0221-IMG_003802,IMG_003802,DEV,0,hard_negative,pf_v2_aigc_h11-crawling-under-equipment-inspection,pf_v2_aigc_h11-crawling-under-equipment-inspection,cac451940fc64ddced44b15628f08b7618922521d8da412d5deaedadf876a3a2,negative,false,"The person is kneeling on the floor, not lying down or horizontally collapsed.",true,false,true,true,true,true,1,1.406693,stop,36,true,
dev-0222-IMG_003803,IMG_003803,DEV,0,hard_negative,pf_v2_aigc_h11-crawling-under-equipment-inspection,pf_v2_aigc_h11-crawling-under-equipment-inspection,ef729088133e5ad62aad99296acd23ad386b3cdcfb2531a05fd42e3761149ea0,positive,true,"person is lying face-down on the floor with knees bent and upper body extended, supported by the industrial floor surface.",true,false,true,true,true,true,1,1.398421,stop,44,false,
dev-0223-IMG_003804,IMG_003804,DEV,0,hard_negative,pf_v2_aigc_h11-crawling-under-equipment-inspection,pf_v2_aigc_h11-crawling-under-equipment-inspection,1db53aef77ba24f7d2cd4f78fe254555ec844ac3258796d8cd88825b7d1b0f1d,positive,true,A person is clearly lying face-down on the floor in a prone position with their body supported by the ground.,true,false,true,true,true,true,1,1.434174,stop,43,false,
dev-0224-IMG_003805,IMG_003805,DEV,0,hard_negative,pf_v2_aigc_h11-crawling-under-equipment-inspection,pf_v2_aigc_h11-crawling-under-equipment-inspection,4abbcee850e7c6b0ed6e043cae4a10892e5502f0705fd8bf2bce014ee8ad9c27,negative,false,"The person is kneeling on the floor, not lying, prone, supine, side-lying, horizontally collapsed, or curled in a lying state.",true,false,true,true,true,true,1,1.506650,stop,51,true,
dev-0225-IMG_003806,IMG_003806,DEV,0,hard_negative,pf_v2_aigc_h11-crawling-under-equipment-inspection,pf_v2_aigc_h11-crawling-under-equipment-inspection,8820768b55dd9b07c8d0589459ca0a8e5ee5404ee710ad1930f0084083825031,positive,true,person is lying face-down on the floor with body supported by the ground,true,false,true,true,true,true,1,1.349741,stop,36,false,
dev-0226-IMG_003807,IMG_003807,DEV,0,hard_negative,pf_v2_aigc_h11-crawling-under-equipment-inspection,pf_v2_aigc_h11-crawling-under-equipment-inspection,4e023daecd3b5953c668f2e9da36cc495d266016b85340172fac47ecd98715b1,positive,true,"person is lying face-down on the floor with torso and legs extended, supported by the corridor floor, consistent with a prone or collapsed lying state.",true,false,true,true,true,true,1,1.496589,stop,50,false,
dev-0227-IMG_003808,IMG_003808,DEV,0,hard_negative,pf_v2_aigc_h11-crawling-under-equipment-inspection,pf_v2_aigc_h11-crawling-under-equipment-inspection,209808e39feff002661292876bd8f31539dcefb64653374cb63e4ede8437cf9e,positive,true,"A person in a white lab coat is lying face-down on the floor in a laboratory corridor, with their torso and legs clearly supported by the ground.",true,false,true,true,true,true,1,1.458849,stop,51,false,
dev-0228-IMG_003809,IMG_003809,DEV,0,hard_negative,pf_v2_aigc_h11-crawling-under-equipment-inspection,pf_v2_aigc_h11-crawling-under-equipment-inspection,06415ce063427d056e000e1530439daae92a6f45181f587e1672d2585c20ad55,positive,true,"A person is clearly lying face-down on the floor with their torso and legs supported by the ground, matching the definition of a horizontally collapsed or lying state.",true,false,true,true,true,true,1,1.499630,stop,52,false,
dev-0229-IMG_003810,IMG_003810,DEV,0,hard_negative,pf_v2_aigc_h11-crawling-under-equipment-inspection,pf_v2_aigc_h11-crawling-under-equipment-inspection,9bdccc82d49745c8bbacebf0606e6b4383e9e62829d105a7d8a6a4128f79ebaf,positive,true,person is lying face-down on the ground with body supported by the floor surface,true,false,true,true,true,true,1,1.422347,stop,37,false,
dev-0231-IMG_003811,IMG_003811,DEV,0,hard_negative,pf_v2_aigc_h11-crawling-under-equipment-inspection,pf_v2_aigc_h11-crawling-under-equipment-inspection,d32e9013a0df3097fd0c3d9613f5fa347bbbea3c542225f88ff571cb61a42c38,positive,true,person is lying face-down on the floor with torso and legs supported by the ground,true,false,true,true,true,true,1,1.357675,stop,38,false,
canary-0006-IMG_003892,IMG_003892,DEV,0,negative,pf_v2_aigc_n02-normal-walking,pf_v2_aigc_n02-normal-walking,84620ef986b653f83fe4161a06054c03b14bfde35ca3588d66b6dcdfeb104929,negative,false,"All visible people are standing or walking upright on the industrial floor; no one is lying, prone, or horizontally collapsed.",true,false,true,true,true,true,1,1.423880,stop,45,true,
dev-0053-IMG_003893,IMG_003893,DEV,0,negative,pf_v2_aigc_n02-normal-walking,pf_v2_aigc_n02-normal-walking,2a5c2d55fe21dcfb62d6193ee70d56c16a38f892c0ca6991f871e9220a1e4114,negative,false,"two people are visible walking upright on an industrial floor; no one is lying, prone, or collapsed.",true,false,true,true,true,true,1,1.404066,stop,42,true,
dev-0054-IMG_003894,IMG_003894,DEV,0,negative,pf_v2_aigc_n02-normal-walking,pf_v2_aigc_n02-normal-walking,df7262d5f0764ffcdeac7c699684178eace0c41aa85f58c6b96a19726c2938a5,negative,false,two people are walking upright in a corridor; no one is lying or collapsed on the floor.,true,false,true,true,true,true,1,1.432167,stop,40,true,
dev-0055-IMG_003895,IMG_003895,DEV,0,negative,pf_v2_aigc_n02-normal-walking,pf_v2_aigc_n02-normal-walking,fc149aaea8829ea06f3ed12651debf67d1b41ee5405a8479d2855176ad1207f8,negative,false,"two people are visible in the hallway, both are standing and walking upright.",true,false,true,true,true,true,1,1.385495,stop,36,true,
dev-0056-IMG_003896,IMG_003896,DEV,0,negative,pf_v2_aigc_n02-normal-walking,pf_v2_aigc_n02-normal-walking,3ea5da470a7ca94ea0f92d87746573becb0e70b5d600f444a579417cca00be40,negative,false,two people are visible standing and walking in a corridor; no one is lying or collapsed on the floor.,true,false,true,true,true,true,1,1.422914,stop,42,true,
dev-0057-IMG_003897,IMG_003897,DEV,0,negative,pf_v2_aigc_n02-normal-walking,pf_v2_aigc_n02-normal-walking,5236377d0e960a946da10b1df70dee4dedb6b1ee8dfab55782303b948b178395,negative,false,two people are walking upright in a corridor; no one is lying or collapsed on the floor.,true,false,true,true,true,true,1,1.390962,stop,40,true,
dev-0058-IMG_003898,IMG_003898,DEV,0,negative,pf_v2_aigc_n02-normal-walking,pf_v2_aigc_n02-normal-walking,832f2687a61e8d82e1f5571fe27fb39531c55823e664a34cf284c8af48b2a9d0,negative,false,The person is standing and walking away from the camera in a laboratory corridor.,true,false,true,true,true,true,1,1.428341,stop,36,true,
dev-0059-IMG_003899,IMG_003899,DEV,0,negative,pf_v2_aigc_n02-normal-walking,pf_v2_aigc_n02-normal-walking,e5272b7ba0585b8642824a52f893afc42fc446c0ea9e9b7b11ed2b6eb4615835,negative,false,The person is standing and walking upright on the floor.,true,false,true,true,true,true,1,1.335764,stop,32,true,
dev-0060-IMG_003900,IMG_003900,DEV,0,negative,pf_v2_aigc_n02-normal-walking,pf_v2_aigc_n02-normal-walking,e12aa00ebca5ce986b5df9f5e39d562be46c2c28dec4a2f9fe6d3e9c9554a048,negative,false,two people are walking upright on a paved path; no one is lying or collapsed.,true,false,true,true,true,true,1,1.450722,stop,38,true,
dev-0062-IMG_003901,IMG_003901,DEV,0,negative,pf_v2_aigc_n02-normal-walking,pf_v2_aigc_n02-normal-walking,350be842f28a57c01d24f1ba08b664e57ee67df4d22eb4d566fb272af8819347,negative,false,two visible persons are standing or walking; no one is lying on the floor.,true,false,true,true,true,true,1,1.512817,stop,37,true,
dev-0063-IMG_003902,IMG_003902,DEV,0,negative,pf_v2_aigc_n03-normal-seated-on-chair-stool,pf_v2_aigc_n03-normal-seated-on-chair-stool,134dfe24ba4a545900acbfdb83b4a62b70449aaadd890b1c75651779c8f2e888,negative,false,"The person is sitting upright on a stool, maintaining a seated posture with legs extended, not lying or collapsed on the floor.",true,false,true,true,true,true,1,1.467279,stop,46,true,
dev-0064-IMG_003903,IMG_003903,DEV,0,negative,pf_v2_aigc_n03-normal-seated-on-chair-stool,pf_v2_aigc_n03-normal-seated-on-chair-stool,965a36ac17f63bff6182aea6c810412c18e5e0b5a8edd978ef54aa65f471699a,negative,false,"The person is sitting upright on a stool, maintaining a seated posture with legs extended, not lying or collapsed on the floor.",true,false,true,true,true,true,1,1.530414,stop,46,true,
dev-0065-IMG_003904,IMG_003904,DEV,0,negative,pf_v2_aigc_n03-normal-seated-on-chair-stool,pf_v2_aigc_n03-normal-seated-on-chair-stool,b0def42df09f987a7c46fd51ecb0ffb1a9d3017e809f2dcb08e60c5ec55a7c0f,negative,false,"The person is sitting upright on a chair in an office hallway, not lying or collapsed on the floor.",true,false,true,true,true,true,1,1.501313,stop,42,true,
dev-0066-IMG_003905,IMG_003905,DEV,0,negative,pf_v2_aigc_n03-normal-seated-on-chair-stool,pf_v2_aigc_n03-normal-seated-on-chair-stool,aca00613e4666301061ddffe9cd1b2f87f0ac0326ec85e74625925198bfd7117,negative,false,"The person is sitting upright on a chair, supported by the chair, not lying on the floor.",true,false,true,true,true,true,1,1.495888,stop,41,true,
dev-0067-IMG_003906,IMG_003906,DEV,0,negative,pf_v2_aigc_n03-normal-seated-on-chair-stool,pf_v2_aigc_n03-normal-seated-on-chair-stool,decbb91e43f7888ab015c46a93a6681e9ed58d0513898f92b2566cf9f62b736b,negative,false,"The person is sitting upright on a chair, maintaining a seated posture with legs extended, not lying or collapsed on the floor.",true,false,true,true,true,true,1,1.518210,stop,46,true,
dev-0068-IMG_003907,IMG_003907,DEV,0,negative,pf_v2_aigc_n03-normal-seated-on-chair-stool,pf_v2_aigc_n03-normal-seated-on-chair-stool,918bcd9792f6b32b77c3d03234683d235158ee718233c5e8848c6c07f9d3136f,negative,false,"The person is sitting upright on a wooden chair, not lying on the floor or any other support surface.",true,false,true,true,true,true,1,1.521541,stop,42,true,
dev-0069-IMG_003908,IMG_003908,DEV,0,negative,pf_v2_aigc_n03-normal-seated-on-chair-stool,pf_v2_aigc_n03-normal-seated-on-chair-stool,70840adc6065155f16f6ee3bea719f65bf73e3ef9ae255e1e6150dba45ac2f84,negative,false,"person is sitting upright on a stool, not lying or collapsed on the floor.",true,false,true,true,true,true,1,1.417689,stop,37,true,
dev-0070-IMG_003909,IMG_003909,DEV,0,negative,pf_v2_aigc_n03-normal-seated-on-chair-stool,pf_v2_aigc_n03-normal-seated-on-chair-stool,d54811000d65c588d8507882501b378d11f35a8e4bd81d24bdf06c37b63a7c9f,negative,false,"The person is sitting upright on a chair, maintaining a seated posture, not lying or collapsed on the floor.",true,false,true,true,true,true,1,1.500311,stop,43,true,
dev-0071-IMG_003910,IMG_003910,DEV,0,negative,pf_v2_aigc_n03-normal-seated-on-chair-stool,pf_v2_aigc_n03-normal-seated-on-chair-stool,321f3a35a48e0a9f07f6f244168a419b8af6fa0e74498afebb4b61b11e640241,negative,false,"The person is sitting upright on a folding chair, legs extended, clearly maintaining a seated posture on a supported surface (chair), not lying or collapsed on the ground.",true,false,true,true,true,true,1,1.584693,stop,54,true,
dev-0073-IMG_003911,IMG_003911,DEV,0,negative,pf_v2_aigc_n03-normal-seated-on-chair-stool,pf_v2_aigc_n03-normal-seated-on-chair-stool,d2415691cfd3ce59b490d558f1a3b1d4609756643ae69e8afac57b35b82a93d7,negative,false,"The person is sitting upright on a sofa, maintaining a seated posture with legs extended, not lying or collapsed on the floor.",true,false,true,true,true,true,1,1.505545,stop,46,true,
canary-0001-IMG_003982,IMG_003982,DEV,1,positive,pf_v2_aigc_p01-supine-on-floor,pf_v2_aigc_p01-supine-on-floor,3f8831314ec9403dafb006291009877fe8a2d85b9930710f92a6048b23d50c70,positive,true,A person is clearly lying supine on the industrial floor with a substantial part of the body supported by the ground.,true,false,true,true,true,true,1,6.653924,stop,44,true,
dev-0002-IMG_003983,IMG_003983,DEV,1,positive,pf_v2_aigc_p01-supine-on-floor,pf_v2_aigc_p01-supine-on-floor,0efbb9f5706f84c5382a0ba30bec46d35ed7b875072c5dbea115139e58a47d8a,positive,true,"A person is clearly lying supine on an industrial floor with arms and legs extended, fully supported by the ground.",true,false,true,true,true,true,1,1.468341,stop,44,true,
dev-0003-IMG_003984,IMG_003984,DEV,1,positive,pf_v2_aigc_p01-supine-on-floor,pf_v2_aigc_p01-supine-on-floor,00226efe88ae972b085592e830ecd461400e627e3f30514aa0bc5174fefc707d,positive,true,"A person is clearly lying horizontally on the floor in a supine position with arms and legs extended, supported by the corridor floor.",true,false,true,true,true,true,1,1.497941,stop,47,true,
dev-0004-IMG_003985,IMG_003985,DEV,1,positive,pf_v2_aigc_p01-supine-on-floor,pf_v2_aigc_p01-supine-on-floor,b2c04a5ef00e87142592beb2ab5dade093473c24353132baa4f9fa651be1a6a4,positive,true,"A person is clearly lying supine on the floor of a hospital corridor, with their body fully supported by the ground.",true,false,true,true,true,true,1,1.466028,stop,45,true,
dev-0005-IMG_003986,IMG_003986,DEV,1,positive,pf_v2_aigc_p01-supine-on-floor,pf_v2_aigc_p01-supine-on-floor,5c47f738bf7bbfe499cb85f5b8ab7601c3229c4405845c536d6e814c64dc6c79,positive,true,A person is clearly lying supine on the floor in a horizontal collapsed state with body supported by the ground.,true,false,true,true,true,true,1,1.377978,stop,43,true,
dev-0006-IMG_003987,IMG_003987,DEV,1,positive,pf_v2_aigc_p01-supine-on-floor,pf_v2_aigc_p01-supine-on-floor,9dc8c1e15e4e31d1c22d5a868a207d56530752c6902fa9c678d824ba7a6e8bb6,positive,true,"A person is clearly lying supine on the corridor floor with arms and legs extended, supported by the ground.",true,false,true,true,true,true,1,1.377588,stop,43,true,
dev-0007-IMG_003988,IMG_003988,DEV,1,positive,pf_v2_aigc_p01-supine-on-floor,pf_v2_aigc_p01-supine-on-floor,2d18f5d7a8e1fb5d146ba1167c7a02d08ea63e72f6c3dacfcce8997cd19695b2,positive,true,"A person is clearly lying supine on the industrial floor with arms and legs extended, supported by the ground.",true,false,true,true,true,true,1,1.422833,stop,43,true,
dev-0008-IMG_003989,IMG_003989,DEV,1,positive,pf_v2_aigc_p01-supine-on-floor,pf_v2_aigc_p01-supine-on-floor,abc8eeef34ef97fc9ac4511ae695e911ec950c384ff3a959cf1a05e24955588e,positive,true,"A person is clearly lying supine on the floor of a parking garage, with their body fully supported by the ground surface.",true,false,true,true,true,true,1,1.419968,stop,46,true,
dev-0009-IMG_003990,IMG_003990,DEV,1,positive,pf_v2_aigc_p01-supine-on-floor,pf_v2_aigc_p01-supine-on-floor,4791a565447bec69f60b175570fb4bdb5efc1dde5d2474f50073b03398cd012e,positive,true,A person is clearly lying supine on the road surface with a substantial part of the body supported by the ground.,true,false,true,true,true,true,1,1.472929,stop,44,true,
dev-0020-IMG_003991,IMG_003991,DEV,1,positive,pf_v2_aigc_p01-supine-on-floor,pf_v2_aigc_p01-supine-on-floor,38ce6cfd624925a391aacf8d6c267d8413b097d6ec4ded21c7df9f4bff2cfeff,positive,true,"A person is clearly lying supine on the floor with arms and legs extended, supported by the ground surface.",true,false,true,true,true,true,1,1.390115,stop,43,true,
canary-0002-IMG_003992,IMG_003992,DEV,1,positive,pf_v2_aigc_p02-supine-on-floor,pf_v2_aigc_p02-supine-on-floor,b4de656feff104baf2db6ddaddd657dbf850a940b31683a66e179b52e650ffba,positive,true,A person is clearly lying supine on the industrial floor with legs extended and arms resting by the sides.,true,false,true,true,true,true,1,1.516668,stop,42,true,
dev-0033-IMG_003993,IMG_003993,DEV,1,positive,pf_v2_aigc_p02-supine-on-floor,pf_v2_aigc_p02-supine-on-floor,9bf58dce8362de316637a40ce17ef8cf5a4a65455b6bb9bdc22a40bb860abee4,positive,true,A person is clearly lying supine on the industrial floor with a substantial part of the body supported by the ground.,true,false,true,true,true,true,1,1.514992,stop,44,true,
dev-0034-IMG_003994,IMG_003994,DEV,1,positive,pf_v2_aigc_p02-supine-on-floor,pf_v2_aigc_p02-supine-on-floor,560f13e4a70db0d94d90f60f41b9d100fbae87b7b0cd3a69bd00a4515b4dfb52,positive,true,"A person is clearly lying supine on the corridor floor with arms and legs extended, supported by the ground.",true,false,true,true,true,true,1,1.398002,stop,43,true,
dev-0035-IMG_003995,IMG_003995,DEV,1,positive,pf_v2_aigc_p02-supine-on-floor,pf_v2_aigc_p02-supine-on-floor,5d32e551633bc5f3cbccce2413e955e88ff6bb590eb8acf1a89ec25d9e39aa59,positive,true,"A person is clearly lying supine on the floor of a corridor, with legs extended and arms resting by the sides, supported entirely by the ground.",true,false,true,true,true,true,1,1.523440,stop,51,true,
dev-0036-IMG_003996,IMG_003996,DEV,1,positive,pf_v2_aigc_p02-supine-on-floor,pf_v2_aigc_p02-supine-on-floor,72e402106d3615e66ed2debf52639aef09664d5d70fdb8cc36336a6dee349d22,positive,true,A person is clearly lying supine on the floor in a horizontal collapsed state with substantial body parts supported by the ground.,true,false,true,true,true,true,1,1.491674,stop,45,true,
dev-0037-IMG_003997,IMG_003997,DEV,1,positive,pf_v2_aigc_p02-supine-on-floor,pf_v2_aigc_p02-supine-on-floor,2e9ea4788510caf75d1b8e17db7a510b0a68ad2f97d75835a51c421dc1865380,positive,true,A person is clearly lying supine on the floor in a horizontal collapsed state with a substantial part of the body supported by the corridor floor.,true,false,true,true,true,true,1,1.518424,stop,49,true,
dev-0038-IMG_003998,IMG_003998,DEV,1,positive,pf_v2_aigc_p02-supine-on-floor,pf_v2_aigc_p02-supine-on-floor,03f04df8719f4f00db8f20614cc8b2dac09a6f1fdd4e26ec246375a43cce72f9,positive,true,"A person is clearly lying supine on the floor with legs extended and arms outstretched, supported by the ground.",true,false,true,true,true,true,1,1.448797,stop,45,true,
dev-0039-IMG_003999,IMG_003999,DEV,1,positive,pf_v2_aigc_p02-supine-on-floor,pf_v2_aigc_p02-supine-on-floor,6881ae0e92af78ee265a345ee5b2601e4ce3545a239f37f0fc65e19cdbce3046,positive,true,"A person is clearly lying supine on the floor with arms and legs extended, supported by the ground surface.",true,false,true,true,true,true,1,1.481263,stop,43,true,
dev-0040-IMG_004000,IMG_004000,DEV,1,positive,pf_v2_aigc_p02-supine-on-floor,pf_v2_aigc_p02-supine-on-floor,b874a600936c52aeddb2d3a93719f0fe02937076b115354fa5d3417153f9027f,positive,true,A person is clearly lying supine on the ground/road surface.,true,false,true,true,true,true,1,1.389690,stop,35,true,
dev-0050-IMG_004001,IMG_004001,DEV,1,positive,pf_v2_aigc_p02-supine-on-floor,pf_v2_aigc_p02-supine-on-floor,5bac427ba05af7d58237cbf9d1d3606a4615caa7c3c7a8e01d301442ce4c7f63,positive,true,"A person is clearly lying supine on the floor with arms and legs extended, supported by the ground surface.",true,false,true,true,true,true,1,1.479896,stop,43,true,
canary-0004-IMG_004012,IMG_004012,DEV,1,positive,pf_v2_aigc_p04-prone-on-floor,pf_v2_aigc_p04-prone-on-floor,b0bc6b665f847380a62540bd0387a6356f273185253e134cc9d731120aee9ba7,positive,true,A person is clearly lying face-down on the industrial floor with their body supported by the ground.,true,false,true,true,true,true,1,1.363184,stop,40,true,
dev-0142-IMG_004013,IMG_004013,DEV,1,positive,pf_v2_aigc_p04-prone-on-floor,pf_v2_aigc_p04-prone-on-floor,ebdcd19a6884c77a2a854aad2cc33d145633833b0ef739e0c6b5fd302bf87dee,positive,true,"A person is clearly lying horizontally on the industrial floor with arms extended, matching the definition of a person in a lying/collapsed state.",true,false,true,true,true,true,1,1.450217,stop,48,true,
dev-0153-IMG_004014,IMG_004014,DEV,1,positive,pf_v2_aigc_p04-prone-on-floor,pf_v2_aigc_p04-prone-on-floor,a0e0ec4f94be40b43c9f805fbffbb25dc69995126cf2caaf25bdc16b8b8b5d98,positive,true,"A person is clearly lying horizontally on the floor in a supine position with arms and legs extended, supported by the corridor floor.",true,false,true,true,true,true,1,1.522152,stop,47,true,
dev-0164-IMG_004015,IMG_004015,DEV,1,positive,pf_v2_aigc_p04-prone-on-floor,pf_v2_aigc_p04-prone-on-floor,6e170627385d2e2dbdeeb95c19602073232c77b509190eb778642409cf8c0a43,positive,true,A person is clearly lying supine on the floor in a horizontal collapsed state with body supported by the corridor floor.,true,false,true,true,true,true,1,1.534367,stop,44,true,
dev-0175-IMG_004016,IMG_004016,DEV,1,positive,pf_v2_aigc_p04-prone-on-floor,pf_v2_aigc_p04-prone-on-floor,f8e866b52682ef59c44ca191aded4a9fd7248b59937cf0db5cb460fb729f06d1,positive,true,"A person is clearly lying horizontally on the floor in a prone position with arms extended, supported by the corridor floor.",true,false,true,true,true,true,1,1.490828,stop,44,true,
dev-0186-IMG_004017,IMG_004017,DEV,1,positive,pf_v2_aigc_p04-prone-on-floor,pf_v2_aigc_p04-prone-on-floor,f1b5913e989719018e6e4aaa961deeb9ff74526f6a8e219894b2361843fb3f7d,positive,true,"A person is clearly lying horizontally on the floor in a prone position with arms extended, supported by the corridor floor.",true,false,true,true,true,true,1,1.400108,stop,44,true,
dev-0197-IMG_004018,IMG_004018,DEV,1,positive,pf_v2_aigc_p04-prone-on-floor,pf_v2_aigc_p04-prone-on-floor,0e1ff5321d28285e1d16e15fa827f563e8337975bbab243c95ab0921a4a035d0,positive,true,A person is clearly lying prone on the industrial floor with a substantial part of the body supported by the ground.,true,false,true,true,true,true,1,1.407157,stop,43,true,
dev-0208-IMG_004019,IMG_004019,DEV,1,positive,pf_v2_aigc_p04-prone-on-floor,pf_v2_aigc_p04-prone-on-floor,0b287efdfc3024b27a31b7ea34b57c0bb430c8ec44d51c7e3d7ba4d1866d5a88,positive,true,"A person is clearly lying horizontally on the floor in a prone position with arms extended, supported by the ground surface.",true,false,true,true,true,true,1,1.514473,stop,44,true,
dev-0219-IMG_004020,IMG_004020,DEV,1,positive,pf_v2_aigc_p04-prone-on-floor,pf_v2_aigc_p04-prone-on-floor,d773a98449579e05400caa96f3404a34bee9c963473ba701f36540506ec3c914,positive,true,"A person is clearly lying horizontally on the road surface with arms extended, matching the definition of intentionally lying on the ground.",true,false,true,true,true,true,1,1.449378,stop,45,true,
dev-0230-IMG_004021,IMG_004021,DEV,1,positive,pf_v2_aigc_p04-prone-on-floor,pf_v2_aigc_p04-prone-on-floor,38d1d21b30b887accd43d41597b0a96be07060130854671098423feb919a1d43,positive,true,"A person is clearly lying supine on the floor with arms extended and legs straight, supported by the ground.",true,false,true,true,true,true,1,1.470255,stop,43,true,
dev-0010-IMG_004072,IMG_004072,DEV,1,positive,pf_v2_aigc_p10-partially-occluded-fallen-person,pf_v2_aigc_p10-partially-occluded-fallen-person,663731c7d5fa6323b5b1a136d1cef8a31364fd4e96752a4af1949592156d9a4a,positive,true,A person is clearly lying face-down on the floor with their body supported by the ground.,true,false,true,true,true,true,1,1.439303,stop,39,true,
dev-0302-IMG_004073,IMG_004073,DEV,1,positive,pf_v2_aigc_p10-partially-occluded-fallen-person,pf_v2_aigc_p10-partially-occluded-fallen-person,7f85564bcb6fd735166050f0605b6719600ab691613a1115ca3fe423ad1fbf60,positive,true,"A person is clearly lying horizontally on the industrial floor, supported by the ground, in a prone position.",true,false,true,true,true,true,1,1.514060,stop,42,true,
dev-0303-IMG_004074,IMG_004074,DEV,1,positive,pf_v2_aigc_p10-partially-occluded-fallen-person,pf_v2_aigc_p10-partially-occluded-fallen-person,967ed34a039e4037156c3a5aa25cb2a872e79cc7ad8cf5e588d2d12924e1d7d5,positive,true,"A person is clearly lying horizontally on the industrial floor, supported by the ground, with legs extended and torso flat.",true,false,true,true,true,true,1,1.547132,stop,44,true,
dev-0304-IMG_004075,IMG_004075,DEV,1,positive,pf_v2_aigc_p10-partially-occluded-fallen-person,pf_v2_aigc_p10-partially-occluded-fallen-person,4749ea15173ecae9b6e8419327d00422c0250884826afc7d0b550f3d1508a8ff,positive,true,"A person is clearly lying horizontally on the floor in a prone position, supported by the corridor floor.",true,false,true,true,true,true,1,1.436575,stop,41,true,
dev-0305-IMG_004076,IMG_004076,DEV,1,positive,pf_v2_aigc_p10-partially-occluded-fallen-person,pf_v2_aigc_p10-partially-occluded-fallen-person,2593e27c2a3553c972ec437b1d44c2ce43fb21de8b8a1465da02e70ccd9fb748,positive,true,"A person is clearly lying supine on the floor in a hospital corridor, with legs extended and arms outstretched, supported by the ground.",true,false,true,true,true,true,1,1.565315,stop,50,true,
dev-0306-IMG_004077,IMG_004077,DEV,1,positive,pf_v2_aigc_p10-partially-occluded-fallen-person,pf_v2_aigc_p10-partially-occluded-fallen-person,b6f296d8a7aa82b277c369a2b321956993c64ad3e6f4b3c7328294c2719d315e,positive,true,"A person is clearly lying horizontally on the floor in a prone position, supported by the ground.",true,false,true,true,true,true,1,1.497213,stop,40,true,
dev-0307-IMG_004078,IMG_004078,DEV,1,positive,pf_v2_aigc_p10-partially-occluded-fallen-person,pf_v2_aigc_p10-partially-occluded-fallen-person,bb6ced4cdb8a21b8e00a65a3918e247e8f0fd101a11fdbf5d207a3b33a48cc57,positive,true,"A person is clearly lying horizontally on the floor in a prone position with arms extended, supported by the corridor floor.",true,false,true,true,true,true,1,1.464616,stop,44,true,
dev-0308-IMG_004079,IMG_004079,DEV,1,positive,pf_v2_aigc_p10-partially-occluded-fallen-person,pf_v2_aigc_p10-partially-occluded-fallen-person,44636d1b9c57594ac54a1a4912e5cf63178ed66566510bbbf7fb5b1b1e874b88,positive,true,"A person is clearly lying supine on the industrial floor with arms and legs extended, supported by the ground.",true,false,true,true,true,true,1,1.524338,stop,43,true,
dev-0309-IMG_004080,IMG_004080,DEV,1,positive,pf_v2_aigc_p10-partially-occluded-fallen-person,pf_v2_aigc_p10-partially-occluded-fallen-person,ef5432742429ff4aa120057740cd5954ed171776f8c2317dbe744fcf296252d7,positive,true,"A person is clearly lying horizontally on the floor in a prone position, supported by the ground surface.",true,false,true,true,true,true,1,1.414972,stop,41,true,
dev-0310-IMG_004081,IMG_004081,DEV,1,positive,pf_v2_aigc_p10-partially-occluded-fallen-person,pf_v2_aigc_p10-partially-occluded-fallen-person,c1986b13f838a910c7e2958d9851f9d61140c6f9ef8011a98ce6454153f1c5e1,positive,true,"A person is clearly lying supine on the floor with legs extended and arms resting by the sides, supported by the ground surface.",true,false,true,true,true,true,1,1.636858,stop,47,true,
dev-0011-IMG_004082,IMG_004082,DEV,1,positive,pf_v2_aigc_p11-small-target-far-distance,pf_v2_aigc_p11-small-target-far-distance,f327b0dcb961def4c67f39a4c460daae976157cf6017b79d643f3fc3d55af1e6,positive,true,"A person is clearly lying supine on the industrial floor with arms and legs extended, supported by the ground.",true,false,true,true,true,true,1,1.411399,stop,43,true,
dev-0012-IMG_004083,IMG_004083,DEV,1,positive,pf_v2_aigc_p11-small-target-far-distance,pf_v2_aigc_p11-small-target-far-distance,7dd82c1193905c39dd7f736b62b0940445267a7d522c490745e1974ef0adc9a3,positive,true,"A person is clearly lying horizontally on the industrial floor with arms and legs extended, supported by the ground.",true,false,true,true,true,true,1,1.440901,stop,42,true,
dev-0013-IMG_004084,IMG_004084,DEV,1,positive,pf_v2_aigc_p11-small-target-far-distance,pf_v2_aigc_p11-small-target-far-distance,ec6a6a7279346eb6b1a4a3163a99c66b8b405ccf20e3a0e3cf33d5bfb6930720,positive,true,A person is clearly lying horizontally on the floor in a prone position with their body supported by the ground.,true,false,true,true,true,true,1,1.447007,stop,42,true,
dev-0014-IMG_004085,IMG_004085,DEV,1,positive,pf_v2_aigc_p11-small-target-far-distance,pf_v2_aigc_p11-small-target-far-distance,f26f261140525e10c003f8427e3e0bb8d614b6aa4e14ff6856dd039b13a1137d,positive,true,"A person is clearly lying prone on the floor of a corridor, with their body supported by the ground.",true,false,true,true,true,true,1,1.429551,stop,42,true,
dev-0015-IMG_004086,IMG_004086,DEV,1,positive,pf_v2_aigc_p11-small-target-far-distance,pf_v2_aigc_p11-small-target-far-distance,52728e6db03a58114bd6d0faed5cba15585186d757237594ab5c2912ca4ce2ca,positive,true,A person is clearly lying horizontally on the floor in a prone position with a substantial part of the body supported by the corridor floor.,true,false,true,true,true,true,1,1.504492,stop,47,true,
dev-0016-IMG_004087,IMG_004087,DEV,1,positive,pf_v2_aigc_p11-small-target-far-distance,pf_v2_aigc_p11-small-target-far-distance,70f969de8c82a8dc3fda0e7f36862d19da8c5cfc5d9340a33050a3da6e68b349,positive,true,A person is clearly lying horizontally on the floor in a prone position with their body supported by the ground.,true,false,true,true,true,true,1,1.408826,stop,42,true,
dev-0017-IMG_004088,IMG_004088,DEV,1,positive,pf_v2_aigc_p11-small-target-far-distance,pf_v2_aigc_p11-small-target-far-distance,d8f59162f45467f3e783a0ce414dafcbbd077df657c422332b88dea4213aded4,positive,true,A person is clearly lying supine on the industrial floor in a laboratory setting.,true,false,true,true,true,true,1,1.389299,stop,37,true,
dev-0018-IMG_004089,IMG_004089,DEV,1,positive,pf_v2_aigc_p11-small-target-far-distance,pf_v2_aigc_p11-small-target-far-distance,f35b1ba98530a2038160a370e963a0890fd4bbc846f3a97330e2a8f0b2300ef6,positive,true,"A person is clearly visible lying horizontally on the floor in a prone position, supported by the ground surface.",true,false,true,true,true,true,1,1.473679,stop,42,true,
dev-0019-IMG_004090,IMG_004090,DEV,1,positive,pf_v2_aigc_p11-small-target-far-distance,pf_v2_aigc_p11-small-target-far-distance,a845ea4ea68b331dc883ec7e9b81d613a0d71b5a12f0ff22ea26078d325592a8,positive,true,"A person is clearly lying horizontally on the paved ground surface, supported by the floor, matching the positive definition of a fallen or lying state.",true,false,true,true,true,true,1,1.476912,stop,49,true,
dev-0021-IMG_004091,IMG_004091,DEV,1,positive,pf_v2_aigc_p11-small-target-far-distance,pf_v2_aigc_p11-small-target-far-distance,efe45d0ff9a1ad063fa930140a73f54bdf564c3a9b239ebedef1217d31366066,positive,true,A person is clearly lying horizontally on the floor in a prone position with body supported by the ground.,true,false,true,true,true,true,1,1.367986,stop,41,true,
canary-0012-IMG_004192,IMG_004192,DEV,uncertain,uncertain,pf_v2_aigc_u02-unclear-support-surface-partial-body,pf_v2_aigc_u02-unclear-support-surface-partial-body,6c3308d03bfb85ef13872b4a2e7f112a79234e20a9d59946f69409fd506295cf,positive,true,"A person is visible lying horizontally on the industrial floor, with legs extended and feet resting on the ground, clearly in a prone/lying state supported by the floor.",true,false,true,true,true,true,1,1.563525,stop,54,,
dev-0251-IMG_004193,IMG_004193,DEV,uncertain,uncertain,pf_v2_aigc_u02-unclear-support-surface-partial-body,pf_v2_aigc_u02-unclear-support-surface-partial-body,ad5ccfebaccf856f079af18e0be494bdcbf9eeca99fd7deb224d08cedb4ca03b,positive,true,"A person is clearly lying horizontally on the industrial floor, supported by the ground, with legs extended and torso flat.",true,false,true,true,true,true,1,1.445262,stop,44,,
dev-0252-IMG_004194,IMG_004194,DEV,uncertain,uncertain,pf_v2_aigc_u02-unclear-support-surface-partial-body,pf_v2_aigc_u02-unclear-support-surface-partial-body,2be33ac4a9f2bbdabf6fe5f2346839997a0d26aac19d1445af42bf4d6ba16448,negative,false,"The person is kneeling or squatting on the floor, not lying down. Their body is supported by their knees and feet, not their back or side in a prone or supine position.",true,false,true,true,true,true,1,1.514198,stop,59,,
dev-0253-IMG_004195,IMG_004195,DEV,uncertain,uncertain,pf_v2_aigc_u02-unclear-support-surface-partial-body,pf_v2_aigc_u02-unclear-support-surface-partial-body,7751027a80e172832764bd0b04fd0e8a453f101fb85b0fefdf0a8d7335f4a4dc,positive,true,"A person is clearly visible lying horizontally on the floor in a prone position, with legs extended and feet visible, supported by the corridor floor.",true,false,true,true,true,true,1,1.473341,stop,49,,
dev-0254-IMG_004196,IMG_004196,DEV,uncertain,uncertain,pf_v2_aigc_u02-unclear-support-surface-partial-body,pf_v2_aigc_u02-unclear-support-surface-partial-body,dfab34c5d36c51359e3f79cfa0d9e8c2d76f6d91044c49af74b67388bbd09c84,positive,true,"A person is clearly visible lying horizontally on the floor in a prone or supine position, with legs extended and torso flat against the ground.",true,false,true,true,true,true,1,1.409977,stop,49,,
dev-0255-IMG_004197,IMG_004197,DEV,uncertain,uncertain,pf_v2_aigc_u02-unclear-support-surface-partial-body,pf_v2_aigc_u02-unclear-support-surface-partial-body,1bd363ac273eef3c3db4f9289e57c2526f110d0cdcb28c1447fd78025e427bf8,positive,true,"A person is visible lying on their side on the corridor floor, with legs extended and feet in sandals, clearly supported by the ground surface.",true,false,true,true,true,true,1,1.527397,stop,49,,
dev-0256-IMG_004198,IMG_004198,DEV,uncertain,uncertain,pf_v2_aigc_u02-unclear-support-surface-partial-body,pf_v2_aigc_u02-unclear-support-surface-partial-body,90a111dc0af4c91f31a1da651a1334fde32399b9c9752d6fe2f056c105406782,positive,true,"A person is visible lying prone on the floor in the background room, with their body supported by the ground.",true,false,true,true,true,true,1,1.396339,stop,43,,
dev-0257-IMG_004199,IMG_004199,DEV,uncertain,uncertain,pf_v2_aigc_u02-unclear-support-surface-partial-body,pf_v2_aigc_u02-unclear-support-surface-partial-body,4ec2bd96bf61c94c874b8f0039c30fd90a0b66ed0c223eedc09294be71c1cce6,positive,true,A person is clearly visible lying horizontally on the floor in the middle of the parking garage corridor.,true,false,true,true,true,true,1,1.323820,stop,40,,
dev-0258-IMG_004200,IMG_004200,DEV,uncertain,uncertain,pf_v2_aigc_u02-unclear-support-surface-partial-body,pf_v2_aigc_u02-unclear-support-surface-partial-body,de6e0304d704194197e83db7b5f6b1c3cb1eedbe7ef008c3e5f5ec9e718bd090,positive,true,"A person is clearly lying on their side on the floor, with legs extended and body supported by the ground.",true,false,true,true,true,true,1,1.368856,stop,43,,
dev-0260-IMG_004201,IMG_004201,DEV,uncertain,uncertain,pf_v2_aigc_u02-unclear-support-surface-partial-body,pf_v2_aigc_u02-unclear-support-surface-partial-body,ac6398bbca6c770708577ac616f17c5d08fa679bf6bf21e17cf6f101d9b8cb21,positive,true,"A person is clearly lying horizontally on the floor, supported by the ground surface, in a prone position.",true,false,true,true,true,true,1,1.435729,stop,42,,
